x,y,f
-30,-30,8.6491e+07
-30,-29.3939,8.63783e+07
-30,-28.7879,8.62657e+07
-30,-28.1818,8.61531e+07
-30,-27.5758,8.60406e+07
-30,-26.9697,8.59282e+07
-30,-26.3636,8.58159e+07
-30,-25.7576,8.57037e+07
-30,-25.1515,8.55915e+07
-30,-24.5455,8.54794e+07
-30,-23.9394,8.53674e+07
-30,-23.3333,8.52554e+07
-30,-22.7273,8.51435e+07
-30,-22.1212,8.50317e+07
-30,-21.5152,8.492e+07
-30,-20.9091,8.48083e+07
-30,-20.303,8.46967e+07
-30,-19.697,8.45852e+07
-30,-19.0909,8.44738e+07
-30,-18.4848,8.43624e+07
-30,-17.8788,8.42511e+07
-30,-17.2727,8.41399e+07
-30,-16.6667,8.40287e+07
-30,-16.0606,8.39177e+07
-30,-15.4545,8.38067e+07
-30,-14.8485,8.36957e+07
-30,-14.2424,8.35849e+07
-30,-13.6364,8.34741e+07
-30,-13.0303,8.33634e+07
-30,-12.4242,8.32528e+07
-30,-11.8182,8.31422e+07
-30,-11.2121,8.30317e+07
-30,-10.6061,8.29213e+07
-30,-10,8.2811e+07
-30,-9.39394,8.27007e+07
-30,-8.78788,8.25905e+07
-30,-8.18182,8.24804e+07
-30,-7.57576,8.23703e+07
-30,-6.9697,8.22604e+07
-30,-6.36364,8.21505e+07
-30,-5.75758,8.20406e+07
-30,-5.15152,8.19309e+07
-30,-4.54545,8.18212e+07
-30,-3.93939,8.17116e+07
-30,-3.33333,8.16021e+07
-30,-2.72727,8.14926e+07
-30,-2.12121,8.13832e+07
-30,-1.51515,8.12739e+07
-30,-0.909091,8.11647e+07
-30,-0.30303,8.10555e+07
-30,0.30303,8.09464e+07
-30,0.909091,8.08374e+07
-30,1.51515,8.07285e+07
-30,2.12121,8.06196e+07
-30,2.72727,8.05108e+07
-30,3.33333,8.04021e+07
-30,3.93939,8.02934e+07
-30,4.54545,8.01848e+07
-30,5.15152,8.00763e+07
-30,5.75758,7.99679e+07
-30,6.36364,7.98596e+07
-30,6.9697,7.97513e+07
-30,7.57576,7.96431e+07
-30,8.18182,7.95349e+07
-30,8.78788,7.94269e+07
-30,9.39394,7.93189e+07
-30,10,7.9211e+07
-30,10.6061,7.91031e+07
-30,11.2121,7.89954e+07
-30,11.8182,7.88877e+07
-30,12.4242,7.878e+07
-30,13.0303,7.86725e+07
-30,13.6364,7.8565e+07
-30,14.2424,7.84576e+07
-30,14.8485,7.83503e+07
-30,15.4545,7.8243e+07
-30,16.0606,7.81358e+07
-30,16.6667,7.80287e+07
-30,17.2727,7.79217e+07
-30,17.8788,7.78147e+07
-30,18.4848,7.77079e+07
-30,19.0909,7.7601e+07
-30,19.697,7.74943e+07
-30,20.303,7.73876e+07
-30,20.9091,7.7281e+07
-30,21.5152,7.71745e+07
-30,22.1212,7.70681e+07
-30,22.7273,7.69617e+07
-30,23.3333,7.68554e+07
-30,23.9394,7.67492e+07
-30,24.5455,7.6643e+07
-30,25.1515,7.65369e+07
-30,25.7576,7.64309e+07
-30,26.3636,7.6325e+07
-30,26.9697,7.62192e+07
-30,27.5758,7.61134e+07
-30,28.1818,7.60077e+07
-30,28.7879,7.5902e+07
-30,29.3939,7.57965e+07
-30,30,7.5691e+07
-29.3939,-30,7.99252e+07
-29.3939,-29.3939,7.98169e+07
-29.3939,-28.7879,7.97086e+07
-29.3939,-28.1818,7.96004e+07
-29.3939,-27.5758,7.94923e+07
-29.3939,-26.9697,7.93843e+07
-29.3939,-26.3636,7.92763e+07
-29.3939,-25.7576,7.91684e+07
-29.3939,-25.1515,7.90606e+07
-29.3939,-24.5455,7.89529e+07
-29.3939,-23.9394,7.88452e+07
-29.3939,-23.3333,7.87376e+07
-29.3939,-22.7273,7.86301e+07
-29.3939,-22.1212,7.85227e+07
-29.3939,-21.5152,7.84153e+07
-29.3939,-20.9091,7.8308e+07
-29.3939,-20.303,7.82008e+07
-29.3939,-19.697,7.80936e+07
-29.3939,-19.0909,7.79865e+07
-29.3939,-18.4848,7.78795e+07
-29.3939,-17.8788,7.77726e+07
-29.3939,-17.2727,7.76657e+07
-29.3939,-16.6667,7.75589e+07
-29.3939,-16.0606,7.74522e+07
-29.3939,-15.4545,7.73456e+07
-29.3939,-14.8485,7.7239e+07
-29.3939,-14.2424,7.71325e+07
-29.3939,-13.6364,7.70261e+07
-29.3939,-13.0303,7.69198e+07
-29.3939,-12.4242,7.68135e+07
-29.3939,-11.8182,7.67073e+07
-29.3939,-11.2121,7.66012e+07
-29.3939,-10.6061,7.64951e+07
-29.3939,-10,7.63892e+07
-29.3939,-9.39394,7.62833e+07
-29.3939,-8.78788,7.61774e+07
-29.3939,-8.18182,7.60717e+07
-29.3939,-7.57576,7.5966e+07
-29.3939,-6.9697,7.58604e+07
-29.3939,-6.36364,7.57548e+07
-29.3939,-5.75758,7.56494e+07
-29.3939,-5.15152,7.5544e+07
-29.3939,-4.54545,7.54387e+07
-29.3939,-3.93939,7.53334e+07
-29.3939,-3.33333,7.52283e+07
-29.3939,-2.72727,7.51232e+07
-29.3939,-2.12121,7.50182e+07
-29.3939,-1.51515,7.49132e+07
-29.3939,-0.909091,7.48083e+07
-29.3939,-0.30303,7.47035e+07
-29.3939,0.30303,7.45988e+07
-29.3939,0.909091,7.44941e+07
-29.3939,1.51515,7.43896e+07
-29.3939,2.12121,7.42851e+07
-29.3939,2.72727,7.41806e+07
-29.3939,3.33333,7.40763e+07
-29.3939,3.93939,7.3972e+07
-29.3939,4.54545,7.38678e+07
-29.3939,5.15152,7.37636e+07
-29.3939,5.75758,7.36596e+07
-29.3939,6.36364,7.35556e+07
-29.3939,6.9697,7.34516e+07
-29.3939,7.57576,7.33478e+07
-29.3939,8.18182,7.3244e+07
-29.3939,8.78788,7.31403e+07
-29.3939,9.39394,7.30367e+07
-29.3939,10,7.29332e+07
-29.3939,10.6061,7.28297e+07
-29.3939,11.2121,7.27263e+07
-29.3939,11.8182,7.26229e+07
-29.3939,12.4242,7.25197e+07
-29.3939,13.0303,7.24165e+07
-29.3939,13.6364,7.23134e+07
-29.3939,14.2424,7.22103e+07
-29.3939,14.8485,7.21074e+07
-29.3939,15.4545,7.20045e+07
-29.3939,16.0606,7.19017e+07
-29.3939,16.6667,7.17989e+07
-29.3939,17.2727,7.16963e+07
-29.3939,17.8788,7.15937e+07
-29.3939,18.4848,7.14911e+07
-29.3939,19.0909,7.13887e+07
-29.3939,19.697,7.12863e+07
-29.3939,20.303,7.1184e+07
-29.3939,20.9091,7.10818e+07
-29.3939,21.5152,7.09796e+07
-29.3939,22.1212,7.08775e+07
-29.3939,22.7273,7.07755e+07
-29.3939,23.3333,7.06736e+07
-29.3939,23.9394,7.05717e+07
-29.3939,24.5455,7.04699e+07
-29.3939,25.1515,7.03682e+07
-29.3939,25.7576,7.02666e+07
-29.3939,26.3636,7.0165e+07
-29.3939,26.9697,7.00635e+07
-29.3939,27.5758,6.99621e+07
-29.3939,28.1818,6.98607e+07
-29.3939,28.7879,6.97595e+07
-29.3939,29.3939,6.96583e+07
-29.3939,30,6.95571e+07
-28.7879,-30,7.37447e+07
-28.7879,-29.3939,7.36406e+07
-28.7879,-28.7879,7.35366e+07
-28.7879,-28.1818,7.34327e+07
-28.7879,-27.5758,7.33289e+07
-28.7879,-26.9697,7.32251e+07
-28.7879,-26.3636,7.31214e+07
-28.7879,-25.7576,7.30178e+07
-28.7879,-25.1515,7.29143e+07
-28.7879,-24.5455,7.28108e+07
-28.7879,-23.9394,7.27074e+07
-28.7879,-23.3333,7.26041e+07
-28.7879,-22.7273,7.25009e+07
-28.7879,-22.1212,7.23977e+07
-28.7879,-21.5152,7.22946e+07
-28.7879,-20.9091,7.21916e+07
-28.7879,-20.303,7.20886e+07
-28.7879,-19.697,7.19857e+07
-28.7879,-19.0909,7.18829e+07
-28.7879,-18.4848,7.17802e+07
-28.7879,-17.8788,7.16776e+07
-28.7879,-17.2727,7.1575e+07
-28.7879,-16.6667,7.14725e+07
-28.7879,-16.0606,7.137e+07
-28.7879,-15.4545,7.12677e+07
-28.7879,-14.8485,7.11654e+07
-28.7879,-14.2424,7.10632e+07
-28.7879,-13.6364,7.0961e+07
-28.7879,-13.0303,7.08589e+07
-28.7879,-12.4242,7.07569e+07
-28.7879,-11.8182,7.0655e+07
-28.7879,-11.2121,7.05532e+07
-28.7879,-10.6061,7.04514e+07
-28.7879,-10,7.03497e+07
-28.7879,-9.39394,7.02481e+07
-28.7879,-8.78788,7.01465e+07
-28.7879,-8.18182,7.0045e+07
-28.7879,-7.57576,6.99436e+07
-28.7879,-6.9697,6.98423e+07
-28.7879,-6.36364,6.9741e+07
-28.7879,-5.75758,6.96398e+07
-28.7879,-5.15152,6.95387e+07
-28.7879,-4.54545,6.94377e+07
-28.7879,-3.93939,6.93367e+07
-28.7879,-3.33333,6.92358e+07
-28.7879,-2.72727,6.9135e+07
-28.7879,-2.12121,6.90342e+07
-28.7879,-1.51515,6.89336e+07
-28.7879,-0.909091,6.8833e+07
-28.7879,-0.30303,6.87324e+07
-28.7879,0.30303,6.8632e+07
-28.7879,0.909091,6.85316e+07
-28.7879,1.51515,6.84313e+07
-28.7879,2.12121,6.83311e+07
-28.7879,2.72727,6.82309e+07
-28.7879,3.33333,6.81308e+07
-28.7879,3.93939,6.80308e+07
-28.7879,4.54545,6.79309e+07
-28.7879,5.15152,6.7831e+07
-28.7879,5.75758,6.77312e+07
-28.7879,6.36364,6.76315e+07
-28.7879,6.9697,6.75319e+07
-28.7879,7.57576,6.74323e+07
-28.7879,8.18182,6.73328e+07
-28.7879,8.78788,6.72334e+07
-28.7879,9.39394,6.7134e+07
-28.7879,10,6.70347e+07
-28.7879,10.6061,6.69355e+07
-28.7879,11.2121,6.68364e+07
-28.7879,11.8182,6.67373e+07
-28.7879,12.4242,6.66383e+07
-28.7879,13.0303,6.65394e+07
-28.7879,13.6364,6.64406e+07
-28.7879,14.2424,6.63418e+07
-28.7879,14.8485,6.62431e+07
-28.7879,15.4545,6.61445e+07
-28.7879,16.0606,6.6046e+07
-28.7879,16.6667,6.59475e+07
-28.7879,17.2727,6.58491e+07
-28.7879,17.8788,6.57508e+07
-28.7879,18.4848,6.56525e+07
-28.7879,19.0909,6.55544e+07
-28.7879,19.697,6.54563e+07
-28.7879,20.303,6.53582e+07
-28.7879,20.9091,6.52603e+07
-28.7879,21.5152,6.51624e+07
-28.7879,22.1212,6.50646e+07
-28.7879,22.7273,6.49669e+07
-28.7879,23.3333,6.48692e+07
-28.7879,23.9394,6.47716e+07
-28.7879,24.5455,6.46741e+07
-28.7879,25.1515,6.45766e+07
-28.7879,25.7576,6.44793e+07
-28.7879,26.3636,6.4382e+07
-28.7879,26.9697,6.42848e+07
-28.7879,27.5758,6.41876e+07
-28.7879,28.1818,6.40905e+07
-28.7879,28.7879,6.39935e+07
-28.7879,29.3939,6.38966e+07
-28.7879,30,6.37998e+07
-28.1818,-30,6.79339e+07
-28.1818,-29.3939,6.7834e+07
-28.1818,-28.7879,6.77342e+07
-28.1818,-28.1818,6.76345e+07
-28.1818,-27.5758,6.75348e+07
-28.1818,-26.9697,6.74353e+07
-28.1818,-26.3636,6.73358e+07
-28.1818,-25.7576,6.72363e+07
-28.1818,-25.1515,6.7137e+07
-28.1818,-24.5455,6.70377e+07
-28.1818,-23.9394,6.69385e+07
-28.1818,-23.3333,6.68394e+07
-28.1818,-22.7273,6.67403e+07
-28.1818,-22.1212,6.66413e+07
-28.1818,-21.5152,6.65424e+07
-28.1818,-20.9091,6.64436e+07
-28.1818,-20.303,6.63448e+07
-28.1818,-19.697,6.62461e+07
-28.1818,-19.0909,6.61475e+07
-28.1818,-18.4848,6.60489e+07
-28.1818,-17.8788,6.59505e+07
-28.1818,-17.2727,6.58521e+07
-28.1818,-16.6667,6.57537e+07
-28.1818,-16.0606,6.56555e+07
-28.1818,-15.4545,6.55573e+07
-28.1818,-14.8485,6.54592e+07
-28.1818,-14.2424,6.53612e+07
-28.1818,-13.6364,6.52632e+07
-28.1818,-13.0303,6.51653e+07
-28.1818,-12.4242,6.50675e+07
-28.1818,-11.8182,6.49698e+07
-28.1818,-11.2121,6.48721e+07
-28.1818,-10.6061,6.47745e+07
-28.1818,-10,6.4677e+07
-28.1818,-9.39394,6.45796e+07
-28.1818,-8.78788,6.44822e+07
-28.1818,-8.18182,6.43849e+07
-28.1818,-7.57576,6.42877e+07
-28.1818,-6.9697,6.41905e+07
-28.1818,-6.36364,6.40934e+07
-28.1818,-5.75758,6.39964e+07
-28.1818,-5.15152,6.38995e+07
-28.1818,-4.54545,6.38027e+07
-28.1818,-3.93939,6.37059e+07
-28.1818,-3.33333,6.36092e+07
-28.1818,-2.72727,6.35125e+07
-28.1818,-2.12121,6.3416e+07
-28.1818,-1.51515,6.33195e+07
-28.1818,-0.909091,6.32231e+07
-28.1818,-0.30303,6.31267e+07
-28.1818,0.30303,6.30305e+07
-28.1818,0.909091,6.29343e+07
-28.1818,1.51515,6.28381e+07
-28.1818,2.12121,6.27421e+07
-28.1818,2.72727,6.26461e+07
-28.1818,3.33333,6.25502e+07
-28.1818,3.93939,6.24544e+07
-28.1818,4.54545,6.23586e+07
-28.1818,5.15152,6.2263e+07
-28.1818,5.75758,6.21673e+07
-28.1818,6.36364,6.20718e+07
-28.1818,6.9697,6.19763e+07
-28.1818,7.57576,6.1881e+07
-28.1818,8.18182,6.17856e+07
-28.1818,8.78788,6.16904e+07
-28.1818,9.39394,6.15952e+07
-28.1818,10,6.15001e+07
-28.1818,10.6061,6.14051e+07
-28.1818,11.2121,6.13102e+07
-28.1818,11.8182,6.12153e+07
-28.1818,12.4242,6.11205e+07
-28.1818,13.0303,6.10258e+07
-28.1818,13.6364,6.09311e+07
-28.1818,14.2424,6.08366e+07
-28.1818,14.8485,6.0742e+07
-28.1818,15.4545,6.06476e+07
-28.1818,16.0606,6.05533e+07
-28.1818,16.6667,6.0459e+07
-28.1818,17.2727,6.03648e+07
-28.1818,17.8788,6.02706e+07
-28.1818,18.4848,6.01766e+07
-28.1818,19.0909,6.00826e+07
-28.1818,19.697,5.99887e+07
-28.1818,20.303,5.98948e+07
-28.1818,20.9091,5.9801e+07
-28.1818,21.5152,5.97073e+07
-28.1818,22.1212,5.96137e+07
-28.1818,22.7273,5.95202e+07
-28.1818,23.3333,5.94267e+07
-28.1818,23.9394,5.93333e+07
-28.1818,24.5455,5.924e+07
-28.1818,25.1515,5.91467e+07
-28.1818,25.7576,5.90535e+07
-28.1818,26.3636,5.89604e+07
-28.1818,26.9697,5.88674e+07
-28.1818,27.5758,5.87744e+07
-28.1818,28.1818,5.86815e+07
-28.1818,28.7879,5.85887e+07
-28.1818,29.3939,5.8496e+07
-28.1818,30,5.84033e+07
-27.5758,-30,6.24776e+07
-27.5758,-29.3939,6.23818e+07
-27.5758,-28.7879,6.22861e+07
-27.5758,-28.1818,6.21905e+07
-27.5758,-27.5758,6.20949e+07
-27.5758,-26.9697,6.19994e+07
-27.5758,-26.3636,6.1904e+07
-27.5758,-25.7576,6.18087e+07
-27.5758,-25.1515,6.17135e+07
-27.5758,-24.5455,6.16183e+07
-27.5758,-23.9394,6.15232e+07
-27.5758,-23.3333,6.14281e+07
-27.5758,-22.7273,6.13332e+07
-27.5758,-22.1212,6.12383e+07
-27.5758,-21.5152,6.11435e+07
-27.5758,-20.9091,6.10487e+07
-27.5758,-20.303,6.0954e+07
-27.5758,-19.697,6.08594e+07
-27.5758,-19.0909,6.07649e+07
-27.5758,-18.4848,6.06705e+07
-27.5758,-17.8788,6.05761e+07
-27.5758,-17.2727,6.04818e+07
-27.5758,-16.6667,6.03876e+07
-27.5758,-16.0606,6.02934e+07
-27.5758,-15.4545,6.01993e+07
-27.5758,-14.8485,6.01053e+07
-27.5758,-14.2424,6.00114e+07
-27.5758,-13.6364,5.99175e+07
-27.5758,-13.0303,5.98237e+07
-27.5758,-12.4242,5.973e+07
-27.5758,-11.8182,5.96364e+07
-27.5758,-11.2121,5.95428e+07
-27.5758,-10.6061,5.94493e+07
-27.5758,-10,5.93559e+07
-27.5758,-9.39394,5.92625e+07
-27.5758,-8.78788,5.91693e+07
-27.5758,-8.18182,5.90761e+07
-27.5758,-7.57576,5.89829e+07
-27.5758,-6.9697,5.88899e+07
-27.5758,-6.36364,5.87969e+07
-27.5758,-5.75758,5.8704e+07
-27.5758,-5.15152,5.86112e+07
-27.5758,-4.54545,5.85184e+07
-27.5758,-3.93939,5.84257e+07
-27.5758,-3.33333,5.83331e+07
-27.5758,-2.72727,5.82406e+07
-27.5758,-2.12121,5.81481e+07
-27.5758,-1.51515,5.80557e+07
-27.5758,-0.909091,5.79634e+07
-27.5758,-0.30303,5.78711e+07
-27.5758,0.30303,5.7779e+07
-27.5758,0.909091,5.76869e+07
-27.5758,1.51515,5.75948e+07
-27.5758,2.12121,5.75029e+07
-27.5758,2.72727,5.7411e+07
-27.5758,3.33333,5.73192e+07
-27.5758,3.93939,5.72275e+07
-27.5758,4.54545,5.71358e+07
-27.5758,5.15152,5.70442e+07
-27.5758,5.75758,5.69527e+07
-27.5758,6.36364,5.68613e+07
-27.5758,6.9697,5.67699e+07
-27.5758,7.57576,5.66786e+07
-27.5758,8.18182,5.65874e+07
-27.5758,8.78788,5.64963e+07
-27.5758,9.39394,5.64052e+07
-27.5758,10,5.63142e+07
-27.5758,10.6061,5.62233e+07
-27.5758,11.2121,5.61324e+07
-27.5758,11.8182,5.60416e+07
-27.5758,12.4242,5.59509e+07
-27.5758,13.0303,5.58603e+07
-27.5758,13.6364,5.57698e+07
-27.5758,14.2424,5.56793e+07
-27.5758,14.8485,5.55889e+07
-27.5758,15.4545,5.54985e+07
-27.5758,16.0606,5.54083e+07
-27.5758,16.6667,5.53181e+07
-27.5758,17.2727,5.5228e+07
-27.5758,17.8788,5.51379e+07
-27.5758,18.4848,5.5048e+07
-27.5758,19.0909,5.49581e+07
-27.5758,19.697,5.48682e+07
-27.5758,20.303,5.47785e+07
-27.5758,20.9091,5.46888e+07
-27.5758,21.5152,5.45992e+07
-27.5758,22.1212,5.45097e+07
-27.5758,22.7273,5.44202e+07
-27.5758,23.3333,5.43308e+07
-27.5758,23.9394,5.42415e+07
-27.5758,24.5455,5.41523e+07
-27.5758,25.1515,5.40631e+07
-27.5758,25.7576,5.39741e+07
-27.5758,26.3636,5.3885e+07
-27.5758,26.9697,5.37961e+07
-27.5758,27.5758,5.37072e+07
-27.5758,28.1818,5.36184e+07
-27.5758,28.7879,5.35297e+07
-27.5758,29.3939,5.34411e+07
-27.5758,30,5.33525e+07
-26.9697,-30,5.73609e+07
-26.9697,-29.3939,5.72691e+07
-26.9697,-28.7879,5.71774e+07
-26.9697,-28.1818,5.70858e+07
-26.9697,-27.5758,5.69943e+07
-26.9697,-26.9697,5.69028e+07
-26.9697,-26.3636,5.68114e+07
-26.9697,-25.7576,5.67201e+07
-26.9697,-25.1515,5.66288e+07
-26.9697,-24.5455,5.65376e+07
-26.9697,-23.9394,5.64465e+07
-26.9697,-23.3333,5.63555e+07
-26.9697,-22.7273,5.62646e+07
-26.9697,-22.1212,5.61737e+07
-26.9697,-21.5152,5.60829e+07
-26.9697,-20.9091,5.59921e+07
-26.9697,-20.303,5.59015e+07
-26.9697,-19.697,5.58109e+07
-26.9697,-19.0909,5.57204e+07
-26.9697,-18.4848,5.56299e+07
-26.9697,-17.8788,5.55395e+07
-26.9697,-17.2727,5.54493e+07
-26.9697,-16.6667,5.5359e+07
-26.9697,-16.0606,5.52689e+07
-26.9697,-15.4545,5.51788e+07
-26.9697,-14.8485,5.50888e+07
-26.9697,-14.2424,5.49989e+07
-26.9697,-13.6364,5.4909e+07
-26.9697,-13.0303,5.48192e+07
-26.9697,-12.4242,5.47295e+07
-26.9697,-11.8182,5.46399e+07
-26.9697,-11.2121,5.45503e+07
-26.9697,-10.6061,5.44608e+07
-26.9697,-10,5.43714e+07
-26.9697,-9.39394,5.42821e+07
-26.9697,-8.78788,5.41928e+07
-26.9697,-8.18182,5.41036e+07
-26.9697,-7.57576,5.40145e+07
-26.9697,-6.9697,5.39255e+07
-26.9697,-6.36364,5.38365e+07
-26.9697,-5.75758,5.37476e+07
-26.9697,-5.15152,5.36588e+07
-26.9697,-4.54545,5.357e+07
-26.9697,-3.93939,5.34813e+07
-26.9697,-3.33333,5.33927e+07
-26.9697,-2.72727,5.33042e+07
-26.9697,-2.12121,5.32157e+07
-26.9697,-1.51515,5.31273e+07
-26.9697,-0.909091,5.3039e+07
-26.9697,-0.30303,5.29508e+07
-26.9697,0.30303,5.28626e+07
-26.9697,0.909091,5.27745e+07
-26.9697,1.51515,5.26865e+07
-26.9697,2.12121,5.25986e+07
-26.9697,2.72727,5.25107e+07
-26.9697,3.33333,5.24229e+07
-26.9697,3.93939,5.23352e+07
-26.9697,4.54545,5.22475e+07
-26.9697,5.15152,5.21599e+07
-26.9697,5.75758,5.20724e+07
-26.9697,6.36364,5.1985e+07
-26.9697,6.9697,5.18977e+07
-26.9697,7.57576,5.18104e+07
-26.9697,8.18182,5.17232e+07
-26.9697,8.78788,5.1636e+07
-26.9697,9.39394,5.1549e+07
-26.9697,10,5.1462e+07
-26.9697,10.6061,5.13751e+07
-26.9697,11.2121,5.12882e+07
-26.9697,11.8182,5.12014e+07
-26.9697,12.4242,5.11147e+07
-26.9697,13.0303,5.10281e+07
-26.9697,13.6364,5.09416e+07
-26.9697,14.2424,5.08551e+07
-26.9697,14.8485,5.07687e+07
-26.9697,15.4545,5.06824e+07
-26.9697,16.0606,5.05961e+07
-26.9697,16.6667,5.05099e+07
-26.9697,17.2727,5.04238e+07
-26.9697,17.8788,5.03378e+07
-26.9697,18.4848,5.02518e+07
-26.9697,19.0909,5.01659e+07
-26.9697,19.697,5.00801e+07
-26.9697,20.303,4.99944e+07
-26.9697,20.9091,4.99087e+07
-26.9697,21.5152,4.98231e+07
-26.9697,22.1212,4.97376e+07
-26.9697,22.7273,4.96522e+07
-26.9697,23.3333,4.95668e+07
-26.9697,23.9394,4.94815e+07
-26.9697,24.5455,4.93963e+07
-26.9697,25.1515,4.93111e+07
-26.9697,25.7576,4.9226e+07
-26.9697,26.3636,4.9141e+07
-26.9697,26.9697,4.90561e+07
-26.9697,27.5758,4.89712e+07
-26.9697,28.1818,4.88864e+07
-26.9697,28.7879,4.88017e+07
-26.9697,29.3939,4.87171e+07
-26.9697,30,4.86325e+07
-26.3636,-30,5.25692e+07
-26.3636,-29.3939,5.24814e+07
-26.3636,-28.7879,5.23936e+07
-26.3636,-28.1818,5.23059e+07
-26.3636,-27.5758,5.22183e+07
-26.3636,-26.9697,5.21307e+07
-26.3636,-26.3636,5.20433e+07
-26.3636,-25.7576,5.19559e+07
-26.3636,-25.1515,5.18685e+07
-26.3636,-24.5455,5.17813e+07
-26.3636,-23.9394,5.16941e+07
-26.3636,-23.3333,5.1607e+07
-26.3636,-22.7273,5.15199e+07
-26.3636,-22.1212,5.1433e+07
-26.3636,-21.5152,5.13461e+07
-26.3636,-20.9091,5.12592e+07
-26.3636,-20.303,5.11725e+07
-26.3636,-19.697,5.10858e+07
-26.3636,-19.0909,5.09992e+07
-26.3636,-18.4848,5.09127e+07
-26.3636,-17.8788,5.08263e+07
-26.3636,-17.2727,5.07399e+07
-26.3636,-16.6667,5.06536e+07
-26.3636,-16.0606,5.05673e+07
-26.3636,-15.4545,5.04812e+07
-26.3636,-14.8485,5.03951e+07
-26.3636,-14.2424,5.03091e+07
-26.3636,-13.6364,5.02232e+07
-26.3636,-13.0303,5.01373e+07
-26.3636,-12.4242,5.00515e+07
-26.3636,-11.8182,4.99658e+07
-26.3636,-11.2121,4.98801e+07
-26.3636,-10.6061,4.97946e+07
-26.3636,-10,4.97091e+07
-26.3636,-9.39394,4.96237e+07
-26.3636,-8.78788,4.95383e+07
-26.3636,-8.18182,4.9453e+07
-26.3636,-7.57576,4.93678e+07
-26.3636,-6.9697,4.92827e+07
-26.3636,-6.36364,4.91976e+07
-26.3636,-5.75758,4.91127e+07
-26.3636,-5.15152,4.90277e+07
-26.3636,-4.54545,4.89429e+07
-26.3636,-3.93939,4.88582e+07
-26.3636,-3.33333,4.87735e+07
-26.3636,-2.72727,4.86888e+07
-26.3636,-2.12121,4.86043e+07
-26.3636,-1.51515,4.85198e+07
-26.3636,-0.909091,4.84354e+07
-26.3636,-0.30303,4.83511e+07
-26.3636,0.30303,4.82669e+07
-26.3636,0.909091,4.81827e+07
-26.3636,1.51515,4.80986e+07
-26.3636,2.12121,4.80146e+07
-26.3636,2.72727,4.79306e+07
-26.3636,3.33333,4.78467e+07
-26.3636,3.93939,4.77629e+07
-26.3636,4.54545,4.76792e+07
-26.3636,5.15152,4.75955e+07
-26.3636,5.75758,4.7512e+07
-26.3636,6.36364,4.74284e+07
-26.3636,6.9697,4.7345e+07
-26.3636,7.57576,4.72616e+07
-26.3636,8.18182,4.71783e+07
-26.3636,8.78788,4.70951e+07
-26.3636,9.39394,4.7012e+07
-26.3636,10,4.69289e+07
-26.3636,10.6061,4.68459e+07
-26.3636,11.2121,4.6763e+07
-26.3636,11.8182,4.66801e+07
-26.3636,12.4242,4.65974e+07
-26.3636,13.0303,4.65147e+07
-26.3636,13.6364,4.6432e+07
-26.3636,14.2424,4.63495e+07
-26.3636,14.8485,4.6267e+07
-26.3636,15.4545,4.61846e+07
-26.3636,16.0606,4.61022e+07
-26.3636,16.6667,4.602e+07
-26.3636,17.2727,4.59378e+07
-26.3636,17.8788,4.58557e+07
-26.3636,18.4848,4.57736e+07
-26.3636,19.0909,4.56916e+07
-26.3636,19.697,4.56097e+07
-26.3636,20.303,4.55279e+07
-26.3636,20.9091,4.54462e+07
-26.3636,21.5152,4.53645e+07
-26.3636,22.1212,4.52829e+07
-26.3636,22.7273,4.52014e+07
-26.3636,23.3333,4.51199e+07
-26.3636,23.9394,4.50385e+07
-26.3636,24.5455,4.49572e+07
-26.3636,25.1515,4.4876e+07
-26.3636,25.7576,4.47948e+07
-26.3636,26.3636,4.47137e+07
-26.3636,26.9697,4.46327e+07
-26.3636,27.5758,4.45518e+07
-26.3636,28.1818,4.44709e+07
-26.3636,28.7879,4.43901e+07
-26.3636,29.3939,4.43094e+07
-26.3636,30,4.42287e+07
-25.7576,-30,4.80884e+07
-25.7576,-29.3939,4.80044e+07
-25.7576,-28.7879,4.79204e+07
-25.7576,-28.1818,4.78365e+07
-25.7576,-27.5758,4.77528e+07
-25.7576,-26.9697,4.7669e+07
-25.7576,-26.3636,4.75854e+07
-25.7576,-25.7576,4.75018e+07
-25.7576,-25.1515,4.74183e+07
-25.7576,-24.5455,4.73349e+07
-25.7576,-23.9394,4.72515e+07
-25.7576,-23.3333,4.71682e+07
-25.7576,-22.7273,4.7085e+07
-25.7576,-22.1212,4.70019e+07
-25.7576,-21.5152,4.69188e+07
-25.7576,-20.9091,4.68358e+07
-25.7576,-20.303,4.67529e+07
-25.7576,-19.697,4.66701e+07
-25.7576,-19.0909,4.65873e+07
-25.7576,-18.4848,4.65046e+07
-25.7576,-17.8788,4.6422e+07
-25.7576,-17.2727,4.63394e+07
-25.7576,-16.6667,4.6257e+07
-25.7576,-16.0606,4.61746e+07
-25.7576,-15.4545,4.60922e+07
-25.7576,-14.8485,4.601e+07
-25.7576,-14.2424,4.59278e+07
-25.7576,-13.6364,4.58457e+07
-25.7576,-13.0303,4.57636e+07
-25.7576,-12.4242,4.56817e+07
-25.7576,-11.8182,4.55998e+07
-25.7576,-11.2121,4.5518e+07
-25.7576,-10.6061,4.54362e+07
-25.7576,-10,4.53546e+07
-25.7576,-9.39394,4.5273e+07
-25.7576,-8.78788,4.51915e+07
-25.7576,-8.18182,4.511e+07
-25.7576,-7.57576,4.50286e+07
-25.7576,-6.9697,4.49473e+07
-25.7576,-6.36364,4.48661e+07
-25.7576,-5.75758,4.4785e+07
-25.7576,-5.15152,4.47039e+07
-25.7576,-4.54545,4.46229e+07
-25.7576,-3.93939,4.45419e+07
-25.7576,-3.33333,4.44611e+07
-25.7576,-2.72727,4.43803e+07
-25.7576,-2.12121,4.42996e+07
-25.7576,-1.51515,4.42189e+07
-25.7576,-0.909091,4.41384e+07
-25.7576,-0.30303,4.40579e+07
-25.7576,0.30303,4.39775e+07
-25.7576,0.909091,4.38971e+07
-25.7576,1.51515,4.38168e+07
-25.7576,2.12121,4.37367e+07
-25.7576,2.72727,4.36565e+07
-25.7576,3.33333,4.35765e+07
-25.7576,3.93939,4.34965e+07
-25.7576,4.54545,4.34166e+07
-25.7576,5.15152,4.33368e+07
-25.7576,5.75758,4.3257e+07
-25.7576,6.36364,4.31773e+07
-25.7576,6.9697,4.30977e+07
-25.7576,7.57576,4.30182e+07
-25.7576,8.18182,4.29387e+07
-25.7576,8.78788,4.28593e+07
-25.7576,9.39394,4.278e+07
-25.7576,10,4.27008e+07
-25.7576,10.6061,4.26216e+07
-25.7576,11.2121,4.25425e+07
-25.7576,11.8182,4.24635e+07
-25.7576,12.4242,4.23845e+07
-25.7576,13.0303,4.23056e+07
-25.7576,13.6364,4.22268e+07
-25.7576,14.2424,4.21481e+07
-25.7576,14.8485,4.20695e+07
-25.7576,15.4545,4.19909e+07
-25.7576,16.0606,4.19124e+07
-25.7576,16.6667,4.18339e+07
-25.7576,17.2727,4.17556e+07
-25.7576,17.8788,4.16773e+07
-25.7576,18.4848,4.15991e+07
-25.7576,19.0909,4.15209e+07
-25.7576,19.697,4.14429e+07
-25.7576,20.303,4.13649e+07
-25.7576,20.9091,4.12869e+07
-25.7576,21.5152,4.12091e+07
-25.7576,22.1212,4.11313e+07
-25.7576,22.7273,4.10536e+07
-25.7576,23.3333,4.0976e+07
-25.7576,23.9394,4.08984e+07
-25.7576,24.5455,4.0821e+07
-25.7576,25.1515,4.07436e+07
-25.7576,25.7576,4.06662e+07
-25.7576,26.3636,4.0589e+07
-25.7576,26.9697,4.05118e+07
-25.7576,27.5758,4.04347e+07
-25.7576,28.1818,4.03576e+07
-25.7576,28.7879,4.02807e+07
-25.7576,29.3939,4.02038e+07
-25.7576,30,4.01269e+07
-25.1515,-30,4.39044e+07
-25.1515,-29.3939,4.38241e+07
-25.1515,-28.7879,4.37439e+07
-25.1515,-28.1818,4.36638e+07
-25.1515,-27.5758,4.35837e+07
-25.1515,-26.9697,4.35037e+07
-25.1515,-26.3636,4.34238e+07
-25.1515,-25.7576,4.3344e+07
-25.1515,-25.1515,4.32642e+07
-25.1515,-24.5455,4.31845e+07
-25.1515,-23.9394,4.31049e+07
-25.1515,-23.3333,4.30254e+07
-25.1515,-22.7273,4.29459e+07
-25.1515,-22.1212,4.28665e+07
-25.1515,-21.5152,4.27872e+07
-25.1515,-20.9091,4.27079e+07
-25.1515,-20.303,4.26288e+07
-25.1515,-19.697,4.25496e+07
-25.1515,-19.0909,4.24706e+07
-25.1515,-18.4848,4.23917e+07
-25.1515,-17.8788,4.23128e+07
-25.1515,-17.2727,4.2234e+07
-25.1515,-16.6667,4.21552e+07
-25.1515,-16.0606,4.20766e+07
-25.1515,-15.4545,4.1998e+07
-25.1515,-14.8485,4.19195e+07
-25.1515,-14.2424,4.1841e+07
-25.1515,-13.6364,4.17627e+07
-25.1515,-13.0303,4.16844e+07
-25.1515,-12.4242,4.16061e+07
-25.1515,-11.8182,4.1528e+07
-25.1515,-11.2121,4.14499e+07
-25.1515,-10.6061,4.13719e+07
-25.1515,-10,4.1294e+07
-25.1515,-9.39394,4.12161e+07
-25.1515,-8.78788,4.11384e+07
-25.1515,-8.18182,4.10607e+07
-25.1515,-7.57576,4.0983e+07
-25.1515,-6.9697,4.09055e+07
-25.1515,-6.36364,4.0828e+07
-25.1515,-5.75758,4.07506e+07
-25.1515,-5.15152,4.06732e+07
-25.1515,-4.54545,4.0596e+07
-25.1515,-3.93939,4.05188e+07
-25.1515,-3.33333,4.04416e+07
-25.1515,-2.72727,4.03646e+07
-25.1515,-2.12121,4.02876e+07
-25.1515,-1.51515,4.02107e+07
-25.1515,-0.909091,4.01339e+07
-25.1515,-0.30303,4.00571e+07
-25.1515,0.30303,3.99805e+07
-25.1515,0.909091,3.99039e+07
-25.1515,1.51515,3.98273e+07
-25.1515,2.12121,3.97509e+07
-25.1515,2.72727,3.96745e+07
-25.1515,3.33333,3.95982e+07
-25.1515,3.93939,3.95219e+07
-25.1515,4.54545,3.94458e+07
-25.1515,5.15152,3.93697e+07
-25.1515,5.75758,3.92937e+07
-25.1515,6.36364,3.92177e+07
-25.1515,6.9697,3.91419e+07
-25.1515,7.57576,3.90661e+07
-25.1515,8.18182,3.89903e+07
-25.1515,8.78788,3.89147e+07
-25.1515,9.39394,3.88391e+07
-25.1515,10,3.87636e+07
-25.1515,10.6061,3.86882e+07
-25.1515,11.2121,3.86128e+07
-25.1515,11.8182,3.85375e+07
-25.1515,12.4242,3.84623e+07
-25.1515,13.0303,3.83872e+07
-25.1515,13.6364,3.83121e+07
-25.1515,14.2424,3.82371e+07
-25.1515,14.8485,3.81622e+07
-25.1515,15.4545,3.80874e+07
-25.1515,16.0606,3.80126e+07
-25.1515,16.6667,3.79379e+07
-25.1515,17.2727,3.78633e+07
-25.1515,17.8788,3.77887e+07
-25.1515,18.4848,3.77143e+07
-25.1515,19.0909,3.76399e+07
-25.1515,19.697,3.75655e+07
-25.1515,20.303,3.74913e+07
-25.1515,20.9091,3.74171e+07
-25.1515,21.5152,3.7343e+07
-25.1515,22.1212,3.7269e+07
-25.1515,22.7273,3.7195e+07
-25.1515,23.3333,3.71211e+07
-25.1515,23.9394,3.70473e+07
-25.1515,24.5455,3.69736e+07
-25.1515,25.1515,3.68999e+07
-25.1515,25.7576,3.68263e+07
-25.1515,26.3636,3.67528e+07
-25.1515,26.9697,3.66793e+07
-25.1515,27.5758,3.6606e+07
-25.1515,28.1818,3.65327e+07
-25.1515,28.7879,3.64594e+07
-25.1515,29.3939,3.63863e+07
-25.1515,30,3.63132e+07
-24.5455,-30,4.00037e+07
-24.5455,-29.3939,3.9927e+07
-24.5455,-28.7879,3.98505e+07
-24.5455,-28.1818,3.9774e+07
-24.5455,-27.5758,3.96976e+07
-24.5455,-26.9697,3.96213e+07
-24.5455,-26.3636,3.9545e+07
-24.5455,-25.7576,3.94688e+07
-24.5455,-25.1515,3.93927e+07
-24.5455,-24.5455,3.93167e+07
-24.5455,-23.9394,3.92407e+07
-24.5455,-23.3333,3.91648e+07
-24.5455,-22.7273,3.9089e+07
-24.5455,-22.1212,3.90132e+07
-24.5455,-21.5152,3.89376e+07
-24.5455,-20.9091,3.8862e+07
-24.5455,-20.303,3.87864e+07
-24.5455,-19.697,3.8711e+07
-24.5455,-19.0909,3.86356e+07
-24.5455,-18.4848,3.85603e+07
-24.5455,-17.8788,3.84851e+07
-24.5455,-17.2727,3.84099e+07
-24.5455,-16.6667,3.83348e+07
-24.5455,-16.0606,3.82598e+07
-24.5455,-15.4545,3.81849e+07
-24.5455,-14.8485,3.811e+07
-24.5455,-14.2424,3.80352e+07
-24.5455,-13.6364,3.79605e+07
-24.5455,-13.0303,3.78859e+07
-24.5455,-12.4242,3.78113e+07
-24.5455,-11.8182,3.77368e+07
-24.5455,-11.2121,3.76624e+07
-24.5455,-10.6061,3.7588e+07
-24.5455,-10,3.75137e+07
-24.5455,-9.39394,3.74395e+07
-24.5455,-8.78788,3.73654e+07
-24.5455,-8.18182,3.72914e+07
-24.5455,-7.57576,3.72174e+07
-24.5455,-6.9697,3.71435e+07
-24.5455,-6.36364,3.70696e+07
-24.5455,-5.75758,3.69959e+07
-24.5455,-5.15152,3.69222e+07
-24.5455,-4.54545,3.68486e+07
-24.5455,-3.93939,3.6775e+07
-24.5455,-3.33333,3.67016e+07
-24.5455,-2.72727,3.66282e+07
-24.5455,-2.12121,3.65548e+07
-24.5455,-1.51515,3.64816e+07
-24.5455,-0.909091,3.64084e+07
-24.5455,-0.30303,3.63353e+07
-24.5455,0.30303,3.62623e+07
-24.5455,0.909091,3.61893e+07
-24.5455,1.51515,3.61164e+07
-24.5455,2.12121,3.60436e+07
-24.5455,2.72727,3.59709e+07
-24.5455,3.33333,3.58982e+07
-24.5455,3.93939,3.58257e+07
-24.5455,4.54545,3.57531e+07
-24.5455,5.15152,3.56807e+07
-24.5455,5.75758,3.56083e+07
-24.5455,6.36364,3.5536e+07
-24.5455,6.9697,3.54638e+07
-24.5455,7.57576,3.53917e+07
-24.5455,8.18182,3.53196e+07
-24.5455,8.78788,3.52476e+07
-24.5455,9.39394,3.51757e+07
-24.5455,10,3.51038e+07
-24.5455,10.6061,3.50321e+07
-24.5455,11.2121,3.49603e+07
-24.5455,11.8182,3.48887e+07
-24.5455,12.4242,3.48172e+07
-24.5455,13.0303,3.47457e+07
-24.5455,13.6364,3.46743e+07
-24.5455,14.2424,3.46029e+07
-24.5455,14.8485,3.45317e+07
-24.5455,15.4545,3.44605e+07
-24.5455,16.0606,3.43893e+07
-24.5455,16.6667,3.43183e+07
-24.5455,17.2727,3.42473e+07
-24.5455,17.8788,3.41764e+07
-24.5455,18.4848,3.41056e+07
-24.5455,19.0909,3.40349e+07
-24.5455,19.697,3.39642e+07
-24.5455,20.303,3.38936e+07
-24.5455,20.9091,3.3823e+07
-24.5455,21.5152,3.37526e+07
-24.5455,22.1212,3.36822e+07
-24.5455,22.7273,3.36119e+07
-24.5455,23.3333,3.35417e+07
-24.5455,23.9394,3.34715e+07
-24.5455,24.5455,3.34014e+07
-24.5455,25.1515,3.33314e+07
-24.5455,25.7576,3.32615e+07
-24.5455,26.3636,3.31916e+07
-24.5455,26.9697,3.31218e+07
-24.5455,27.5758,3.30521e+07
-24.5455,28.1818,3.29824e+07
-24.5455,28.7879,3.29128e+07
-24.5455,29.3939,3.28433e+07
-24.5455,30,3.27739e+07
-23.9394,-30,3.63729e+07
-23.9394,-29.3939,3.62999e+07
-23.9394,-28.7879,3.62269e+07
-23.9394,-28.1818,3.6154e+07
-23.9394,-27.5758,3.60811e+07
-23.9394,-26.9697,3.60083e+07
-23.9394,-26.3636,3.59356e+07
-23.9394,-25.7576,3.5863e+07
-23.9394,-25.1515,3.57905e+07
-23.9394,-24.5455,3.5718e+07
-23.9394,-23.9394,3.56456e+07
-23.9394,-23.3333,3.55732e+07
-23.9394,-22.7273,3.5501e+07
-23.9394,-22.1212,3.54288e+07
-23.9394,-21.5152,3.53567e+07
-23.9394,-20.9091,3.52847e+07
-23.9394,-20.303,3.52127e+07
-23.9394,-19.697,3.51408e+07
-23.9394,-19.0909,3.5069e+07
-23.9394,-18.4848,3.49972e+07
-23.9394,-17.8788,3.49256e+07
-23.9394,-17.2727,3.4854e+07
-23.9394,-16.6667,3.47825e+07
-23.9394,-16.0606,3.4711e+07
-23.9394,-15.4545,3.46396e+07
-23.9394,-14.8485,3.45683e+07
-23.9394,-14.2424,3.44971e+07
-23.9394,-13.6364,3.44259e+07
-23.9394,-13.0303,3.43549e+07
-23.9394,-12.4242,3.42839e+07
-23.9394,-11.8182,3.42129e+07
-23.9394,-11.2121,3.41421e+07
-23.9394,-10.6061,3.40713e+07
-23.9394,-10,3.40006e+07
-23.9394,-9.39394,3.39299e+07
-23.9394,-8.78788,3.38593e+07
-23.9394,-8.18182,3.37888e+07
-23.9394,-7.57576,3.37184e+07
-23.9394,-6.9697,3.36481e+07
-23.9394,-6.36364,3.35778e+07
-23.9394,-5.75758,3.35076e+07
-23.9394,-5.15152,3.34375e+07
-23.9394,-4.54545,3.33674e+07
-23.9394,-3.93939,3.32974e+07
-23.9394,-3.33333,3.32275e+07
-23.9394,-2.72727,3.31577e+07
-23.9394,-2.12121,3.30879e+07
-23.9394,-1.51515,3.30183e+07
-23.9394,-0.909091,3.29486e+07
-23.9394,-0.30303,3.28791e+07
-23.9394,0.30303,3.28096e+07
-23.9394,0.909091,3.27402e+07
-23.9394,1.51515,3.26709e+07
-23.9394,2.12121,3.26017e+07
-23.9394,2.72727,3.25325e+07
-23.9394,3.33333,3.24634e+07
-23.9394,3.93939,3.23944e+07
-23.9394,4.54545,3.23254e+07
-23.9394,5.15152,3.22566e+07
-23.9394,5.75758,3.21877e+07
-23.9394,6.36364,3.2119e+07
-23.9394,6.9697,3.20504e+07
-23.9394,7.57576,3.19818e+07
-23.9394,8.18182,3.19133e+07
-23.9394,8.78788,3.18448e+07
-23.9394,9.39394,3.17765e+07
-23.9394,10,3.17082e+07
-23.9394,10.6061,3.164e+07
-23.9394,11.2121,3.15718e+07
-23.9394,11.8182,3.15037e+07
-23.9394,12.4242,3.14357e+07
-23.9394,13.0303,3.13678e+07
-23.9394,13.6364,3.13e+07
-23.9394,14.2424,3.12322e+07
-23.9394,14.8485,3.11645e+07
-23.9394,15.4545,3.10969e+07
-23.9394,16.0606,3.10293e+07
-23.9394,16.6667,3.09618e+07
-23.9394,17.2727,3.08944e+07
-23.9394,17.8788,3.08271e+07
-23.9394,18.4848,3.07598e+07
-23.9394,19.0909,3.06926e+07
-23.9394,19.697,3.06255e+07
-23.9394,20.303,3.05585e+07
-23.9394,20.9091,3.04915e+07
-23.9394,21.5152,3.04246e+07
-23.9394,22.1212,3.03578e+07
-23.9394,22.7273,3.0291e+07
-23.9394,23.3333,3.02244e+07
-23.9394,23.9394,3.01578e+07
-23.9394,24.5455,3.00912e+07
-23.9394,25.1515,3.00248e+07
-23.9394,25.7576,2.99584e+07
-23.9394,26.3636,2.98921e+07
-23.9394,26.9697,2.98259e+07
-23.9394,27.5758,2.97597e+07
-23.9394,28.1818,2.96936e+07
-23.9394,28.7879,2.96276e+07
-23.9394,29.3939,2.95617e+07
-23.9394,30,2.94958e+07
-23.3333,-30,3.29992e+07
-23.3333,-29.3939,3.29296e+07
-23.3333,-28.7879,3.28601e+07
-23.3333,-28.1818,3.27907e+07
-23.3333,-27.5758,3.27213e+07
-23.3333,-26.9697,3.2652e+07
-23.3333,-26.3636,3.25828e+07
-23.3333,-25.7576,3.25136e+07
-23.3333,-25.1515,3.24445e+07
-23.3333,-24.5455,3.23755e+07
-23.3333,-23.9394,3.23066e+07
-23.3333,-23.3333,3.22378e+07
-23.3333,-22.7273,3.2169e+07
-23.3333,-22.1212,3.21003e+07
-23.3333,-21.5152,3.20316e+07
-23.3333,-20.9091,3.19631e+07
-23.3333,-20.303,3.18946e+07
-23.3333,-19.697,3.18261e+07
-23.3333,-19.0909,3.17578e+07
-23.3333,-18.4848,3.16895e+07
-23.3333,-17.8788,3.16213e+07
-23.3333,-17.2727,3.15532e+07
-23.3333,-16.6667,3.14852e+07
-23.3333,-16.0606,3.14172e+07
-23.3333,-15.4545,3.13493e+07
-23.3333,-14.8485,3.12815e+07
-23.3333,-14.2424,3.12137e+07
-23.3333,-13.6364,3.1146e+07
-23.3333,-13.0303,3.10784e+07
-23.3333,-12.4242,3.10109e+07
-23.3333,-11.8182,3.09434e+07
-23.3333,-11.2121,3.0876e+07
-23.3333,-10.6061,3.08087e+07
-23.3333,-10,3.07415e+07
-23.3333,-9.39394,3.06743e+07
-23.3333,-8.78788,3.06072e+07
-23.3333,-8.18182,3.05402e+07
-23.3333,-7.57576,3.04732e+07
-23.3333,-6.9697,3.04063e+07
-23.3333,-6.36364,3.03395e+07
-23.3333,-5.75758,3.02728e+07
-23.3333,-5.15152,3.02062e+07
-23.3333,-4.54545,3.01396e+07
-23.3333,-3.93939,3.00731e+07
-23.3333,-3.33333,3.00066e+07
-23.3333,-2.72727,2.99403e+07
-23.3333,-2.12121,2.9874e+07
-23.3333,-1.51515,2.98078e+07
-23.3333,-0.909091,2.97416e+07
-23.3333,-0.30303,2.96756e+07
-23.3333,0.30303,2.96096e+07
-23.3333,0.909091,2.95437e+07
-23.3333,1.51515,2.94778e+07
-23.3333,2.12121,2.9412e+07
-23.3333,2.72727,2.93463e+07
-23.3333,3.33333,2.92807e+07
-23.3333,3.93939,2.92152e+07
-23.3333,4.54545,2.91497e+07
-23.3333,5.15152,2.90843e+07
-23.3333,5.75758,2.90189e+07
-23.3333,6.36364,2.89537e+07
-23.3333,6.9697,2.88885e+07
-23.3333,7.57576,2.88234e+07
-23.3333,8.18182,2.87584e+07
-23.3333,8.78788,2.86934e+07
-23.3333,9.39394,2.86285e+07
-23.3333,10,2.85637e+07
-23.3333,10.6061,2.84989e+07
-23.3333,11.2121,2.84343e+07
-23.3333,11.8182,2.83697e+07
-23.3333,12.4242,2.83051e+07
-23.3333,13.0303,2.82407e+07
-23.3333,13.6364,2.81763e+07
-23.3333,14.2424,2.8112e+07
-23.3333,14.8485,2.80478e+07
-23.3333,15.4545,2.79836e+07
-23.3333,16.0606,2.79195e+07
-23.3333,16.6667,2.78555e+07
-23.3333,17.2727,2.77916e+07
-23.3333,17.8788,2.77277e+07
-23.3333,18.4848,2.76639e+07
-23.3333,19.0909,2.76002e+07
-23.3333,19.697,2.75366e+07
-23.3333,20.303,2.7473e+07
-23.3333,20.9091,2.74095e+07
-23.3333,21.5152,2.73461e+07
-23.3333,22.1212,2.72827e+07
-23.3333,22.7273,2.72195e+07
-23.3333,23.3333,2.71563e+07
-23.3333,23.9394,2.70931e+07
-23.3333,24.5455,2.70301e+07
-23.3333,25.1515,2.69671e+07
-23.3333,25.7576,2.69042e+07
-23.3333,26.3636,2.68414e+07
-23.3333,26.9697,2.67786e+07
-23.3333,27.5758,2.67159e+07
-23.3333,28.1818,2.66533e+07
-23.3333,28.7879,2.65908e+07
-23.3333,29.3939,2.65283e+07
-23.3333,30,2.64659e+07
-22.7273,-30,2.98699e+07
-22.7273,-29.3939,2.98037e+07
-22.7273,-28.7879,2.97376e+07
-22.7273,-28.1818,2.96715e+07
-22.7273,-27.5758,2.96056e+07
-22.7273,-26.9697,2.95396e+07
-22.7273,-26.3636,2.94738e+07
-22.7273,-25.7576,2.9408e+07
-22.7273,-25.1515,2.93423e+07
-22.7273,-24.5455,2.92767e+07
-22.7273,-23.9394,2.92112e+07
-22.7273,-23.3333,2.91457e+07
-22.7273,-22.7273,2.90803e+07
-22.7273,-22.1212,2.9015e+07
-22.7273,-21.5152,2.89497e+07
-22.7273,-20.9091,2.88845e+07
-22.7273,-20.303,2.88194e+07
-22.7273,-19.697,2.87544e+07
-22.7273,-19.0909,2.86894e+07
-22.7273,-18.4848,2.86245e+07
-22.7273,-17.8788,2.85597e+07
-22.7273,-17.2727,2.8495e+07
-22.7273,-16.6667,2.84303e+07
-22.7273,-16.0606,2.83657e+07
-22.7273,-15.4545,2.83012e+07
-22.7273,-14.8485,2.82368e+07
-22.7273,-14.2424,2.81724e+07
-22.7273,-13.6364,2.81081e+07
-22.7273,-13.0303,2.80439e+07
-22.7273,-12.4242,2.79797e+07
-22.7273,-11.8182,2.79156e+07
-22.7273,-11.2121,2.78516e+07
-22.7273,-10.6061,2.77877e+07
-22.7273,-10,2.77238e+07
-22.7273,-9.39394,2.766e+07
-22.7273,-8.78788,2.75963e+07
-22.7273,-8.18182,2.75327e+07
-22.7273,-7.57576,2.74691e+07
-22.7273,-6.9697,2.74056e+07
-22.7273,-6.36364,2.73422e+07
-22.7273,-5.75758,2.72789e+07
-22.7273,-5.15152,2.72156e+07
-22.7273,-4.54545,2.71524e+07
-22.7273,-3.93939,2.70893e+07
-22.7273,-3.33333,2.70262e+07
-22.7273,-2.72727,2.69633e+07
-22.7273,-2.12121,2.69004e+07
-22.7273,-1.51515,2.68375e+07
-22.7273,-0.909091,2.67748e+07
-22.7273,-0.30303,2.67121e+07
-22.7273,0.30303,2.66495e+07
-22.7273,0.909091,2.65869e+07
-22.7273,1.51515,2.65245e+07
-22.7273,2.12121,2.64621e+07
-22.7273,2.72727,2.63998e+07
-22.7273,3.33333,2.63375e+07
-22.7273,3.93939,2.62754e+07
-22.7273,4.54545,2.62133e+07
-22.7273,5.15152,2.61512e+07
-22.7273,5.75758,2.60893e+07
-22.7273,6.36364,2.60274e+07
-22.7273,6.9697,2.59656e+07
-22.7273,7.57576,2.59039e+07
-22.7273,8.18182,2.58422e+07
-22.7273,8.78788,2.57807e+07
-22.7273,9.39394,2.57192e+07
-22.7273,10,2.56577e+07
-22.7273,10.6061,2.55964e+07
-22.7273,11.2121,2.55351e+07
-22.7273,11.8182,2.54739e+07
-22.7273,12.4242,2.54127e+07
-22.7273,13.0303,2.53516e+07
-22.7273,13.6364,2.52907e+07
-22.7273,14.2424,2.52297e+07
-22.7273,14.8485,2.51689e+07
-22.7273,15.4545,2.51081e+07
-22.7273,16.0606,2.50474e+07
-22.7273,16.6667,2.49868e+07
-22.7273,17.2727,2.49262e+07
-22.7273,17.8788,2.48658e+07
-22.7273,18.4848,2.48054e+07
-22.7273,19.0909,2.4745e+07
-22.7273,19.697,2.46848e+07
-22.7273,20.303,2.46246e+07
-22.7273,20.9091,2.45645e+07
-22.7273,21.5152,2.45044e+07
-22.7273,22.1212,2.44445e+07
-22.7273,22.7273,2.43846e+07
-22.7273,23.3333,2.43248e+07
-22.7273,23.9394,2.4265e+07
-22.7273,24.5455,2.42053e+07
-22.7273,25.1515,2.41457e+07
-22.7273,25.7576,2.40862e+07
-22.7273,26.3636,2.40268e+07
-22.7273,26.9697,2.39674e+07
-22.7273,27.5758,2.39081e+07
-22.7273,28.1818,2.38489e+07
-22.7273,28.7879,2.37897e+07
-22.7273,29.3939,2.37306e+07
-22.7273,30,2.36716e+07
-22.1212,-30,2.69728e+07
-22.1212,-29.3939,2.69099e+07
-22.1212,-28.7879,2.6847e+07
-22.1212,-28.1818,2.67842e+07
-22.1212,-27.5758,2.67216e+07
-22.1212,-26.9697,2.66589e+07
-22.1212,-26.3636,2.65964e+07
-22.1212,-25.7576,2.65339e+07
-22.1212,-25.1515,2.64715e+07
-22.1212,-24.5455,2.64092e+07
-22.1212,-23.9394,2.63469e+07
-22.1212,-23.3333,2.62848e+07
-22.1212,-22.7273,2.62226e+07
-22.1212,-22.1212,2.61606e+07
-22.1212,-21.5152,2.60987e+07
-22.1212,-20.9091,2.60368e+07
-22.1212,-20.303,2.5975e+07
-22.1212,-19.697,2.59132e+07
-22.1212,-19.0909,2.58515e+07
-22.1212,-18.4848,2.579e+07
-22.1212,-17.8788,2.57284e+07
-22.1212,-17.2727,2.5667e+07
-22.1212,-16.6667,2.56056e+07
-22.1212,-16.0606,2.55443e+07
-22.1212,-15.4545,2.54831e+07
-22.1212,-14.8485,2.54219e+07
-22.1212,-14.2424,2.53609e+07
-22.1212,-13.6364,2.52999e+07
-22.1212,-13.0303,2.52389e+07
-22.1212,-12.4242,2.51781e+07
-22.1212,-11.8182,2.51173e+07
-22.1212,-11.2121,2.50566e+07
-22.1212,-10.6061,2.49959e+07
-22.1212,-10,2.49354e+07
-22.1212,-9.39394,2.48749e+07
-22.1212,-8.78788,2.48145e+07
-22.1212,-8.18182,2.47541e+07
-22.1212,-7.57576,2.46939e+07
-22.1212,-6.9697,2.46337e+07
-22.1212,-6.36364,2.45735e+07
-22.1212,-5.75758,2.45135e+07
-22.1212,-5.15152,2.44535e+07
-22.1212,-4.54545,2.43936e+07
-22.1212,-3.93939,2.43338e+07
-22.1212,-3.33333,2.4274e+07
-22.1212,-2.72727,2.42143e+07
-22.1212,-2.12121,2.41547e+07
-22.1212,-1.51515,2.40952e+07
-22.1212,-0.909091,2.40357e+07
-22.1212,-0.30303,2.39764e+07
-22.1212,0.30303,2.3917e+07
-22.1212,0.909091,2.38578e+07
-22.1212,1.51515,2.37986e+07
-22.1212,2.12121,2.37395e+07
-22.1212,2.72727,2.36805e+07
-22.1212,3.33333,2.36216e+07
-22.1212,3.93939,2.35627e+07
-22.1212,4.54545,2.35039e+07
-22.1212,5.15152,2.34452e+07
-22.1212,5.75758,2.33865e+07
-22.1212,6.36364,2.33279e+07
-22.1212,6.9697,2.32694e+07
-22.1212,7.57576,2.3211e+07
-22.1212,8.18182,2.31526e+07
-22.1212,8.78788,2.30943e+07
-22.1212,9.39394,2.30361e+07
-22.1212,10,2.2978e+07
-22.1212,10.6061,2.29199e+07
-22.1212,11.2121,2.28619e+07
-22.1212,11.8182,2.2804e+07
-22.1212,12.4242,2.27462e+07
-22.1212,13.0303,2.26884e+07
-22.1212,13.6364,2.26307e+07
-22.1212,14.2424,2.25731e+07
-22.1212,14.8485,2.25155e+07
-22.1212,15.4545,2.2458e+07
-22.1212,16.0606,2.24006e+07
-22.1212,16.6667,2.23433e+07
-22.1212,17.2727,2.2286e+07
-22.1212,17.8788,2.22289e+07
-22.1212,18.4848,2.21717e+07
-22.1212,19.0909,2.21147e+07
-22.1212,19.697,2.20577e+07
-22.1212,20.303,2.20009e+07
-22.1212,20.9091,2.1944e+07
-22.1212,21.5152,2.18873e+07
-22.1212,22.1212,2.18306e+07
-22.1212,22.7273,2.1774e+07
-22.1212,23.3333,2.17175e+07
-22.1212,23.9394,2.16611e+07
-22.1212,24.5455,2.16047e+07
-22.1212,25.1515,2.15484e+07
-22.1212,25.7576,2.14921e+07
-22.1212,26.3636,2.1436e+07
-22.1212,26.9697,2.13799e+07
-22.1212,27.5758,2.13239e+07
-22.1212,28.1818,2.1268e+07
-22.1212,28.7879,2.12121e+07
-22.1212,29.3939,2.11563e+07
-22.1212,30,2.11006e+07
-21.5152,-30,2.42957e+07
-21.5152,-29.3939,2.4236e+07
-21.5152,-28.7879,2.41764e+07
-21.5152,-28.1818,2.41168e+07
-21.5152,-27.5758,2.40573e+07
-21.5152,-26.9697,2.39979e+07
-21.5152,-26.3636,2.39386e+07
-21.5152,-25.7576,2.38793e+07
-21.5152,-25.1515,2.38201e+07
-21.5152,-24.5455,2.3761e+07
-21.5152,-23.9394,2.37019e+07
-21.5152,-23.3333,2.3643e+07
-21.5152,-22.7273,2.35841e+07
-21.5152,-22.1212,2.35252e+07
-21.5152,-21.5152,2.34665e+07
-21.5152,-20.9091,2.34078e+07
-21.5152,-20.303,2.33492e+07
-21.5152,-19.697,2.32907e+07
-21.5152,-19.0909,2.32322e+07
-21.5152,-18.4848,2.31738e+07
-21.5152,-17.8788,2.31155e+07
-21.5152,-17.2727,2.30573e+07
-21.5152,-16.6667,2.29991e+07
-21.5152,-16.0606,2.2941e+07
-21.5152,-15.4545,2.2883e+07
-21.5152,-14.8485,2.2825e+07
-21.5152,-14.2424,2.27672e+07
-21.5152,-13.6364,2.27094e+07
-21.5152,-13.0303,2.26516e+07
-21.5152,-12.4242,2.2594e+07
-21.5152,-11.8182,2.25364e+07
-21.5152,-11.2121,2.24789e+07
-21.5152,-10.6061,2.24215e+07
-21.5152,-10,2.23641e+07
-21.5152,-9.39394,2.23068e+07
-21.5152,-8.78788,2.22496e+07
-21.5152,-8.18182,2.21925e+07
-21.5152,-7.57576,2.21354e+07
-21.5152,-6.9697,2.20784e+07
-21.5152,-6.36364,2.20215e+07
-21.5152,-5.75758,2.19647e+07
-21.5152,-5.15152,2.19079e+07
-21.5152,-4.54545,2.18512e+07
-21.5152,-3.93939,2.17946e+07
-21.5152,-3.33333,2.1738e+07
-21.5152,-2.72727,2.16815e+07
-21.5152,-2.12121,2.16251e+07
-21.5152,-1.51515,2.15688e+07
-21.5152,-0.909091,2.15126e+07
-21.5152,-0.30303,2.14564e+07
-21.5152,0.30303,2.14003e+07
-21.5152,0.909091,2.13442e+07
-21.5152,1.51515,2.12883e+07
-21.5152,2.12121,2.12324e+07
-21.5152,2.72727,2.11766e+07
-21.5152,3.33333,2.11208e+07
-21.5152,3.93939,2.10652e+07
-21.5152,4.54545,2.10096e+07
-21.5152,5.15152,2.0954e+07
-21.5152,5.75758,2.08986e+07
-21.5152,6.36364,2.08432e+07
-21.5152,6.9697,2.07879e+07
-21.5152,7.57576,2.07327e+07
-21.5152,8.18182,2.06775e+07
-21.5152,8.78788,2.06224e+07
-21.5152,9.39394,2.05674e+07
-21.5152,10,2.05125e+07
-21.5152,10.6061,2.04576e+07
-21.5152,11.2121,2.04029e+07
-21.5152,11.8182,2.03481e+07
-21.5152,12.4242,2.02935e+07
-21.5152,13.0303,2.02389e+07
-21.5152,13.6364,2.01844e+07
-21.5152,14.2424,2.013e+07
-21.5152,14.8485,2.00757e+07
-21.5152,15.4545,2.00214e+07
-21.5152,16.0606,1.99672e+07
-21.5152,16.6667,1.99131e+07
-21.5152,17.2727,1.9859e+07
-21.5152,17.8788,1.98051e+07
-21.5152,18.4848,1.97511e+07
-21.5152,19.0909,1.96973e+07
-21.5152,19.697,1.96436e+07
-21.5152,20.303,1.95899e+07
-21.5152,20.9091,1.95363e+07
-21.5152,21.5152,1.94827e+07
-21.5152,22.1212,1.94293e+07
-21.5152,22.7273,1.93759e+07
-21.5152,23.3333,1.93225e+07
-21.5152,23.9394,1.92693e+07
-21.5152,24.5455,1.92161e+07
-21.5152,25.1515,1.9163e+07
-21.5152,25.7576,1.911e+07
-21.5152,26.3636,1.90571e+07
-21.5152,26.9697,1.90042e+07
-21.5152,27.5758,1.89514e+07
-21.5152,28.1818,1.88986e+07
-21.5152,28.7879,1.8846e+07
-21.5152,29.3939,1.87934e+07
-21.5152,30,1.87409e+07
-20.9091,-30,2.18271e+07
-20.9091,-29.3939,2.17705e+07
-20.9091,-28.7879,2.1714e+07
-20.9091,-28.1818,2.16576e+07
-20.9091,-27.5758,2.16012e+07
-20.9091,-26.9697,2.15449e+07
-20.9091,-26.3636,2.14887e+07
-20.9091,-25.7576,2.14325e+07
-20.9091,-25.1515,2.13765e+07
-20.9091,-24.5455,2.13205e+07
-20.9091,-23.9394,2.12645e+07
-20.9091,-23.3333,2.12087e+07
-20.9091,-22.7273,2.11529e+07
-20.9091,-22.1212,2.10972e+07
-20.9091,-21.5152,2.10415e+07
-20.9091,-20.9091,2.0986e+07
-20.9091,-20.303,2.09305e+07
-20.9091,-19.697,2.08751e+07
-20.9091,-19.0909,2.08197e+07
-20.9091,-18.4848,2.07644e+07
-20.9091,-17.8788,2.07092e+07
-20.9091,-17.2727,2.06541e+07
-20.9091,-16.6667,2.05991e+07
-20.9091,-16.0606,2.05441e+07
-20.9091,-15.4545,2.04892e+07
-20.9091,-14.8485,2.04344e+07
-20.9091,-14.2424,2.03796e+07
-20.9091,-13.6364,2.03249e+07
-20.9091,-13.0303,2.02703e+07
-20.9091,-12.4242,2.02158e+07
-20.9091,-11.8182,2.01613e+07
-20.9091,-11.2121,2.01069e+07
-20.9091,-10.6061,2.00526e+07
-20.9091,-10,1.99984e+07
-20.9091,-9.39394,1.99442e+07
-20.9091,-8.78788,1.98901e+07
-20.9091,-8.18182,1.98361e+07
-20.9091,-7.57576,1.97821e+07
-20.9091,-6.9697,1.97283e+07
-20.9091,-6.36364,1.96745e+07
-20.9091,-5.75758,1.96207e+07
-20.9091,-5.15152,1.95671e+07
-20.9091,-4.54545,1.95135e+07
-20.9091,-3.93939,1.946e+07
-20.9091,-3.33333,1.94066e+07
-20.9091,-2.72727,1.93532e+07
-20.9091,-2.12121,1.92999e+07
-20.9091,-1.51515,1.92467e+07
-20.9091,-0.909091,1.91936e+07
-20.9091,-0.30303,1.91405e+07
-20.9091,0.30303,1.90875e+07
-20.9091,0.909091,1.90346e+07
-20.9091,1.51515,1.89817e+07
-20.9091,2.12121,1.8929e+07
-20.9091,2.72727,1.88763e+07
-20.9091,3.33333,1.88236e+07
-20.9091,3.93939,1.87711e+07
-20.9091,4.54545,1.87186e+07
-20.9091,5.15152,1.86662e+07
-20.9091,5.75758,1.86139e+07
-20.9091,6.36364,1.85616e+07
-20.9091,6.9697,1.85094e+07
-20.9091,7.57576,1.84573e+07
-20.9091,8.18182,1.84053e+07
-20.9091,8.78788,1.83533e+07
-20.9091,9.39394,1.83014e+07
-20.9091,10,1.82496e+07
-20.9091,10.6061,1.81979e+07
-20.9091,11.2121,1.81462e+07
-20.9091,11.8182,1.80946e+07
-20.9091,12.4242,1.80431e+07
-20.9091,13.0303,1.79916e+07
-20.9091,13.6364,1.79403e+07
-20.9091,14.2424,1.7889e+07
-20.9091,14.8485,1.78377e+07
-20.9091,15.4545,1.77866e+07
-20.9091,16.0606,1.77355e+07
-20.9091,16.6667,1.76845e+07
-20.9091,17.2727,1.76335e+07
-20.9091,17.8788,1.75827e+07
-20.9091,18.4848,1.75319e+07
-20.9091,19.0909,1.74812e+07
-20.9091,19.697,1.74305e+07
-20.9091,20.303,1.738e+07
-20.9091,20.9091,1.73295e+07
-20.9091,21.5152,1.7279e+07
-20.9091,22.1212,1.72287e+07
-20.9091,22.7273,1.71784e+07
-20.9091,23.3333,1.71282e+07
-20.9091,23.9394,1.70781e+07
-20.9091,24.5455,1.7028e+07
-20.9091,25.1515,1.69781e+07
-20.9091,25.7576,1.69282e+07
-20.9091,26.3636,1.68783e+07
-20.9091,26.9697,1.68286e+07
-20.9091,27.5758,1.67789e+07
-20.9091,28.1818,1.67293e+07
-20.9091,28.7879,1.66797e+07
-20.9091,29.3939,1.66302e+07
-20.9091,30,1.65809e+07
-20.303,-30,1.95557e+07
-20.303,-29.3939,1.95021e+07
-20.303,-28.7879,1.94486e+07
-20.303,-28.1818,1.93952e+07
-20.303,-27.5758,1.93419e+07
-20.303,-26.9697,1.92886e+07
-20.303,-26.3636,1.92354e+07
-20.303,-25.7576,1.91823e+07
-20.303,-25.1515,1.91292e+07
-20.303,-24.5455,1.90763e+07
-20.303,-23.9394,1.90233e+07
-20.303,-23.3333,1.89705e+07
-20.303,-22.7273,1.89178e+07
-20.303,-22.1212,1.88651e+07
-20.303,-21.5152,1.88125e+07
-20.303,-20.9091,1.87599e+07
-20.303,-20.303,1.87075e+07
-20.303,-19.697,1.86551e+07
-20.303,-19.0909,1.86028e+07
-20.303,-18.4848,1.85505e+07
-20.303,-17.8788,1.84984e+07
-20.303,-17.2727,1.84463e+07
-20.303,-16.6667,1.83942e+07
-20.303,-16.0606,1.83423e+07
-20.303,-15.4545,1.82904e+07
-20.303,-14.8485,1.82386e+07
-20.303,-14.2424,1.81869e+07
-20.303,-13.6364,1.81352e+07
-20.303,-13.0303,1.80836e+07
-20.303,-12.4242,1.80321e+07
-20.303,-11.8182,1.79807e+07
-20.303,-11.2121,1.79293e+07
-20.303,-10.6061,1.78781e+07
-20.303,-10,1.78268e+07
-20.303,-9.39394,1.77757e+07
-20.303,-8.78788,1.77246e+07
-20.303,-8.18182,1.76736e+07
-20.303,-7.57576,1.76227e+07
-20.303,-6.9697,1.75719e+07
-20.303,-6.36364,1.75211e+07
-20.303,-5.75758,1.74704e+07
-20.303,-5.15152,1.74198e+07
-20.303,-4.54545,1.73692e+07
-20.303,-3.93939,1.73187e+07
-20.303,-3.33333,1.72683e+07
-20.303,-2.72727,1.7218e+07
-20.303,-2.12121,1.71677e+07
-20.303,-1.51515,1.71176e+07
-20.303,-0.909091,1.70674e+07
-20.303,-0.30303,1.70174e+07
-20.303,0.30303,1.69674e+07
-20.303,0.909091,1.69175e+07
-20.303,1.51515,1.68677e+07
-20.303,2.12121,1.6818e+07
-20.303,2.72727,1.67683e+07
-20.303,3.33333,1.67187e+07
-20.303,3.93939,1.66692e+07
-20.303,4.54545,1.66197e+07
-20.303,5.15152,1.65704e+07
-20.303,5.75758,1.65211e+07
-20.303,6.36364,1.64718e+07
-20.303,6.9697,1.64227e+07
-20.303,7.57576,1.63736e+07
-20.303,8.18182,1.63246e+07
-20.303,8.78788,1.62756e+07
-20.303,9.39394,1.62268e+07
-20.303,10,1.6178e+07
-20.303,10.6061,1.61293e+07
-20.303,11.2121,1.60806e+07
-20.303,11.8182,1.60321e+07
-20.303,12.4242,1.59836e+07
-20.303,13.0303,1.59351e+07
-20.303,13.6364,1.58868e+07
-20.303,14.2424,1.58385e+07
-20.303,14.8485,1.57903e+07
-20.303,15.4545,1.57422e+07
-20.303,16.0606,1.56941e+07
-20.303,16.6667,1.56461e+07
-20.303,17.2727,1.55982e+07
-20.303,17.8788,1.55504e+07
-20.303,18.4848,1.55026e+07
-20.303,19.0909,1.5455e+07
-20.303,19.697,1.54073e+07
-20.303,20.303,1.53598e+07
-20.303,20.9091,1.53123e+07
-20.303,21.5152,1.52649e+07
-20.303,22.1212,1.52176e+07
-20.303,22.7273,1.51704e+07
-20.303,23.3333,1.51232e+07
-20.303,23.9394,1.50761e+07
-20.303,24.5455,1.50291e+07
-20.303,25.1515,1.49821e+07
-20.303,25.7576,1.49352e+07
-20.303,26.3636,1.48884e+07
-20.303,26.9697,1.48417e+07
-20.303,27.5758,1.4795e+07
-20.303,28.1818,1.47485e+07
-20.303,28.7879,1.47019e+07
-20.303,29.3939,1.46555e+07
-20.303,30,1.46091e+07
-19.697,-30,1.74704e+07
-19.697,-29.3939,1.74197e+07
-19.697,-28.7879,1.73692e+07
-19.697,-28.1818,1.73187e+07
-19.697,-27.5758,1.72683e+07
-19.697,-26.9697,1.7218e+07
-19.697,-26.3636,1.71677e+07
-19.697,-25.7576,1.71175e+07
-19.697,-25.1515,1.70674e+07
-19.697,-24.5455,1.70174e+07
-19.697,-23.9394,1.69674e+07
-19.697,-23.3333,1.69175e+07
-19.697,-22.7273,1.68677e+07
-19.697,-22.1212,1.6818e+07
-19.697,-21.5152,1.67683e+07
-19.697,-20.9091,1.67187e+07
-19.697,-20.303,1.66692e+07
-19.697,-19.697,1.66197e+07
-19.697,-19.0909,1.65703e+07
-19.697,-18.4848,1.6521e+07
-19.697,-17.8788,1.64718e+07
-19.697,-17.2727,1.64226e+07
-19.697,-16.6667,1.63736e+07
-19.697,-16.0606,1.63246e+07
-19.697,-15.4545,1.62756e+07
-19.697,-14.8485,1.62268e+07
-19.697,-14.2424,1.6178e+07
-19.697,-13.6364,1.61292e+07
-19.697,-13.0303,1.60806e+07
-19.697,-12.4242,1.6032e+07
-19.697,-11.8182,1.59835e+07
-19.697,-11.2121,1.59351e+07
-19.697,-10.6061,1.58868e+07
-19.697,-10,1.58385e+07
-19.697,-9.39394,1.57903e+07
-19.697,-8.78788,1.57422e+07
-19.697,-8.18182,1.56941e+07
-19.697,-7.57576,1.56461e+07
-19.697,-6.9697,1.55982e+07
-19.697,-6.36364,1.55504e+07
-19.697,-5.75758,1.55026e+07
-19.697,-5.15152,1.54549e+07
-19.697,-4.54545,1.54073e+07
-19.697,-3.93939,1.53598e+07
-19.697,-3.33333,1.53123e+07
-19.697,-2.72727,1.52649e+07
-19.697,-2.12121,1.52176e+07
-19.697,-1.51515,1.51703e+07
-19.697,-0.909091,1.51232e+07
-19.697,-0.30303,1.50761e+07
-19.697,0.30303,1.5029e+07
-19.697,0.909091,1.49821e+07
-19.697,1.51515,1.49352e+07
-19.697,2.12121,1.48884e+07
-19.697,2.72727,1.48417e+07
-19.697,3.33333,1.4795e+07
-19.697,3.93939,1.47484e+07
-19.697,4.54545,1.47019e+07
-19.697,5.15152,1.46555e+07
-19.697,5.75758,1.46091e+07
-19.697,6.36364,1.45628e+07
-19.697,6.9697,1.45166e+07
-19.697,7.57576,1.44705e+07
-19.697,8.18182,1.44244e+07
-19.697,8.78788,1.43784e+07
-19.697,9.39394,1.43325e+07
-19.697,10,1.42866e+07
-19.697,10.6061,1.42408e+07
-19.697,11.2121,1.41951e+07
-19.697,11.8182,1.41495e+07
-19.697,12.4242,1.41039e+07
-19.697,13.0303,1.40585e+07
-19.697,13.6364,1.4013e+07
-19.697,14.2424,1.39677e+07
-19.697,14.8485,1.39224e+07
-19.697,15.4545,1.38773e+07
-19.697,16.0606,1.38321e+07
-19.697,16.6667,1.37871e+07
-19.697,17.2727,1.37421e+07
-19.697,17.8788,1.36972e+07
-19.697,18.4848,1.36524e+07
-19.697,19.0909,1.36077e+07
-19.697,19.697,1.3563e+07
-19.697,20.303,1.35184e+07
-19.697,20.9091,1.34738e+07
-19.697,21.5152,1.34294e+07
-19.697,22.1212,1.3385e+07
-19.697,22.7273,1.33407e+07
-19.697,23.3333,1.32965e+07
-19.697,23.9394,1.32523e+07
-19.697,24.5455,1.32082e+07
-19.697,25.1515,1.31642e+07
-19.697,25.7576,1.31203e+07
-19.697,26.3636,1.30764e+07
-19.697,26.9697,1.30326e+07
-19.697,27.5758,1.29889e+07
-19.697,28.1818,1.29452e+07
-19.697,28.7879,1.29017e+07
-19.697,29.3939,1.28582e+07
-19.697,30,1.28147e+07
-19.0909,-30,1.55605e+07
-19.0909,-29.3939,1.55127e+07
-19.0909,-28.7879,1.5465e+07
-19.0909,-28.1818,1.54174e+07
-19.0909,-27.5758,1.53698e+07
-19.0909,-26.9697,1.53223e+07
-19.0909,-26.3636,1.52749e+07
-19.0909,-25.7576,1.52276e+07
-19.0909,-25.1515,1.51803e+07
-19.0909,-24.5455,1.51331e+07
-19.0909,-23.9394,1.5086e+07
-19.0909,-23.3333,1.5039e+07
-19.0909,-22.7273,1.4992e+07
-19.0909,-22.1212,1.49451e+07
-19.0909,-21.5152,1.48983e+07
-19.0909,-20.9091,1.48516e+07
-19.0909,-20.303,1.48049e+07
-19.0909,-19.697,1.47583e+07
-19.0909,-19.0909,1.47117e+07
-19.0909,-18.4848,1.46653e+07
-19.0909,-17.8788,1.46189e+07
-19.0909,-17.2727,1.45726e+07
-19.0909,-16.6667,1.45264e+07
-19.0909,-16.0606,1.44802e+07
-19.0909,-15.4545,1.44341e+07
-19.0909,-14.8485,1.43881e+07
-19.0909,-14.2424,1.43422e+07
-19.0909,-13.6364,1.42963e+07
-19.0909,-13.0303,1.42505e+07
-19.0909,-12.4242,1.42048e+07
-19.0909,-11.8182,1.41591e+07
-19.0909,-11.2121,1.41136e+07
-19.0909,-10.6061,1.40681e+07
-19.0909,-10,1.40226e+07
-19.0909,-9.39394,1.39773e+07
-19.0909,-8.78788,1.3932e+07
-19.0909,-8.18182,1.38868e+07
-19.0909,-7.57576,1.38417e+07
-19.0909,-6.9697,1.37966e+07
-19.0909,-6.36364,1.37516e+07
-19.0909,-5.75758,1.37067e+07
-19.0909,-5.15152,1.36619e+07
-19.0909,-4.54545,1.36171e+07
-19.0909,-3.93939,1.35724e+07
-19.0909,-3.33333,1.35278e+07
-19.0909,-2.72727,1.34833e+07
-19.0909,-2.12121,1.34388e+07
-19.0909,-1.51515,1.33944e+07
-19.0909,-0.909091,1.33501e+07
-19.0909,-0.30303,1.33058e+07
-19.0909,0.30303,1.32616e+07
-19.0909,0.909091,1.32175e+07
-19.0909,1.51515,1.31735e+07
-19.0909,2.12121,1.31295e+07
-19.0909,2.72727,1.30857e+07
-19.0909,3.33333,1.30419e+07
-19.0909,3.93939,1.29981e+07
-19.0909,4.54545,1.29545e+07
-19.0909,5.15152,1.29109e+07
-19.0909,5.75758,1.28673e+07
-19.0909,6.36364,1.28239e+07
-19.0909,6.9697,1.27805e+07
-19.0909,7.57576,1.27372e+07
-19.0909,8.18182,1.2694e+07
-19.0909,8.78788,1.26509e+07
-19.0909,9.39394,1.26078e+07
-19.0909,10,1.25648e+07
-19.0909,10.6061,1.25219e+07
-19.0909,11.2121,1.2479e+07
-19.0909,11.8182,1.24362e+07
-19.0909,12.4242,1.23935e+07
-19.0909,13.0303,1.23509e+07
-19.0909,13.6364,1.23083e+07
-19.0909,14.2424,1.22658e+07
-19.0909,14.8485,1.22234e+07
-19.0909,15.4545,1.21811e+07
-19.0909,16.0606,1.21388e+07
-19.0909,16.6667,1.20966e+07
-19.0909,17.2727,1.20545e+07
-19.0909,17.8788,1.20125e+07
-19.0909,18.4848,1.19705e+07
-19.0909,19.0909,1.19286e+07
-19.0909,19.697,1.18868e+07
-19.0909,20.303,1.1845e+07
-19.0909,20.9091,1.18033e+07
-19.0909,21.5152,1.17617e+07
-19.0909,22.1212,1.17202e+07
-19.0909,22.7273,1.16787e+07
-19.0909,23.3333,1.16373e+07
-19.0909,23.9394,1.1596e+07
-19.0909,24.5455,1.15548e+07
-19.0909,25.1515,1.15136e+07
-19.0909,25.7576,1.14725e+07
-19.0909,26.3636,1.14315e+07
-19.0909,26.9697,1.13906e+07
-19.0909,27.5758,1.13497e+07
-19.0909,28.1818,1.13089e+07
-19.0909,28.7879,1.12682e+07
-19.0909,29.3939,1.12275e+07
-19.0909,30,1.11869e+07
-18.4848,-30,1.38157e+07
-18.4848,-29.3939,1.37707e+07
-18.4848,-28.7879,1.37257e+07
-18.4848,-28.1818,1.36809e+07
-18.4848,-27.5758,1.36361e+07
-18.4848,-26.9697,1.35913e+07
-18.4848,-26.3636,1.35467e+07
-18.4848,-25.7576,1.35021e+07
-18.4848,-25.1515,1.34576e+07
-18.4848,-24.5455,1.34132e+07
-18.4848,-23.9394,1.33688e+07
-18.4848,-23.3333,1.33246e+07
-18.4848,-22.7273,1.32803e+07
-18.4848,-22.1212,1.32362e+07
-18.4848,-21.5152,1.31922e+07
-18.4848,-20.9091,1.31482e+07
-18.4848,-20.303,1.31042e+07
-18.4848,-19.697,1.30604e+07
-18.4848,-19.0909,1.30166e+07
-18.4848,-18.4848,1.29729e+07
-18.4848,-17.8788,1.29293e+07
-18.4848,-17.2727,1.28858e+07
-18.4848,-16.6667,1.28423e+07
-18.4848,-16.0606,1.27989e+07
-18.4848,-15.4545,1.27556e+07
-18.4848,-14.8485,1.27123e+07
-18.4848,-14.2424,1.26691e+07
-18.4848,-13.6364,1.2626e+07
-18.4848,-13.0303,1.2583e+07
-18.4848,-12.4242,1.254e+07
-18.4848,-11.8182,1.24972e+07
-18.4848,-11.2121,1.24543e+07
-18.4848,-10.6061,1.24116e+07
-18.4848,-10,1.23689e+07
-18.4848,-9.39394,1.23263e+07
-18.4848,-8.78788,1.22838e+07
-18.4848,-8.18182,1.22414e+07
-18.4848,-7.57576,1.2199e+07
-18.4848,-6.9697,1.21567e+07
-18.4848,-6.36364,1.21145e+07
-18.4848,-5.75758,1.20723e+07
-18.4848,-5.15152,1.20303e+07
-18.4848,-4.54545,1.19883e+07
-18.4848,-3.93939,1.19463e+07
-18.4848,-3.33333,1.19045e+07
-18.4848,-2.72727,1.18627e+07
-18.4848,-2.12121,1.1821e+07
-18.4848,-1.51515,1.17793e+07
-18.4848,-0.909091,1.17378e+07
-18.4848,-0.30303,1.16963e+07
-18.4848,0.30303,1.16549e+07
-18.4848,0.909091,1.16135e+07
-18.4848,1.51515,1.15722e+07
-18.4848,2.12121,1.15311e+07
-18.4848,2.72727,1.14899e+07
-18.4848,3.33333,1.14489e+07
-18.4848,3.93939,1.14079e+07
-18.4848,4.54545,1.1367e+07
-18.4848,5.15152,1.13262e+07
-18.4848,5.75758,1.12854e+07
-18.4848,6.36364,1.12447e+07
-18.4848,6.9697,1.12041e+07
-18.4848,7.57576,1.11636e+07
-18.4848,8.18182,1.11231e+07
-18.4848,8.78788,1.10827e+07
-18.4848,9.39394,1.10424e+07
-18.4848,10,1.10022e+07
-18.4848,10.6061,1.0962e+07
-18.4848,11.2121,1.09219e+07
-18.4848,11.8182,1.08819e+07
-18.4848,12.4242,1.08419e+07
-18.4848,13.0303,1.08021e+07
-18.4848,13.6364,1.07623e+07
-18.4848,14.2424,1.07225e+07
-18.4848,14.8485,1.06829e+07
-18.4848,15.4545,1.06433e+07
-18.4848,16.0606,1.06038e+07
-18.4848,16.6667,1.05644e+07
-18.4848,17.2727,1.0525e+07
-18.4848,17.8788,1.04857e+07
-18.4848,18.4848,1.04465e+07
-18.4848,19.0909,1.04074e+07
-18.4848,19.697,1.03683e+07
-18.4848,20.303,1.03293e+07
-18.4848,20.9091,1.02904e+07
-18.4848,21.5152,1.02515e+07
-18.4848,22.1212,1.02128e+07
-18.4848,22.7273,1.01741e+07
-18.4848,23.3333,1.01355e+07
-18.4848,23.9394,1.00969e+07
-18.4848,24.5455,1.00584e+07
-18.4848,25.1515,1.002e+07
-18.4848,25.7576,9.98169e+06
-18.4848,26.3636,9.94343e+06
-18.4848,26.9697,9.90524e+06
-18.4848,27.5758,9.86713e+06
-18.4848,28.1818,9.82909e+06
-18.4848,28.7879,9.79113e+06
-18.4848,29.3939,9.75324e+06
-18.4848,30,9.71542e+06
-17.8788,-30,1.22259e+07
-17.8788,-29.3939,1.21836e+07
-17.8788,-28.7879,1.21413e+07
-17.8788,-28.1818,1.20991e+07
-17.8788,-27.5758,1.2057e+07
-17.8788,-26.9697,1.2015e+07
-17.8788,-26.3636,1.1973e+07
-17.8788,-25.7576,1.19311e+07
-17.8788,-25.1515,1.18892e+07
-17.8788,-24.5455,1.18475e+07
-17.8788,-23.9394,1.18058e+07
-17.8788,-23.3333,1.17642e+07
-17.8788,-22.7273,1.17226e+07
-17.8788,-22.1212,1.16812e+07
-17.8788,-21.5152,1.16398e+07
-17.8788,-20.9091,1.15985e+07
-17.8788,-20.303,1.15572e+07
-17.8788,-19.697,1.15161e+07
-17.8788,-19.0909,1.1475e+07
-17.8788,-18.4848,1.14339e+07
-17.8788,-17.8788,1.1393e+07
-17.8788,-17.2727,1.13521e+07
-17.8788,-16.6667,1.13113e+07
-17.8788,-16.0606,1.12706e+07
-17.8788,-15.4545,1.12299e+07
-17.8788,-14.8485,1.11894e+07
-17.8788,-14.2424,1.11488e+07
-17.8788,-13.6364,1.11084e+07
-17.8788,-13.0303,1.1068e+07
-17.8788,-12.4242,1.10278e+07
-17.8788,-11.8182,1.09875e+07
-17.8788,-11.2121,1.09474e+07
-17.8788,-10.6061,1.09073e+07
-17.8788,-10,1.08673e+07
-17.8788,-9.39394,1.08274e+07
-17.8788,-8.78788,1.07876e+07
-17.8788,-8.18182,1.07478e+07
-17.8788,-7.57576,1.07081e+07
-17.8788,-6.9697,1.06685e+07
-17.8788,-6.36364,1.06289e+07
-17.8788,-5.75758,1.05894e+07
-17.8788,-5.15152,1.055e+07
-17.8788,-4.54545,1.05107e+07
-17.8788,-3.93939,1.04714e+07
-17.8788,-3.33333,1.04322e+07
-17.8788,-2.72727,1.03931e+07
-17.8788,-2.12121,1.03541e+07
-17.8788,-1.51515,1.03151e+07
-17.8788,-0.909091,1.02762e+07
-17.8788,-0.30303,1.02374e+07
-17.8788,0.30303,1.01987e+07
-17.8788,0.909091,1.016e+07
-17.8788,1.51515,1.01214e+07
-17.8788,2.12121,1.00829e+07
-17.8788,2.72727,1.00444e+07
-17.8788,3.33333,1.0006e+07
-17.8788,3.93939,9.96774e+06
-17.8788,4.54545,9.92951e+06
-17.8788,5.15152,9.89135e+06
-17.8788,5.75758,9.85327e+06
-17.8788,6.36364,9.81526e+06
-17.8788,6.9697,9.77732e+06
-17.8788,7.57576,9.73946e+06
-17.8788,8.18182,9.70167e+06
-17.8788,8.78788,9.66395e+06
-17.8788,9.39394,9.6263e+06
-17.8788,10,9.58873e+06
-17.8788,10.6061,9.55124e+06
-17.8788,11.2121,9.51381e+06
-17.8788,11.8182,9.47646e+06
-17.8788,12.4242,9.43919e+06
-17.8788,13.0303,9.40199e+06
-17.8788,13.6364,9.36486e+06
-17.8788,14.2424,9.3278e+06
-17.8788,14.8485,9.29082e+06
-17.8788,15.4545,9.25391e+06
-17.8788,16.0606,9.21707e+06
-17.8788,16.6667,9.18031e+06
-17.8788,17.2727,9.14362e+06
-17.8788,17.8788,9.10701e+06
-17.8788,18.4848,9.07046e+06
-17.8788,19.0909,9.034e+06
-17.8788,19.697,8.9976e+06
-17.8788,20.303,8.96128e+06
-17.8788,20.9091,8.92503e+06
-17.8788,21.5152,8.88886e+06
-17.8788,22.1212,8.85276e+06
-17.8788,22.7273,8.81673e+06
-17.8788,23.3333,8.78078e+06
-17.8788,23.9394,8.7449e+06
-17.8788,24.5455,8.70909e+06
-17.8788,25.1515,8.67335e+06
-17.8788,25.7576,8.63769e+06
-17.8788,26.3636,8.60211e+06
-17.8788,26.9697,8.56659e+06
-17.8788,27.5758,8.53115e+06
-17.8788,28.1818,8.49579e+06
-17.8788,28.7879,8.4605e+06
-17.8788,29.3939,8.42528e+06
-17.8788,30,8.39013e+06
-17.2727,-30,1.07815e+07
-17.2727,-29.3939,1.07418e+07
-17.2727,-28.7879,1.07021e+07
-17.2727,-28.1818,1.06624e+07
-17.2727,-27.5758,1.06229e+07
-17.2727,-26.9697,1.05834e+07
-17.2727,-26.3636,1.0544e+07
-17.2727,-25.7576,1.05047e+07
-17.2727,-25.1515,1.04655e+07
-17.2727,-24.5455,1.04263e+07
-17.2727,-23.9394,1.03872e+07
-17.2727,-23.3333,1.03482e+07
-17.2727,-22.7273,1.03092e+07
-17.2727,-22.1212,1.02703e+07
-17.2727,-21.5152,1.02315e+07
-17.2727,-20.9091,1.01928e+07
-17.2727,-20.303,1.01541e+07
-17.2727,-19.697,1.01155e+07
-17.2727,-19.0909,1.0077e+07
-17.2727,-18.4848,1.00386e+07
-17.2727,-17.8788,1.00002e+07
-17.2727,-17.2727,9.96192e+06
-17.2727,-16.6667,9.9237e+06
-17.2727,-16.0606,9.88555e+06
-17.2727,-15.4545,9.84748e+06
-17.2727,-14.8485,9.80948e+06
-17.2727,-14.2424,9.77156e+06
-17.2727,-13.6364,9.7337e+06
-17.2727,-13.0303,9.69592e+06
-17.2727,-12.4242,9.65822e+06
-17.2727,-11.8182,9.62058e+06
-17.2727,-11.2121,9.58303e+06
-17.2727,-10.6061,9.54554e+06
-17.2727,-10,9.50813e+06
-17.2727,-9.39394,9.47079e+06
-17.2727,-8.78788,9.43352e+06
-17.2727,-8.18182,9.39633e+06
-17.2727,-7.57576,9.35921e+06
-17.2727,-6.9697,9.32217e+06
-17.2727,-6.36364,9.2852e+06
-17.2727,-5.75758,9.2483e+06
-17.2727,-5.15152,9.21148e+06
-17.2727,-4.54545,9.17472e+06
-17.2727,-3.93939,9.13805e+06
-17.2727,-3.33333,9.10144e+06
-17.2727,-2.72727,9.06491e+06
-17.2727,-2.12121,9.02845e+06
-17.2727,-1.51515,8.99207e+06
-17.2727,-0.909091,8.95576e+06
-17.2727,-0.30303,8.91952e+06
-17.2727,0.30303,8.88336e+06
-17.2727,0.909091,8.84727e+06
-17.2727,1.51515,8.81125e+06
-17.2727,2.12121,8.77531e+06
-17.2727,2.72727,8.73944e+06
-17.2727,3.33333,8.70365e+06
-17.2727,3.93939,8.66792e+06
-17.2727,4.54545,8.63228e+06
-17.2727,5.15152,8.5967e+06
-17.2727,5.75758,8.5612e+06
-17.2727,6.36364,8.52577e+06
-17.2727,6.9697,8.49041e+06
-17.2727,7.57576,8.45513e+06
-17.2727,8.18182,8.41992e+06
-17.2727,8.78788,8.38479e+06
-17.2727,9.39394,8.34973e+06
-17.2727,10,8.31474e+06
-17.2727,10.6061,8.27982e+06
-17.2727,11.2121,8.24498e+06
-17.2727,11.8182,8.21022e+06
-17.2727,12.4242,8.17552e+06
-17.2727,13.0303,8.1409e+06
-17.2727,13.6364,8.10635e+06
-17.2727,14.2424,8.07188e+06
-17.2727,14.8485,8.03748e+06
-17.2727,15.4545,8.00315e+06
-17.2727,16.0606,7.9689e+06
-17.2727,16.6667,7.93472e+06
-17.2727,17.2727,7.90061e+06
-17.2727,17.8788,7.86658e+06
-17.2727,18.4848,7.83262e+06
-17.2727,19.0909,7.79874e+06
-17.2727,19.697,7.76492e+06
-17.2727,20.303,7.73118e+06
-17.2727,20.9091,7.69752e+06
-17.2727,21.5152,7.66393e+06
-17.2727,22.1212,7.63041e+06
-17.2727,22.7273,7.59696e+06
-17.2727,23.3333,7.56359e+06
-17.2727,23.9394,7.53029e+06
-17.2727,24.5455,7.49707e+06
-17.2727,25.1515,7.46392e+06
-17.2727,25.7576,7.43084e+06
-17.2727,26.3636,7.39783e+06
-17.2727,26.9697,7.3649e+06
-17.2727,27.5758,7.33205e+06
-17.2727,28.1818,7.29926e+06
-17.2727,28.7879,7.26655e+06
-17.2727,29.3939,7.23391e+06
-17.2727,30,7.20135e+06
-16.6667,-30,9.47303e+06
-16.6667,-29.3939,9.43576e+06
-16.6667,-28.7879,9.39856e+06
-16.6667,-28.1818,9.36144e+06
-16.6667,-27.5758,9.32439e+06
-16.6667,-26.9697,9.28741e+06
-16.6667,-26.3636,9.25051e+06
-16.6667,-25.7576,9.21368e+06
-16.6667,-25.1515,9.17693e+06
-16.6667,-24.5455,9.14025e+06
-16.6667,-23.9394,9.10364e+06
-16.6667,-23.3333,9.0671e+06
-16.6667,-22.7273,9.03064e+06
-16.6667,-22.1212,8.99425e+06
-16.6667,-21.5152,8.95794e+06
-16.6667,-20.9091,8.9217e+06
-16.6667,-20.303,8.88553e+06
-16.6667,-19.697,8.84943e+06
-16.6667,-19.0909,8.81341e+06
-16.6667,-18.4848,8.77747e+06
-16.6667,-17.8788,8.74159e+06
-16.6667,-17.2727,8.70579e+06
-16.6667,-16.6667,8.67007e+06
-16.6667,-16.0606,8.63441e+06
-16.6667,-15.4545,8.59883e+06
-16.6667,-14.8485,8.56333e+06
-16.6667,-14.2424,8.52789e+06
-16.6667,-13.6364,8.49253e+06
-16.6667,-13.0303,8.45725e+06
-16.6667,-12.4242,8.42203e+06
-16.6667,-11.8182,8.38689e+06
-16.6667,-11.2121,8.35183e+06
-16.6667,-10.6061,8.31684e+06
-16.6667,-10,8.28192e+06
-16.6667,-9.39394,8.24707e+06
-16.6667,-8.78788,8.2123e+06
-16.6667,-8.18182,8.1776e+06
-16.6667,-7.57576,8.14298e+06
-16.6667,-6.9697,8.10842e+06
-16.6667,-6.36364,8.07395e+06
-16.6667,-5.75758,8.03954e+06
-16.6667,-5.15152,8.00521e+06
-16.6667,-4.54545,7.97095e+06
-16.6667,-3.93939,7.93677e+06
-16.6667,-3.33333,7.90266e+06
-16.6667,-2.72727,7.86862e+06
-16.6667,-2.12121,7.83466e+06
-16.6667,-1.51515,7.80077e+06
-16.6667,-0.909091,7.76695e+06
-16.6667,-0.30303,7.73321e+06
-16.6667,0.30303,7.69954e+06
-16.6667,0.909091,7.66594e+06
-16.6667,1.51515,7.63242e+06
-16.6667,2.12121,7.59897e+06
-16.6667,2.72727,7.56559e+06
-16.6667,3.33333,7.53229e+06
-16.6667,3.93939,7.49906e+06
-16.6667,4.54545,7.4659e+06
-16.6667,5.15152,7.43282e+06
-16.6667,5.75758,7.39981e+06
-16.6667,6.36364,7.36688e+06
-16.6667,6.9697,7.33401e+06
-16.6667,7.57576,7.30123e+06
-16.6667,8.18182,7.26851e+06
-16.6667,8.78788,7.23587e+06
-16.6667,9.39394,7.2033e+06
-16.6667,10,7.17081e+06
-16.6667,10.6061,7.13838e+06
-16.6667,11.2121,7.10604e+06
-16.6667,11.8182,7.07376e+06
-16.6667,12.4242,7.04156e+06
-16.6667,13.0303,7.00943e+06
-16.6667,13.6364,6.97738e+06
-16.6667,14.2424,6.9454e+06
-16.6667,14.8485,6.91349e+06
-16.6667,15.4545,6.88166e+06
-16.6667,16.0606,6.8499e+06
-16.6667,16.6667,6.81821e+06
-16.6667,17.2727,6.7866e+06
-16.6667,17.8788,6.75506e+06
-16.6667,18.4848,6.72359e+06
-16.6667,19.0909,6.6922e+06
-16.6667,19.697,6.66088e+06
-16.6667,20.303,6.62964e+06
-16.6667,20.9091,6.59846e+06
-16.6667,21.5152,6.56737e+06
-16.6667,22.1212,6.53634e+06
-16.6667,22.7273,6.50539e+06
-16.6667,23.3333,6.47451e+06
-16.6667,23.9394,6.4437e+06
-16.6667,24.5455,6.41297e+06
-16.6667,25.1515,6.38231e+06
-16.6667,25.7576,6.35173e+06
-16.6667,26.3636,6.32122e+06
-16.6667,26.9697,6.29078e+06
-16.6667,27.5758,6.26042e+06
-16.6667,28.1818,6.23013e+06
-16.6667,28.7879,6.19991e+06
-16.6667,29.3939,6.16977e+06
-16.6667,30,6.13969e+06
-16.0606,-30,8.29141e+06
-16.0606,-29.3939,8.25655e+06
-16.0606,-28.7879,8.22175e+06
-16.0606,-28.1818,8.18704e+06
-16.0606,-27.5758,8.15239e+06
-16.0606,-26.9697,8.11782e+06
-16.0606,-26.3636,8.08332e+06
-16.0606,-25.7576,8.0489e+06
-16.0606,-25.1515,8.01455e+06
-16.0606,-24.5455,7.98027e+06
-16.0606,-23.9394,7.94606e+06
-16.0606,-23.3333,7.91193e+06
-16.0606,-22.7273,7.87788e+06
-16.0606,-22.1212,7.84389e+06
-16.0606,-21.5152,7.80998e+06
-16.0606,-20.9091,7.77614e+06
-16.0606,-20.303,7.74238e+06
-16.0606,-19.697,7.70869e+06
-16.0606,-19.0909,7.67507e+06
-16.0606,-18.4848,7.64153e+06
-16.0606,-17.8788,7.60806e+06
-16.0606,-17.2727,7.57466e+06
-16.0606,-16.6667,7.54134e+06
-16.0606,-16.0606,7.50809e+06
-16.0606,-15.4545,7.47492e+06
-16.0606,-14.8485,7.44181e+06
-16.0606,-14.2424,7.40879e+06
-16.0606,-13.6364,7.37583e+06
-16.0606,-13.0303,7.34295e+06
-16.0606,-12.4242,7.31014e+06
-16.0606,-11.8182,7.2774e+06
-16.0606,-11.2121,7.24474e+06
-16.0606,-10.6061,7.21215e+06
-16.0606,-10,7.17964e+06
-16.0606,-9.39394,7.1472e+06
-16.0606,-8.78788,7.11483e+06
-16.0606,-8.18182,7.08254e+06
-16.0606,-7.57576,7.05032e+06
-16.0606,-6.9697,7.01817e+06
-16.0606,-6.36364,6.98609e+06
-16.0606,-5.75758,6.95409e+06
-16.0606,-5.15152,6.92217e+06
-16.0606,-4.54545,6.89031e+06
-16.0606,-3.93939,6.85853e+06
-16.0606,-3.33333,6.82683e+06
-16.0606,-2.72727,6.79519e+06
-16.0606,-2.12121,6.76363e+06
-16.0606,-1.51515,6.73215e+06
-16.0606,-0.909091,6.70074e+06
-16.0606,-0.30303,6.6694e+06
-16.0606,0.30303,6.63813e+06
-16.0606,0.909091,6.60694e+06
-16.0606,1.51515,6.57582e+06
-16.0606,2.12121,6.54477e+06
-16.0606,2.72727,6.5138e+06
-16.0606,3.33333,6.4829e+06
-16.0606,3.93939,6.45208e+06
-16.0606,4.54545,6.42133e+06
-16.0606,5.15152,6.39065e+06
-16.0606,5.75758,6.36004e+06
-16.0606,6.36364,6.32951e+06
-16.0606,6.9697,6.29905e+06
-16.0606,7.57576,6.26867e+06
-16.0606,8.18182,6.23836e+06
-16.0606,8.78788,6.20812e+06
-16.0606,9.39394,6.17796e+06
-16.0606,10,6.14787e+06
-16.0606,10.6061,6.11785e+06
-16.0606,11.2121,6.08791e+06
-16.0606,11.8182,6.05804e+06
-16.0606,12.4242,6.02824e+06
-16.0606,13.0303,5.99852e+06
-16.0606,13.6364,5.96887e+06
-16.0606,14.2424,5.93929e+06
-16.0606,14.8485,5.90979e+06
-16.0606,15.4545,5.88036e+06
-16.0606,16.0606,5.851e+06
-16.0606,16.6667,5.82172e+06
-16.0606,17.2727,5.79251e+06
-16.0606,17.8788,5.76338e+06
-16.0606,18.4848,5.73431e+06
-16.0606,19.0909,5.70533e+06
-16.0606,19.697,5.67641e+06
-16.0606,20.303,5.64757e+06
-16.0606,20.9091,5.6188e+06
-16.0606,21.5152,5.59011e+06
-16.0606,22.1212,5.56149e+06
-16.0606,22.7273,5.53294e+06
-16.0606,23.3333,5.50446e+06
-16.0606,23.9394,5.47606e+06
-16.0606,24.5455,5.44774e+06
-16.0606,25.1515,5.41948e+06
-16.0606,25.7576,5.3913e+06
-16.0606,26.3636,5.36319e+06
-16.0606,26.9697,5.33516e+06
-16.0606,27.5758,5.3072e+06
-16.0606,28.1818,5.27931e+06
-16.0606,28.7879,5.2515e+06
-16.0606,29.3939,5.22376e+06
-16.0606,30,5.1961e+06
-15.4545,-30,7.22793e+06
-15.4545,-29.3939,7.19537e+06
-15.4545,-28.7879,7.1629e+06
-15.4545,-28.1818,7.13049e+06
-15.4545,-27.5758,7.09816e+06
-15.4545,-26.9697,7.06591e+06
-15.4545,-26.3636,7.03373e+06
-15.4545,-25.7576,7.00162e+06
-15.4545,-25.1515,6.96958e+06
-15.4545,-24.5455,6.93762e+06
-15.4545,-23.9394,6.90573e+06
-15.4545,-23.3333,6.87391e+06
-15.4545,-22.7273,6.84217e+06
-15.4545,-22.1212,6.8105e+06
-15.4545,-21.5152,6.77891e+06
-15.4545,-20.9091,6.74738e+06
-15.4545,-20.303,6.71594e+06
-15.4545,-19.697,6.68456e+06
-15.4545,-19.0909,6.65326e+06
-15.4545,-18.4848,6.62203e+06
-15.4545,-17.8788,6.59088e+06
-15.4545,-17.2727,6.5598e+06
-15.4545,-16.6667,6.52879e+06
-15.4545,-16.0606,6.49785e+06
-15.4545,-15.4545,6.46699e+06
-15.4545,-14.8485,6.43621e+06
-15.4545,-14.2424,6.40549e+06
-15.4545,-13.6364,6.37485e+06
-15.4545,-13.0303,6.34429e+06
-15.4545,-12.4242,6.31379e+06
-15.4545,-11.8182,6.28337e+06
-15.4545,-11.2121,6.25303e+06
-15.4545,-10.6061,6.22275e+06
-15.4545,-10,6.19255e+06
-15.4545,-9.39394,6.16243e+06
-15.4545,-8.78788,6.13237e+06
-15.4545,-8.18182,6.1024e+06
-15.4545,-7.57576,6.07249e+06
-15.4545,-6.9697,6.04266e+06
-15.4545,-6.36364,6.0129e+06
-15.4545,-5.75758,5.98321e+06
-15.4545,-5.15152,5.9536e+06
-15.4545,-4.54545,5.92406e+06
-15.4545,-3.93939,5.8946e+06
-15.4545,-3.33333,5.86521e+06
-15.4545,-2.72727,5.83589e+06
-15.4545,-2.12121,5.80664e+06
-15.4545,-1.51515,5.77747e+06
-15.4545,-0.909091,5.74838e+06
-15.4545,-0.30303,5.71935e+06
-15.4545,0.30303,5.6904e+06
-15.4545,0.909091,5.66152e+06
-15.4545,1.51515,5.63272e+06
-15.4545,2.12121,5.60399e+06
-15.4545,2.72727,5.57533e+06
-15.4545,3.33333,5.54675e+06
-15.4545,3.93939,5.51824e+06
-15.4545,4.54545,5.4898e+06
-15.4545,5.15152,5.46144e+06
-15.4545,5.75758,5.43315e+06
-15.4545,6.36364,5.40494e+06
-15.4545,6.9697,5.37679e+06
-15.4545,7.57576,5.34872e+06
-15.4545,8.18182,5.32073e+06
-15.4545,8.78788,5.29281e+06
-15.4545,9.39394,5.26496e+06
-15.4545,10,5.23718e+06
-15.4545,10.6061,5.20948e+06
-15.4545,11.2121,5.18185e+06
-15.4545,11.8182,5.1543e+06
-15.4545,12.4242,5.12682e+06
-15.4545,13.0303,5.09941e+06
-15.4545,13.6364,5.07207e+06
-15.4545,14.2424,5.04481e+06
-15.4545,14.8485,5.01762e+06
-15.4545,15.4545,4.99051e+06
-15.4545,16.0606,4.96347e+06
-15.4545,16.6667,4.9365e+06
-15.4545,17.2727,4.90961e+06
-15.4545,17.8788,4.88279e+06
-15.4545,18.4848,4.85604e+06
-15.4545,19.0909,4.82937e+06
-15.4545,19.697,4.80277e+06
-15.4545,20.303,4.77624e+06
-15.4545,20.9091,4.74979e+06
-15.4545,21.5152,4.72341e+06
-15.4545,22.1212,4.6971e+06
-15.4545,22.7273,4.67087e+06
-15.4545,23.3333,4.64471e+06
-15.4545,23.9394,4.61863e+06
-15.4545,24.5455,4.59261e+06
-15.4545,25.1515,4.56667e+06
-15.4545,25.7576,4.54081e+06
-15.4545,26.3636,4.51502e+06
-15.4545,26.9697,4.4893e+06
-15.4545,27.5758,4.46365e+06
-15.4545,28.1818,4.43808e+06
-15.4545,28.7879,4.41259e+06
-15.4545,29.3939,4.38716e+06
-15.4545,30,4.36181e+06
-14.8485,-30,6.27415e+06
-14.8485,-29.3939,6.24382e+06
-14.8485,-28.7879,6.21357e+06
-14.8485,-28.1818,6.1834e+06
-14.8485,-27.5758,6.15329e+06
-14.8485,-26.9697,6.12326e+06
-14.8485,-26.3636,6.09331e+06
-14.8485,-25.7576,6.06342e+06
-14.8485,-25.1515,6.03361e+06
-14.8485,-24.5455,6.00388e+06
-14.8485,-23.9394,5.97421e+06
-14.8485,-23.3333,5.94462e+06
-14.8485,-22.7273,5.91511e+06
-14.8485,-22.1212,5.88566e+06
-14.8485,-21.5152,5.8563e+06
-14.8485,-20.9091,5.827e+06
-14.8485,-20.303,5.79778e+06
-14.8485,-19.697,5.76863e+06
-14.8485,-19.0909,5.73955e+06
-14.8485,-18.4848,5.71055e+06
-14.8485,-17.8788,5.68162e+06
-14.8485,-17.2727,5.65277e+06
-14.8485,-16.6667,5.62399e+06
-14.8485,-16.0606,5.59528e+06
-14.8485,-15.4545,5.56664e+06
-14.8485,-14.8485,5.53808e+06
-14.8485,-14.2424,5.5096e+06
-14.8485,-13.6364,5.48118e+06
-14.8485,-13.0303,5.45284e+06
-14.8485,-12.4242,5.42457e+06
-14.8485,-11.8182,5.39638e+06
-14.8485,-11.2121,5.36826e+06
-14.8485,-10.6061,5.34021e+06
-14.8485,-10,5.31224e+06
-14.8485,-9.39394,5.28434e+06
-14.8485,-8.78788,5.25651e+06
-14.8485,-8.18182,5.22876e+06
-14.8485,-7.57576,5.20108e+06
-14.8485,-6.9697,5.17347e+06
-14.8485,-6.36364,5.14594e+06
-14.8485,-5.75758,5.11848e+06
-14.8485,-5.15152,5.0911e+06
-14.8485,-4.54545,5.06378e+06
-14.8485,-3.93939,5.03655e+06
-14.8485,-3.33333,5.00938e+06
-14.8485,-2.72727,4.98229e+06
-14.8485,-2.12121,4.95527e+06
-14.8485,-1.51515,4.92833e+06
-14.8485,-0.909091,4.90145e+06
-14.8485,-0.30303,4.87466e+06
-14.8485,0.30303,4.84793e+06
-14.8485,0.909091,4.82128e+06
-14.8485,1.51515,4.7947e+06
-14.8485,2.12121,4.7682e+06
-14.8485,2.72727,4.74177e+06
-14.8485,3.33333,4.71541e+06
-14.8485,3.93939,4.68913e+06
-14.8485,4.54545,4.66292e+06
-14.8485,5.15152,4.63678e+06
-14.8485,5.75758,4.61072e+06
-14.8485,6.36364,4.58473e+06
-14.8485,6.9697,4.55881e+06
-14.8485,7.57576,4.53297e+06
-14.8485,8.18182,4.5072e+06
-14.8485,8.78788,4.4815e+06
-14.8485,9.39394,4.45588e+06
-14.8485,10,4.43033e+06
-14.8485,10.6061,4.40485e+06
-14.8485,11.2121,4.37945e+06
-14.8485,11.8182,4.35412e+06
-14.8485,12.4242,4.32887e+06
-14.8485,13.0303,4.30369e+06
-14.8485,13.6364,4.27858e+06
-14.8485,14.2424,4.25354e+06
-14.8485,14.8485,4.22858e+06
-14.8485,15.4545,4.20369e+06
-14.8485,16.0606,4.17888e+06
-14.8485,16.6667,4.15414e+06
-14.8485,17.2727,4.12947e+06
-14.8485,17.8788,4.10488e+06
-14.8485,18.4848,4.08035e+06
-14.8485,19.0909,4.05591e+06
-14.8485,19.697,4.03153e+06
-14.8485,20.303,4.00723e+06
-14.8485,20.9091,3.98301e+06
-14.8485,21.5152,3.95885e+06
-14.8485,22.1212,3.93477e+06
-14.8485,22.7273,3.91077e+06
-14.8485,23.3333,3.88683e+06
-14.8485,23.9394,3.86297e+06
-14.8485,24.5455,3.83919e+06
-14.8485,25.1515,3.81548e+06
-14.8485,25.7576,3.79184e+06
-14.8485,26.3636,3.76827e+06
-14.8485,26.9697,3.74478e+06
-14.8485,27.5758,3.72136e+06
-14.8485,28.1818,3.69801e+06
-14.8485,28.7879,3.67474e+06
-14.8485,29.3939,3.65154e+06
-14.8485,30,3.62842e+06
-14.2424,-30,5.42199e+06
-14.2424,-29.3939,5.3938e+06
-14.2424,-28.7879,5.36569e+06
-14.2424,-28.1818,5.33765e+06
-14.2424,-27.5758,5.30968e+06
-14.2424,-26.9697,5.28179e+06
-14.2424,-26.3636,5.25397e+06
-14.2424,-25.7576,5.22622e+06
-14.2424,-25.1515,5.19855e+06
-14.2424,-24.5455,5.17095e+06
-14.2424,-23.9394,5.14342e+06
-14.2424,-23.3333,5.11597e+06
-14.2424,-22.7273,5.08859e+06
-14.2424,-22.1212,5.06129e+06
-14.2424,-21.5152,5.03405e+06
-14.2424,-20.9091,5.0069e+06
-14.2424,-20.303,4.97981e+06
-14.2424,-19.697,4.9528e+06
-14.2424,-19.0909,4.92586e+06
-14.2424,-18.4848,4.899e+06
-14.2424,-17.8788,4.8722e+06
-14.2424,-17.2727,4.84549e+06
-14.2424,-16.6667,4.81884e+06
-14.2424,-16.0606,4.79227e+06
-14.2424,-15.4545,4.76577e+06
-14.2424,-14.8485,4.73935e+06
-14.2424,-14.2424,4.713e+06
-14.2424,-13.6364,4.68672e+06
-14.2424,-13.0303,4.66052e+06
-14.2424,-12.4242,4.63439e+06
-14.2424,-11.8182,4.60833e+06
-14.2424,-11.2121,4.58235e+06
-14.2424,-10.6061,4.55644e+06
-14.2424,-10,4.5306e+06
-14.2424,-9.39394,4.50484e+06
-14.2424,-8.78788,4.47915e+06
-14.2424,-8.18182,4.45353e+06
-14.2424,-7.57576,4.42799e+06
-14.2424,-6.9697,4.40252e+06
-14.2424,-6.36364,4.37713e+06
-14.2424,-5.75758,4.3518e+06
-14.2424,-5.15152,4.32656e+06
-14.2424,-4.54545,4.30138e+06
-14.2424,-3.93939,4.27628e+06
-14.2424,-3.33333,4.25125e+06
-14.2424,-2.72727,4.2263e+06
-14.2424,-2.12121,4.20141e+06
-14.2424,-1.51515,4.17661e+06
-14.2424,-0.909091,4.15187e+06
-14.2424,-0.30303,4.12721e+06
-14.2424,0.30303,4.10262e+06
-14.2424,0.909091,4.07811e+06
-14.2424,1.51515,4.05367e+06
-14.2424,2.12121,4.0293e+06
-14.2424,2.72727,4.00501e+06
-14.2424,3.33333,3.98079e+06
-14.2424,3.93939,3.95664e+06
-14.2424,4.54545,3.93257e+06
-14.2424,5.15152,3.90857e+06
-14.2424,5.75758,3.88464e+06
-14.2424,6.36364,3.86079e+06
-14.2424,6.9697,3.83701e+06
-14.2424,7.57576,3.8133e+06
-14.2424,8.18182,3.78967e+06
-14.2424,8.78788,3.76611e+06
-14.2424,9.39394,3.74263e+06
-14.2424,10,3.71922e+06
-14.2424,10.6061,3.69588e+06
-14.2424,11.2121,3.67261e+06
-14.2424,11.8182,3.64942e+06
-14.2424,12.4242,3.6263e+06
-14.2424,13.0303,3.60326e+06
-14.2424,13.6364,3.58029e+06
-14.2424,14.2424,3.55739e+06
-14.2424,14.8485,3.53456e+06
-14.2424,15.4545,3.51181e+06
-14.2424,16.0606,3.48913e+06
-14.2424,16.6667,3.46653e+06
-14.2424,17.2727,3.444e+06
-14.2424,17.8788,3.42154e+06
-14.2424,18.4848,3.39916e+06
-14.2424,19.0909,3.37685e+06
-14.2424,19.697,3.35461e+06
-14.2424,20.303,3.33245e+06
-14.2424,20.9091,3.31036e+06
-14.2424,21.5152,3.28834e+06
-14.2424,22.1212,3.2664e+06
-14.2424,22.7273,3.24453e+06
-14.2424,23.3333,3.22274e+06
-14.2424,23.9394,3.20101e+06
-14.2424,24.5455,3.17936e+06
-14.2424,25.1515,3.15779e+06
-14.2424,25.7576,3.13629e+06
-14.2424,26.3636,3.11486e+06
-14.2424,26.9697,3.0935e+06
-14.2424,27.5758,3.07222e+06
-14.2424,28.1818,3.05101e+06
-14.2424,28.7879,3.02988e+06
-14.2424,29.3939,3.00882e+06
-14.2424,30,2.98783e+06
-13.6364,-30,4.66367e+06
-13.6364,-29.3939,4.63753e+06
-13.6364,-28.7879,4.61147e+06
-13.6364,-28.1818,4.58548e+06
-13.6364,-27.5758,4.55956e+06
-13.6364,-26.9697,4.53371e+06
-13.6364,-26.3636,4.50794e+06
-13.6364,-25.7576,4.48224e+06
-13.6364,-25.1515,4.45662e+06
-13.6364,-24.5455,4.43107e+06
-13.6364,-23.9394,4.40559e+06
-13.6364,-23.3333,4.38018e+06
-13.6364,-22.7273,4.35485e+06
-13.6364,-22.1212,4.32959e+06
-13.6364,-21.5152,4.30441e+06
-13.6364,-20.9091,4.2793e+06
-13.6364,-20.303,4.25426e+06
-13.6364,-19.697,4.2293e+06
-13.6364,-19.0909,4.20441e+06
-13.6364,-18.4848,4.17959e+06
-13.6364,-17.8788,4.15485e+06
-13.6364,-17.2727,4.13018e+06
-13.6364,-16.6667,4.10558e+06
-13.6364,-16.0606,4.08106e+06
-13.6364,-15.4545,4.05661e+06
-13.6364,-14.8485,4.03223e+06
-13.6364,-14.2424,4.00793e+06
-13.6364,-13.6364,3.9837e+06
-13.6364,-13.0303,3.95955e+06
-13.6364,-12.4242,3.93546e+06
-13.6364,-11.8182,3.91146e+06
-13.6364,-11.2121,3.88752e+06
-13.6364,-10.6061,3.86366e+06
-13.6364,-10,3.83987e+06
-13.6364,-9.39394,3.81616e+06
-13.6364,-8.78788,3.79251e+06
-13.6364,-8.18182,3.76895e+06
-13.6364,-7.57576,3.74545e+06
-13.6364,-6.9697,3.72203e+06
-13.6364,-6.36364,3.69868e+06
-13.6364,-5.75758,3.67541e+06
-13.6364,-5.15152,3.65221e+06
-13.6364,-4.54545,3.62908e+06
-13.6364,-3.93939,3.60603e+06
-13.6364,-3.33333,3.58305e+06
-13.6364,-2.72727,3.56014e+06
-13.6364,-2.12121,3.53731e+06
-13.6364,-1.51515,3.51455e+06
-13.6364,-0.909091,3.49186e+06
-13.6364,-0.30303,3.46925e+06
-13.6364,0.30303,3.44671e+06
-13.6364,0.909091,3.42424e+06
-13.6364,1.51515,3.40185e+06
-13.6364,2.12121,3.37953e+06
-13.6364,2.72727,3.35729e+06
-13.6364,3.33333,3.33511e+06
-13.6364,3.93939,3.31302e+06
-13.6364,4.54545,3.29099e+06
-13.6364,5.15152,3.26904e+06
-13.6364,5.75758,3.24716e+06
-13.6364,6.36364,3.22536e+06
-13.6364,6.9697,3.20362e+06
-13.6364,7.57576,3.18197e+06
-13.6364,8.18182,3.16038e+06
-13.6364,8.78788,3.13887e+06
-13.6364,9.39394,3.11743e+06
-13.6364,10,3.09607e+06
-13.6364,10.6061,3.07478e+06
-13.6364,11.2121,3.05356e+06
-13.6364,11.8182,3.03242e+06
-13.6364,12.4242,3.01135e+06
-13.6364,13.0303,2.99035e+06
-13.6364,13.6364,2.96943e+06
-13.6364,14.2424,2.94858e+06
-13.6364,14.8485,2.9278e+06
-13.6364,15.4545,2.9071e+06
-13.6364,16.0606,2.88647e+06
-13.6364,16.6667,2.86591e+06
-13.6364,17.2727,2.84543e+06
-13.6364,17.8788,2.82502e+06
-13.6364,18.4848,2.80469e+06
-13.6364,19.0909,2.78442e+06
-13.6364,19.697,2.76423e+06
-13.6364,20.303,2.74412e+06
-13.6364,20.9091,2.72408e+06
-13.6364,21.5152,2.70411e+06
-13.6364,22.1212,2.68421e+06
-13.6364,22.7273,2.66439e+06
-13.6364,23.3333,2.64465e+06
-13.6364,23.9394,2.62497e+06
-13.6364,24.5455,2.60537e+06
-13.6364,25.1515,2.58584e+06
-13.6364,25.7576,2.56639e+06
-13.6364,26.3636,2.54701e+06
-13.6364,26.9697,2.5277e+06
-13.6364,27.5758,2.50847e+06
-13.6364,28.1818,2.48931e+06
-13.6364,28.7879,2.47022e+06
-13.6364,29.3939,2.45121e+06
-13.6364,30,2.43227e+06
-13.0303,-30,3.99175e+06
-13.0303,-29.3939,3.96757e+06
-13.0303,-28.7879,3.94347e+06
-13.0303,-28.1818,3.91943e+06
-13.0303,-27.5758,3.89547e+06
-13.0303,-26.9697,3.87159e+06
-13.0303,-26.3636,3.84777e+06
-13.0303,-25.7576,3.82404e+06
-13.0303,-25.1515,3.80037e+06
-13.0303,-24.5455,3.77678e+06
-13.0303,-23.9394,3.75326e+06
-13.0303,-23.3333,3.72981e+06
-13.0303,-22.7273,3.70644e+06
-13.0303,-22.1212,3.68314e+06
-13.0303,-21.5152,3.65992e+06
-13.0303,-20.9091,3.63677e+06
-13.0303,-20.303,3.61369e+06
-13.0303,-19.697,3.59068e+06
-13.0303,-19.0909,3.56775e+06
-13.0303,-18.4848,3.54489e+06
-13.0303,-17.8788,3.52211e+06
-13.0303,-17.2727,3.4994e+06
-13.0303,-16.6667,3.47676e+06
-13.0303,-16.0606,3.4542e+06
-13.0303,-15.4545,3.43171e+06
-13.0303,-14.8485,3.40929e+06
-13.0303,-14.2424,3.38695e+06
-13.0303,-13.6364,3.36468e+06
-13.0303,-13.0303,3.34248e+06
-13.0303,-12.4242,3.32036e+06
-13.0303,-11.8182,3.29831e+06
-13.0303,-11.2121,3.27633e+06
-13.0303,-10.6061,3.25443e+06
-13.0303,-10,3.2326e+06
-13.0303,-9.39394,3.21084e+06
-13.0303,-8.78788,3.18916e+06
-13.0303,-8.18182,3.16755e+06
-13.0303,-7.57576,3.14602e+06
-13.0303,-6.9697,3.12455e+06
-13.0303,-6.36364,3.10316e+06
-13.0303,-5.75758,3.08185e+06
-13.0303,-5.15152,3.06061e+06
-13.0303,-4.54545,3.03944e+06
-13.0303,-3.93939,3.01835e+06
-13.0303,-3.33333,2.99732e+06
-13.0303,-2.72727,2.97638e+06
-13.0303,-2.12121,2.9555e+06
-13.0303,-1.51515,2.9347e+06
-13.0303,-0.909091,2.91397e+06
-13.0303,-0.30303,2.89332e+06
-13.0303,0.30303,2.87274e+06
-13.0303,0.909091,2.85223e+06
-13.0303,1.51515,2.8318e+06
-13.0303,2.12121,2.81144e+06
-13.0303,2.72727,2.79115e+06
-13.0303,3.33333,2.77094e+06
-13.0303,3.93939,2.7508e+06
-13.0303,4.54545,2.73073e+06
-13.0303,5.15152,2.71074e+06
-13.0303,5.75758,2.69082e+06
-13.0303,6.36364,2.67098e+06
-13.0303,6.9697,2.6512e+06
-13.0303,7.57576,2.6315e+06
-13.0303,8.18182,2.61188e+06
-13.0303,8.78788,2.59233e+06
-13.0303,9.39394,2.57285e+06
-13.0303,10,2.55344e+06
-13.0303,10.6061,2.53411e+06
-13.0303,11.2121,2.51485e+06
-13.0303,11.8182,2.49567e+06
-13.0303,12.4242,2.47656e+06
-13.0303,13.0303,2.45752e+06
-13.0303,13.6364,2.43856e+06
-13.0303,14.2424,2.41966e+06
-13.0303,14.8485,2.40085e+06
-13.0303,15.4545,2.3821e+06
-13.0303,16.0606,2.36343e+06
-13.0303,16.6667,2.34484e+06
-13.0303,17.2727,2.32631e+06
-13.0303,17.8788,2.30786e+06
-13.0303,18.4848,2.28949e+06
-13.0303,19.0909,2.27118e+06
-13.0303,19.697,2.25295e+06
-13.0303,20.303,2.2348e+06
-13.0303,20.9091,2.21671e+06
-13.0303,21.5152,2.1987e+06
-13.0303,22.1212,2.18077e+06
-13.0303,22.7273,2.16291e+06
-13.0303,23.3333,2.14512e+06
-13.0303,23.9394,2.1274e+06
-13.0303,24.5455,2.10976e+06
-13.0303,25.1515,2.09219e+06
-13.0303,25.7576,2.0747e+06
-13.0303,26.3636,2.05727e+06
-13.0303,26.9697,2.03993e+06
-13.0303,27.5758,2.02265e+06
-13.0303,28.1818,2.00545e+06
-13.0303,28.7879,1.98832e+06
-13.0303,29.3939,1.97127e+06
-13.0303,30,1.95429e+06
-12.4242,-30,3.39911e+06
-12.4242,-29.3939,3.3768e+06
-12.4242,-28.7879,3.35456e+06
-12.4242,-28.1818,3.3324e+06
-12.4242,-27.5758,3.31031e+06
-12.4242,-26.9697,3.28829e+06
-12.4242,-26.3636,3.26635e+06
-12.4242,-25.7576,3.24448e+06
-12.4242,-25.1515,3.22268e+06
-12.4242,-24.5455,3.20096e+06
-12.4242,-23.9394,3.17931e+06
-12.4242,-23.3333,3.15774e+06
-12.4242,-22.7273,3.13623e+06
-12.4242,-22.1212,3.11481e+06
-12.4242,-21.5152,3.09345e+06
-12.4242,-20.9091,3.07217e+06
-12.4242,-20.303,3.05096e+06
-12.4242,-19.697,3.02983e+06
-12.4242,-19.0909,3.00876e+06
-12.4242,-18.4848,2.98778e+06
-12.4242,-17.8788,2.96686e+06
-12.4242,-17.2727,2.94602e+06
-12.4242,-16.6667,2.92525e+06
-12.4242,-16.0606,2.90456e+06
-12.4242,-15.4545,2.88394e+06
-12.4242,-14.8485,2.86339e+06
-12.4242,-14.2424,2.84292e+06
-12.4242,-13.6364,2.82252e+06
-12.4242,-13.0303,2.80219e+06
-12.4242,-12.4242,2.78194e+06
-12.4242,-11.8182,2.76176e+06
-12.4242,-11.2121,2.74165e+06
-12.4242,-10.6061,2.72162e+06
-12.4242,-10,2.70166e+06
-12.4242,-9.39394,2.68177e+06
-12.4242,-8.78788,2.66196e+06
-12.4242,-8.18182,2.64222e+06
-12.4242,-7.57576,2.62256e+06
-12.4242,-6.9697,2.60297e+06
-12.4242,-6.36364,2.58345e+06
-12.4242,-5.75758,2.564e+06
-12.4242,-5.15152,2.54463e+06
-12.4242,-4.54545,2.52533e+06
-12.4242,-3.93939,2.50611e+06
-12.4242,-3.33333,2.48696e+06
-12.4242,-2.72727,2.46788e+06
-12.4242,-2.12121,2.44887e+06
-12.4242,-1.51515,2.42994e+06
-12.4242,-0.909091,2.41109e+06
-12.4242,-0.30303,2.3923e+06
-12.4242,0.30303,2.37359e+06
-12.4242,0.909091,2.35495e+06
-12.4242,1.51515,2.33639e+06
-12.4242,2.12121,2.3179e+06
-12.4242,2.72727,2.29948e+06
-12.4242,3.33333,2.28114e+06
-12.4242,3.93939,2.26287e+06
-12.4242,4.54545,2.24467e+06
-12.4242,5.15152,2.22655e+06
-12.4242,5.75758,2.2085e+06
-12.4242,6.36364,2.19053e+06
-12.4242,6.9697,2.17262e+06
-12.4242,7.57576,2.15479e+06
-12.4242,8.18182,2.13704e+06
-12.4242,8.78788,2.11936e+06
-12.4242,9.39394,2.10175e+06
-12.4242,10,2.08421e+06
-12.4242,10.6061,2.06675e+06
-12.4242,11.2121,2.04936e+06
-12.4242,11.8182,2.03205e+06
-12.4242,12.4242,2.01481e+06
-12.4242,13.0303,1.99764e+06
-12.4242,13.6364,1.98055e+06
-12.4242,14.2424,1.96352e+06
-12.4242,14.8485,1.94658e+06
-12.4242,15.4545,1.9297e+06
-12.4242,16.0606,1.9129e+06
-12.4242,16.6667,1.89618e+06
-12.4242,17.2727,1.87952e+06
-12.4242,17.8788,1.86294e+06
-12.4242,18.4848,1.84643e+06
-12.4242,19.0909,1.83e+06
-12.4242,19.697,1.81364e+06
-12.4242,20.303,1.79736e+06
-12.4242,20.9091,1.78114e+06
-12.4242,21.5152,1.765e+06
-12.4242,22.1212,1.74894e+06
-12.4242,22.7273,1.73295e+06
-12.4242,23.3333,1.71703e+06
-12.4242,23.9394,1.70118e+06
-12.4242,24.5455,1.68541e+06
-12.4242,25.1515,1.66971e+06
-12.4242,25.7576,1.65408e+06
-12.4242,26.3636,1.63853e+06
-12.4242,26.9697,1.62305e+06
-12.4242,27.5758,1.60765e+06
-12.4242,28.1818,1.59232e+06
-12.4242,28.7879,1.57706e+06
-12.4242,29.3939,1.56188e+06
-12.4242,30,1.54677e+06
-11.8182,-30,2.87894e+06
-11.8182,-29.3939,2.85841e+06
-11.8182,-28.7879,2.83795e+06
-11.8182,-28.1818,2.81757e+06
-11.8182,-27.5758,2.79726e+06
-11.8182,-26.9697,2.77702e+06
-11.8182,-26.3636,2.75686e+06
-11.8182,-25.7576,2.73677e+06
-11.8182,-25.1515,2.71676e+06
-11.8182,-24.5455,2.69682e+06
-11.8182,-23.9394,2.67695e+06
-11.8182,-23.3333,2.65715e+06
-11.8182,-22.7273,2.63743e+06
-11.8182,-22.1212,2.61779e+06
-11.8182,-21.5152,2.59821e+06
-11.8182,-20.9091,2.57871e+06
-11.8182,-20.303,2.55928e+06
-11.8182,-19.697,2.53993e+06
-11.8182,-19.0909,2.52065e+06
-11.8182,-18.4848,2.50144e+06
-11.8182,-17.8788,2.48231e+06
-11.8182,-17.2727,2.46325e+06
-11.8182,-16.6667,2.44426e+06
-11.8182,-16.0606,2.42535e+06
-11.8182,-15.4545,2.40651e+06
-11.8182,-14.8485,2.38774e+06
-11.8182,-14.2424,2.36905e+06
-11.8182,-13.6364,2.35043e+06
-11.8182,-13.0303,2.33188e+06
-11.8182,-12.4242,2.31341e+06
-11.8182,-11.8182,2.29501e+06
-11.8182,-11.2121,2.27669e+06
-11.8182,-10.6061,2.25844e+06
-11.8182,-10,2.24026e+06
-11.8182,-9.39394,2.22215e+06
-11.8182,-8.78788,2.20412e+06
-11.8182,-8.18182,2.18616e+06
-11.8182,-7.57576,2.16828e+06
-11.8182,-6.9697,2.15047e+06
-11.8182,-6.36364,2.13273e+06
-11.8182,-5.75758,2.11507e+06
-11.8182,-5.15152,2.09747e+06
-11.8182,-4.54545,2.07996e+06
-11.8182,-3.93939,2.06251e+06
-11.8182,-3.33333,2.04514e+06
-11.8182,-2.72727,2.02785e+06
-11.8182,-2.12121,2.01062e+06
-11.8182,-1.51515,1.99347e+06
-11.8182,-0.909091,1.9764e+06
-11.8182,-0.30303,1.95939e+06
-11.8182,0.30303,1.94246e+06
-11.8182,0.909091,1.92561e+06
-11.8182,1.51515,1.90882e+06
-11.8182,2.12121,1.89212e+06
-11.8182,2.72727,1.87548e+06
-11.8182,3.33333,1.85892e+06
-11.8182,3.93939,1.84243e+06
-11.8182,4.54545,1.82601e+06
-11.8182,5.15152,1.80967e+06
-11.8182,5.75758,1.7934e+06
-11.8182,6.36364,1.77721e+06
-11.8182,6.9697,1.76109e+06
-11.8182,7.57576,1.74504e+06
-11.8182,8.18182,1.72906e+06
-11.8182,8.78788,1.71316e+06
-11.8182,9.39394,1.69733e+06
-11.8182,10,1.68158e+06
-11.8182,10.6061,1.6659e+06
-11.8182,11.2121,1.65029e+06
-11.8182,11.8182,1.63476e+06
-11.8182,12.4242,1.6193e+06
-11.8182,13.0303,1.60391e+06
-11.8182,13.6364,1.5886e+06
-11.8182,14.2424,1.57336e+06
-11.8182,14.8485,1.55819e+06
-11.8182,15.4545,1.5431e+06
-11.8182,16.0606,1.52808e+06
-11.8182,16.6667,1.51313e+06
-11.8182,17.2727,1.49826e+06
-11.8182,17.8788,1.48346e+06
-11.8182,18.4848,1.46873e+06
-11.8182,19.0909,1.45408e+06
-11.8182,19.697,1.4395e+06
-11.8182,20.303,1.425e+06
-11.8182,20.9091,1.41057e+06
-11.8182,21.5152,1.39621e+06
-11.8182,22.1212,1.38192e+06
-11.8182,22.7273,1.36771e+06
-11.8182,23.3333,1.35357e+06
-11.8182,23.9394,1.33951e+06
-11.8182,24.5455,1.32552e+06
-11.8182,25.1515,1.3116e+06
-11.8182,25.7576,1.29776e+06
-11.8182,26.3636,1.28398e+06
-11.8182,26.9697,1.27029e+06
-11.8182,27.5758,1.25666e+06
-11.8182,28.1818,1.24311e+06
-11.8182,28.7879,1.22964e+06
-11.8182,29.3939,1.21623e+06
-11.8182,30,1.2029e+06
-11.2121,-30,2.42476e+06
-11.2121,-29.3939,2.40592e+06
-11.2121,-28.7879,2.38716e+06
-11.2121,-28.1818,2.36847e+06
-11.2121,-27.5758,2.34985e+06
-11.2121,-26.9697,2.33131e+06
-11.2121,-26.3636,2.31284e+06
-11.2121,-25.7576,2.29444e+06
-11.2121,-25.1515,2.27612e+06
-11.2121,-24.5455,2.25787e+06
-11.2121,-23.9394,2.23969e+06
-11.2121,-23.3333,2.22159e+06
-11.2121,-22.7273,2.20356e+06
-11.2121,-22.1212,2.18561e+06
-11.2121,-21.5152,2.16772e+06
-11.2121,-20.9091,2.14991e+06
-11.2121,-20.303,2.13218e+06
-11.2121,-19.697,2.11452e+06
-11.2121,-19.0909,2.09693e+06
-11.2121,-18.4848,2.07941e+06
-11.2121,-17.8788,2.06197e+06
-11.2121,-17.2727,2.0446e+06
-11.2121,-16.6667,2.02731e+06
-11.2121,-16.0606,2.01009e+06
-11.2121,-15.4545,1.99294e+06
-11.2121,-14.8485,1.97586e+06
-11.2121,-14.2424,1.95886e+06
-11.2121,-13.6364,1.94194e+06
-11.2121,-13.0303,1.92508e+06
-11.2121,-12.4242,1.9083e+06
-11.2121,-11.8182,1.89159e+06
-11.2121,-11.2121,1.87496e+06
-11.2121,-10.6061,1.8584e+06
-11.2121,-10,1.84191e+06
-11.2121,-9.39394,1.8255e+06
-11.2121,-8.78788,1.80916e+06
-11.2121,-8.18182,1.7929e+06
-11.2121,-7.57576,1.7767e+06
-11.2121,-6.9697,1.76058e+06
-11.2121,-6.36364,1.74454e+06
-11.2121,-5.75758,1.72857e+06
-11.2121,-5.15152,1.71267e+06
-11.2121,-4.54545,1.69684e+06
-11.2121,-3.93939,1.68109e+06
-11.2121,-3.33333,1.66541e+06
-11.2121,-2.72727,1.64981e+06
-11.2121,-2.12121,1.63427e+06
-11.2121,-1.51515,1.61882e+06
-11.2121,-0.909091,1.60343e+06
-11.2121,-0.30303,1.58812e+06
-11.2121,0.30303,1.57288e+06
-11.2121,0.909091,1.55772e+06
-11.2121,1.51515,1.54263e+06
-11.2121,2.12121,1.52761e+06
-11.2121,2.72727,1.51267e+06
-11.2121,3.33333,1.49779e+06
-11.2121,3.93939,1.483e+06
-11.2121,4.54545,1.46827e+06
-11.2121,5.15152,1.45362e+06
-11.2121,5.75758,1.43905e+06
-11.2121,6.36364,1.42454e+06
-11.2121,6.9697,1.41011e+06
-11.2121,7.57576,1.39576e+06
-11.2121,8.18182,1.38148e+06
-11.2121,8.78788,1.36727e+06
-11.2121,9.39394,1.35313e+06
-11.2121,10,1.33907e+06
-11.2121,10.6061,1.32508e+06
-11.2121,11.2121,1.31116e+06
-11.2121,11.8182,1.29732e+06
-11.2121,12.4242,1.28355e+06
-11.2121,13.0303,1.26986e+06
-11.2121,13.6364,1.25624e+06
-11.2121,14.2424,1.24269e+06
-11.2121,14.8485,1.22921e+06
-11.2121,15.4545,1.21581e+06
-11.2121,16.0606,1.20248e+06
-11.2121,16.6667,1.18923e+06
-11.2121,17.2727,1.17605e+06
-11.2121,17.8788,1.16294e+06
-11.2121,18.4848,1.14991e+06
-11.2121,19.0909,1.13695e+06
-11.2121,19.697,1.12406e+06
-11.2121,20.303,1.11125e+06
-11.2121,20.9091,1.09851e+06
-11.2121,21.5152,1.08584e+06
-11.2121,22.1212,1.07325e+06
-11.2121,22.7273,1.06073e+06
-11.2121,23.3333,1.04828e+06
-11.2121,23.9394,1.03591e+06
-11.2121,24.5455,1.02361e+06
-11.2121,25.1515,1.01138e+06
-11.2121,25.7576,999231
-11.2121,26.3636,987152
-11.2121,26.9697,975147
-11.2121,27.5758,963215
-11.2121,28.1818,951356
-11.2121,28.7879,939571
-11.2121,29.3939,927860
-11.2121,30,916221
-10.6061,-30,2.03043e+06
-10.6061,-29.3939,2.0132e+06
-10.6061,-28.7879,1.99604e+06
-10.6061,-28.1818,1.97895e+06
-10.6061,-27.5758,1.96193e+06
-10.6061,-26.9697,1.94499e+06
-10.6061,-26.3636,1.92813e+06
-10.6061,-25.7576,1.91133e+06
-10.6061,-25.1515,1.89461e+06
-10.6061,-24.5455,1.87797e+06
-10.6061,-23.9394,1.86139e+06
-10.6061,-23.3333,1.84489e+06
-10.6061,-22.7273,1.82847e+06
-10.6061,-22.1212,1.81211e+06
-10.6061,-21.5152,1.79583e+06
-10.6061,-20.9091,1.77963e+06
-10.6061,-20.303,1.76349e+06
-10.6061,-19.697,1.74744e+06
-10.6061,-19.0909,1.73145e+06
-10.6061,-18.4848,1.71554e+06
-10.6061,-17.8788,1.6997e+06
-10.6061,-17.2727,1.68393e+06
-10.6061,-16.6667,1.66824e+06
-10.6061,-16.0606,1.65262e+06
-10.6061,-15.4545,1.63708e+06
-10.6061,-14.8485,1.62161e+06
-10.6061,-14.2424,1.60621e+06
-10.6061,-13.6364,1.59088e+06
-10.6061,-13.0303,1.57563e+06
-10.6061,-12.4242,1.56045e+06
-10.6061,-11.8182,1.54535e+06
-10.6061,-11.2121,1.53032e+06
-10.6061,-10.6061,1.51536e+06
-10.6061,-10,1.50048e+06
-10.6061,-9.39394,1.48567e+06
-10.6061,-8.78788,1.47093e+06
-10.6061,-8.18182,1.45627e+06
-10.6061,-7.57576,1.44168e+06
-10.6061,-6.9697,1.42716e+06
-10.6061,-6.36364,1.41272e+06
-10.6061,-5.75758,1.39835e+06
-10.6061,-5.15152,1.38405e+06
-10.6061,-4.54545,1.36983e+06
-10.6061,-3.93939,1.35568e+06
-10.6061,-3.33333,1.3416e+06
-10.6061,-2.72727,1.3276e+06
-10.6061,-2.12121,1.31367e+06
-10.6061,-1.51515,1.29982e+06
-10.6061,-0.909091,1.28604e+06
-10.6061,-0.30303,1.27233e+06
-10.6061,0.30303,1.25869e+06
-10.6061,0.909091,1.24513e+06
-10.6061,1.51515,1.23164e+06
-10.6061,2.12121,1.21823e+06
-10.6061,2.72727,1.20489e+06
-10.6061,3.33333,1.19162e+06
-10.6061,3.93939,1.17843e+06
-10.6061,4.54545,1.16531e+06
-10.6061,5.15152,1.15226e+06
-10.6061,5.75758,1.13928e+06
-10.6061,6.36364,1.12638e+06
-10.6061,6.9697,1.11356e+06
-10.6061,7.57576,1.1008e+06
-10.6061,8.18182,1.08812e+06
-10.6061,8.78788,1.07552e+06
-10.6061,9.39394,1.06298e+06
-10.6061,10,1.05052e+06
-10.6061,10.6061,1.03814e+06
-10.6061,11.2121,1.02583e+06
-10.6061,11.8182,1.01359e+06
-10.6061,12.4242,1.00142e+06
-10.6061,13.0303,989328
-10.6061,13.6364,977310
-10.6061,14.2424,965364
-10.6061,14.8485,953492
-10.6061,15.4545,941694
-10.6061,16.0606,929969
-10.6061,16.6667,918317
-10.6061,17.2727,906739
-10.6061,17.8788,895235
-10.6061,18.4848,883804
-10.6061,19.0909,872446
-10.6061,19.697,861162
-10.6061,20.303,849951
-10.6061,20.9091,838814
-10.6061,21.5152,827750
-10.6061,22.1212,816760
-10.6061,22.7273,805843
-10.6061,23.3333,794999
-10.6061,23.9394,784230
-10.6061,24.5455,773533
-10.6061,25.1515,762910
-10.6061,25.7576,752360
-10.6061,26.3636,741884
-10.6061,26.9697,731482
-10.6061,27.5758,721152
-10.6061,28.1818,710897
-10.6061,28.7879,700714
-10.6061,29.3939,690606
-10.6061,30,680570
-10,-30,1.69012e+06
-10,-29.3939,1.6744e+06
-10,-28.7879,1.65875e+06
-10,-28.1818,1.64318e+06
-10,-27.5758,1.62768e+06
-10,-26.9697,1.61225e+06
-10,-26.3636,1.5969e+06
-10,-25.7576,1.58162e+06
-10,-25.1515,1.56641e+06
-10,-24.5455,1.55128e+06
-10,-23.9394,1.53622e+06
-10,-23.3333,1.52123e+06
-10,-22.7273,1.50632e+06
-10,-22.1212,1.49148e+06
-10,-21.5152,1.47671e+06
-10,-20.9091,1.46202e+06
-10,-20.303,1.4474e+06
-10,-19.697,1.43286e+06
-10,-19.0909,1.41839e+06
-10,-18.4848,1.40399e+06
-10,-17.8788,1.38966e+06
-10,-17.2727,1.37541e+06
-10,-16.6667,1.36123e+06
-10,-16.0606,1.34713e+06
-10,-15.4545,1.3331e+06
-10,-14.8485,1.31914e+06
-10,-14.2424,1.30525e+06
-10,-13.6364,1.29144e+06
-10,-13.0303,1.27771e+06
-10,-12.4242,1.26404e+06
-10,-11.8182,1.25045e+06
-10,-11.2121,1.23693e+06
-10,-10.6061,1.22349e+06
-10,-10,1.21012e+06
-10,-9.39394,1.19682e+06
-10,-8.78788,1.1836e+06
-10,-8.18182,1.17045e+06
-10,-7.57576,1.15738e+06
-10,-6.9697,1.14437e+06
-10,-6.36364,1.13144e+06
-10,-5.75758,1.11859e+06
-10,-5.15152,1.10581e+06
-10,-4.54545,1.0931e+06
-10,-3.93939,1.08046e+06
-10,-3.33333,1.0679e+06
-10,-2.72727,1.05541e+06
-10,-2.12121,1.043e+06
-10,-1.51515,1.03065e+06
-10,-0.909091,1.01839e+06
-10,-0.30303,1.00619e+06
-10,0.30303,994070
-10,0.909091,982022
-10,1.51515,970048
-10,2.12121,958147
-10,2.72727,946319
-10,3.33333,934565
-10,3.93939,922885
-10,4.54545,911278
-10,5.15152,899745
-10,5.75758,888284
-10,6.36364,876898
-10,6.9697,865585
-10,7.57576,854345
-10,8.18182,843179
-10,8.78788,832086
-10,9.39394,821067
-10,10,810121
-10,10.6061,799249
-10,11.2121,788450
-10,11.8182,777724
-10,12.4242,767072
-10,13.0303,756494
-10,13.6364,745989
-10,14.2424,735557
-10,14.8485,725199
-10,15.4545,714914
-10,16.0606,704703
-10,16.6667,694565
-10,17.2727,684501
-10,17.8788,674510
-10,18.4848,664593
-10,19.0909,654749
-10,19.697,644979
-10,20.303,635282
-10,20.9091,625658
-10,21.5152,616108
-10,22.1212,606632
-10,22.7273,597228
-10,23.3333,587899
-10,23.9394,578643
-10,24.5455,569460
-10,25.1515,560351
-10,25.7576,551315
-10,26.3636,542352
-10,26.9697,533464
-10,27.5758,524648
-10,28.1818,515906
-10,28.7879,507238
-10,29.3939,498643
-10,30,490121
-9.39394,-30,1.39832e+06
-9.39394,-29.3939,1.38403e+06
-9.39394,-28.7879,1.3698e+06
-9.39394,-28.1818,1.35565e+06
-9.39394,-27.5758,1.34158e+06
-9.39394,-26.9697,1.32758e+06
-9.39394,-26.3636,1.31365e+06
-9.39394,-25.7576,1.29979e+06
-9.39394,-25.1515,1.28601e+06
-9.39394,-24.5455,1.2723e+06
-9.39394,-23.9394,1.25867e+06
-9.39394,-23.3333,1.2451e+06
-9.39394,-22.7273,1.23162e+06
-9.39394,-22.1212,1.2182e+06
-9.39394,-21.5152,1.20486e+06
-9.39394,-20.9091,1.19159e+06
-9.39394,-20.303,1.1784e+06
-9.39394,-19.697,1.16528e+06
-9.39394,-19.0909,1.15223e+06
-9.39394,-18.4848,1.13926e+06
-9.39394,-17.8788,1.12636e+06
-9.39394,-17.2727,1.11353e+06
-9.39394,-16.6667,1.10078e+06
-9.39394,-16.0606,1.0881e+06
-9.39394,-15.4545,1.07549e+06
-9.39394,-14.8485,1.06296e+06
-9.39394,-14.2424,1.0505e+06
-9.39394,-13.6364,1.03811e+06
-9.39394,-13.0303,1.0258e+06
-9.39394,-12.4242,1.01356e+06
-9.39394,-11.8182,1.00139e+06
-9.39394,-11.2121,989302
-9.39394,-10.6061,977283
-9.39394,-10,965338
-9.39394,-9.39394,953466
-9.39394,-8.78788,941667
-9.39394,-8.18182,929942
-9.39394,-7.57576,918291
-9.39394,-6.9697,906713
-9.39394,-6.36364,895208
-9.39394,-5.75758,883777
-9.39394,-5.15152,872419
-9.39394,-4.54545,861135
-9.39394,-3.93939,849925
-9.39394,-3.33333,838787
-9.39394,-2.72727,827723
-9.39394,-2.12121,816733
-9.39394,-1.51515,805816
-9.39394,-0.909091,794973
-9.39394,-0.30303,784203
-9.39394,0.30303,773506
-9.39394,0.909091,762883
-9.39394,1.51515,752334
-9.39394,2.12121,741858
-9.39394,2.72727,731455
-9.39394,3.33333,721126
-9.39394,3.93939,710870
-9.39394,4.54545,700688
-9.39394,5.15152,690579
-9.39394,5.75758,680544
-9.39394,6.36364,670582
-9.39394,6.9697,660693
-9.39394,7.57576,650878
-9.39394,8.18182,641137
-9.39394,8.78788,631469
-9.39394,9.39394,621874
-9.39394,10,612353
-9.39394,10.6061,602906
-9.39394,11.2121,593531
-9.39394,11.8182,584231
-9.39394,12.4242,575003
-9.39394,13.0303,565850
-9.39394,13.6364,556769
-9.39394,14.2424,547762
-9.39394,14.8485,538829
-9.39394,15.4545,529969
-9.39394,16.0606,521183
-9.39394,16.6667,512470
-9.39394,17.2727,503830
-9.39394,17.8788,495264
-9.39394,18.4848,486771
-9.39394,19.0909,478352
-9.39394,19.697,470006
-9.39394,20.303,461734
-9.39394,20.9091,453535
-9.39394,21.5152,445410
-9.39394,22.1212,437358
-9.39394,22.7273,429380
-9.39394,23.3333,421475
-9.39394,23.9394,413643
-9.39394,24.5455,405885
-9.39394,25.1515,398201
-9.39394,25.7576,390590
-9.39394,26.3636,383052
-9.39394,26.9697,375588
-9.39394,27.5758,368197
-9.39394,28.1818,360880
-9.39394,28.7879,353636
-9.39394,29.3939,346466
-9.39394,30,339369
-8.78788,-30,1.14985e+06
-8.78788,-29.3939,1.13689e+06
-8.78788,-28.7879,1.12401e+06
-8.78788,-28.1818,1.11119e+06
-8.78788,-27.5758,1.09845e+06
-8.78788,-26.9697,1.08579e+06
-8.78788,-26.3636,1.07319e+06
-8.78788,-25.7576,1.06067e+06
-8.78788,-25.1515,1.04823e+06
-8.78788,-24.5455,1.03586e+06
-8.78788,-23.9394,1.02356e+06
-8.78788,-23.3333,1.01133e+06
-8.78788,-22.7273,999178
-8.78788,-22.1212,987099
-8.78788,-21.5152,975093
-8.78788,-20.9091,963161
-8.78788,-20.303,951303
-8.78788,-19.697,939518
-8.78788,-19.0909,927806
-8.78788,-18.4848,916168
-8.78788,-17.8788,904603
-8.78788,-17.2727,893112
-8.78788,-16.6667,881694
-8.78788,-16.0606,870350
-8.78788,-15.4545,859079
-8.78788,-14.8485,847882
-8.78788,-14.2424,836758
-8.78788,-13.6364,825708
-8.78788,-13.0303,814731
-8.78788,-12.4242,803827
-8.78788,-11.8182,792997
-8.78788,-11.2121,782240
-8.78788,-10.6061,771557
-8.78788,-10,760948
-8.78788,-9.39394,750411
-8.78788,-8.78788,739949
-8.78788,-8.18182,729559
-8.78788,-7.57576,719243
-8.78788,-6.9697,709001
-8.78788,-6.36364,698832
-8.78788,-5.75758,688737
-8.78788,-5.15152,678715
-8.78788,-4.54545,668766
-8.78788,-3.93939,658891
-8.78788,-3.33333,649090
-8.78788,-2.72727,639361
-8.78788,-2.12121,629707
-8.78788,-1.51515,620126
-8.78788,-0.909091,610618
-8.78788,-0.30303,601183
-8.78788,0.30303,591823
-8.78788,0.909091,582535
-8.78788,1.51515,573321
-8.78788,2.12121,564181
-8.78788,2.72727,555114
-8.78788,3.33333,546120
-8.78788,3.93939,537200
-8.78788,4.54545,528354
-8.78788,5.15152,519581
-8.78788,5.75758,510881
-8.78788,6.36364,502255
-8.78788,6.9697,493702
-8.78788,7.57576,485223
-8.78788,8.18182,476817
-8.78788,8.78788,468485
-8.78788,9.39394,460226
-8.78788,10,452040
-8.78788,10.6061,443928
-8.78788,11.2121,435890
-8.78788,11.8182,427925
-8.78788,12.4242,420033
-8.78788,13.0303,412215
-8.78788,13.6364,404470
-8.78788,14.2424,396799
-8.78788,14.8485,389201
-8.78788,15.4545,381677
-8.78788,16.0606,374226
-8.78788,16.6667,366849
-8.78788,17.2727,359545
-8.78788,17.8788,352315
-8.78788,18.4848,345158
-8.78788,19.0909,338074
-8.78788,19.697,331064
-8.78788,20.303,324128
-8.78788,20.9091,317264
-8.78788,21.5152,310475
-8.78788,22.1212,303759
-8.78788,22.7273,297116
-8.78788,23.3333,290547
-8.78788,23.9394,284051
-8.78788,24.5455,277628
-8.78788,25.1515,271279
-8.78788,25.7576,265004
-8.78788,26.3636,258802
-8.78788,26.9697,252674
-8.78788,27.5758,246619
-8.78788,28.1818,240637
-8.78788,28.7879,234729
-8.78788,29.3939,228894
-8.78788,30,223133
-8.18182,-30,939862
-8.18182,-29.3939,928148
-8.18182,-28.7879,916508
-8.18182,-28.1818,904941
-8.18182,-27.5758,893448
-8.18182,-26.9697,882028
-8.18182,-26.3636,870681
-8.18182,-25.7576,859408
-8.18182,-25.1515,848209
-8.18182,-24.5455,837082
-8.18182,-23.9394,826030
-8.18182,-23.3333,815051
-8.18182,-22.7273,804145
-8.18182,-22.1212,793313
-8.18182,-21.5152,782554
-8.18182,-20.9091,771868
-8.18182,-20.303,761256
-8.18182,-19.697,750718
-8.18182,-19.0909,740253
-8.18182,-18.4848,729861
-8.18182,-17.8788,719543
-8.18182,-17.2727,709299
-8.18182,-16.6667,699128
-8.18182,-16.0606,689030
-8.18182,-15.4545,679006
-8.18182,-14.8485,669055
-8.18182,-14.2424,659178
-8.18182,-13.6364,649374
-8.18182,-13.0303,639644
-8.18182,-12.4242,629987
-8.18182,-11.8182,620403
-8.18182,-11.2121,610893
-8.18182,-10.6061,601457
-8.18182,-10,592094
-8.18182,-9.39394,582804
-8.18182,-8.78788,573588
-8.18182,-8.18182,564445
-8.18182,-7.57576,555376
-8.18182,-6.9697,546380
-8.18182,-6.36364,537458
-8.18182,-5.75758,528609
-8.18182,-5.15152,519834
-8.18182,-4.54545,511132
-8.18182,-3.93939,502504
-8.18182,-3.33333,493949
-8.18182,-2.72727,485467
-8.18182,-2.12121,477059
-8.18182,-1.51515,468725
-8.18182,-0.909091,460463
-8.18182,-0.30303,452276
-8.18182,0.30303,444162
-8.18182,0.909091,436121
-8.18182,1.51515,428154
-8.18182,2.12121,420260
-8.18182,2.72727,412439
-8.18182,3.33333,404692
-8.18182,3.93939,397019
-8.18182,4.54545,389419
-8.18182,5.15152,381893
-8.18182,5.75758,374440
-8.18182,6.36364,367060
-8.18182,6.9697,359754
-8.18182,7.57576,352521
-8.18182,8.18182,345362
-8.18182,8.78788,338276
-8.18182,9.39394,331264
-8.18182,10,324325
-8.18182,10.6061,317460
-8.18182,11.2121,310668
-8.18182,11.8182,303949
-8.18182,12.4242,297305
-8.18182,13.0303,290733
-8.18182,13.6364,284235
-8.18182,14.2424,277810
-8.18182,14.8485,271459
-8.18182,15.4545,265182
-8.18182,16.0606,258977
-8.18182,16.6667,252847
-8.18182,17.2727,246789
-8.18182,17.8788,240806
-8.18182,18.4848,234895
-8.18182,19.0909,229058
-8.18182,19.697,223295
-8.18182,20.303,217605
-8.18182,20.9091,211989
-8.18182,21.5152,206446
-8.18182,22.1212,200976
-8.18182,22.7273,195580
-8.18182,23.3333,190257
-8.18182,23.9394,185008
-8.18182,24.5455,179832
-8.18182,25.1515,174730
-8.18182,25.7576,169701
-8.18182,26.3636,164746
-8.18182,26.9697,159864
-8.18182,27.5758,155056
-8.18182,28.1818,150321
-8.18182,28.7879,145659
-8.18182,29.3939,141071
-8.18182,30,136557
-7.57576,-30,763812
-7.57576,-29.3939,753255
-7.57576,-28.7879,742772
-7.57576,-28.1818,732363
-7.57576,-27.5758,722027
-7.57576,-26.9697,711765
-7.57576,-26.3636,701576
-7.57576,-25.7576,691460
-7.57576,-25.1515,681418
-7.57576,-24.5455,671450
-7.57576,-23.9394,661555
-7.57576,-23.3333,651733
-7.57576,-22.7273,641985
-7.57576,-22.1212,632310
-7.57576,-21.5152,622709
-7.57576,-20.9091,613181
-7.57576,-20.303,603727
-7.57576,-19.697,594346
-7.57576,-19.0909,585039
-7.57576,-18.4848,575805
-7.57576,-17.8788,566644
-7.57576,-17.2727,557557
-7.57576,-16.6667,548544
-7.57576,-16.0606,539604
-7.57576,-15.4545,530737
-7.57576,-14.8485,521944
-7.57576,-14.2424,513224
-7.57576,-13.6364,504578
-7.57576,-13.0303,496005
-7.57576,-12.4242,487506
-7.57576,-11.8182,479080
-7.57576,-11.2121,470727
-7.57576,-10.6061,462449
-7.57576,-10,454243
-7.57576,-9.39394,446111
-7.57576,-8.78788,438053
-7.57576,-8.18182,430067
-7.57576,-7.57576,422156
-7.57576,-6.9697,414318
-7.57576,-6.36364,406553
-7.57576,-5.75758,398862
-7.57576,-5.15152,391244
-7.57576,-4.54545,383700
-7.57576,-3.93939,376229
-7.57576,-3.33333,368831
-7.57576,-2.72727,361507
-7.57576,-2.12121,354257
-7.57576,-1.51515,347080
-7.57576,-0.909091,339976
-7.57576,-0.30303,332946
-7.57576,0.30303,325990
-7.57576,0.909091,319107
-7.57576,1.51515,312297
-7.57576,2.12121,305561
-7.57576,2.72727,298898
-7.57576,3.33333,292309
-7.57576,3.93939,285793
-7.57576,4.54545,279350
-7.57576,5.15152,272981
-7.57576,5.75758,266686
-7.57576,6.36364,260464
-7.57576,6.9697,254315
-7.57576,7.57576,248240
-7.57576,8.18182,242239
-7.57576,8.78788,236311
-7.57576,9.39394,230456
-7.57576,10,224675
-7.57576,10.6061,218967
-7.57576,11.2121,213333
-7.57576,11.8182,207772
-7.57576,12.4242,202284
-7.57576,13.0303,196870
-7.57576,13.6364,191530
-7.57576,14.2424,186263
-7.57576,14.8485,181069
-7.57576,15.4545,175949
-7.57576,16.0606,170903
-7.57576,16.6667,165930
-7.57576,17.2727,161030
-7.57576,17.8788,156204
-7.57576,18.4848,151451
-7.57576,19.0909,146772
-7.57576,19.697,142166
-7.57576,20.303,137633
-7.57576,20.9091,133175
-7.57576,21.5152,128789
-7.57576,22.1212,124477
-7.57576,22.7273,120239
-7.57576,23.3333,116074
-7.57576,23.9394,111982
-7.57576,24.5455,107964
-7.57576,25.1515,104019
-7.57576,25.7576,100148
-7.57576,26.3636,96350.1
-7.57576,26.9697,92625.8
-7.57576,27.5758,88975
-7.57576,28.1818,85397.6
-7.57576,28.7879,81893.7
-7.57576,29.3939,78463.3
-7.57576,30,75106.3
-6.9697,-30,617493
-6.9697,-29.3939,608005
-6.9697,-28.7879,598591
-6.9697,-28.1818,589250
-6.9697,-27.5758,579983
-6.9697,-26.9697,570789
-6.9697,-26.3636,561669
-6.9697,-25.7576,552622
-6.9697,-25.1515,543648
-6.9697,-24.5455,534748
-6.9697,-23.9394,525922
-6.9697,-23.3333,517168
-6.9697,-22.7273,508489
-6.9697,-22.1212,499883
-6.9697,-21.5152,491350
-6.9697,-20.9091,482891
-6.9697,-20.303,474505
-6.9697,-19.697,466193
-6.9697,-19.0909,457954
-6.9697,-18.4848,449788
-6.9697,-17.8788,441696
-6.9697,-17.2727,433678
-6.9697,-16.6667,425733
-6.9697,-16.0606,417861
-6.9697,-15.4545,410063
-6.9697,-14.8485,402339
-6.9697,-14.2424,394687
-6.9697,-13.6364,387110
-6.9697,-13.0303,379606
-6.9697,-12.4242,372175
-6.9697,-11.8182,364817
-6.9697,-11.2121,357534
-6.9697,-10.6061,350323
-6.9697,-10,343186
-6.9697,-9.39394,336123
-6.9697,-8.78788,329133
-6.9697,-8.18182,322216
-6.9697,-7.57576,315373
-6.9697,-6.9697,308603
-6.9697,-6.36364,301907
-6.9697,-5.75758,295285
-6.9697,-5.15152,288735
-6.9697,-4.54545,282260
-6.9697,-3.93939,275857
-6.9697,-3.33333,269528
-6.9697,-2.72727,263273
-6.9697,-2.12121,257091
-6.9697,-1.51515,250983
-6.9697,-0.909091,244948
-6.9697,-0.30303,238986
-6.9697,0.30303,233098
-6.9697,0.909091,227283
-6.9697,1.51515,221542
-6.9697,2.12121,215875
-6.9697,2.72727,210280
-6.9697,3.33333,204760
-6.9697,3.93939,199312
-6.9697,4.54545,193938
-6.9697,5.15152,188638
-6.9697,5.75758,183411
-6.9697,6.36364,178258
-6.9697,6.9697,173178
-6.9697,7.57576,168171
-6.9697,8.18182,163238
-6.9697,8.78788,158378
-6.9697,9.39394,153592
-6.9697,10,148880
-6.9697,10.6061,144240
-6.9697,11.2121,139675
-6.9697,11.8182,135182
-6.9697,12.4242,130763
-6.9697,13.0303,126418
-6.9697,13.6364,122146
-6.9697,14.2424,117948
-6.9697,14.8485,113823
-6.9697,15.4545,109771
-6.9697,16.0606,105793
-6.9697,16.6667,101888
-6.9697,17.2727,98057.2
-6.9697,17.8788,94299.5
-6.9697,18.4848,90615.3
-6.9697,19.0909,87004.6
-6.9697,19.697,83467.3
-6.9697,20.303,80003.4
-6.9697,20.9091,76613
-6.9697,21.5152,73296.1
-6.9697,22.1212,70052.7
-6.9697,22.7273,66882.7
-6.9697,23.3333,63786.2
-6.9697,23.9394,60763.1
-6.9697,24.5455,57813.5
-6.9697,25.1515,54937.3
-6.9697,25.7576,52134.6
-6.9697,26.3636,49405.4
-6.9697,26.9697,46749.7
-6.9697,27.5758,44167.4
-6.9697,28.1818,41658.5
-6.9697,28.7879,39223.2
-6.9697,29.3939,36861.3
-6.9697,30,34572.8
-6.36364,-30,497021
-6.36364,-29.3939,488513
-6.36364,-28.7879,480078
-6.36364,-28.1818,471717
-6.36364,-27.5758,463429
-6.36364,-26.9697,455214
-6.36364,-26.3636,447074
-6.36364,-25.7576,439006
-6.36364,-25.1515,431012
-6.36364,-24.5455,423092
-6.36364,-23.9394,415245
-6.36364,-23.3333,407471
-6.36364,-22.7273,399771
-6.36364,-22.1212,392144
-6.36364,-21.5152,384591
-6.36364,-20.9091,377111
-6.36364,-20.303,369705
-6.36364,-19.697,362372
-6.36364,-19.0909,355113
-6.36364,-18.4848,347927
-6.36364,-17.8788,340814
-6.36364,-17.2727,333775
-6.36364,-16.6667,326810
-6.36364,-16.0606,319918
-6.36364,-15.4545,313099
-6.36364,-14.8485,306354
-6.36364,-14.2424,299682
-6.36364,-13.6364,293084
-6.36364,-13.0303,286559
-6.36364,-12.4242,280108
-6.36364,-11.8182,273730
-6.36364,-11.2121,267426
-6.36364,-10.6061,261195
-6.36364,-10,255037
-6.36364,-9.39394,248954
-6.36364,-8.78788,242943
-6.36364,-8.18182,237006
-6.36364,-7.57576,231142
-6.36364,-6.9697,225352
-6.36364,-6.36364,219636
-6.36364,-5.75758,213992
-6.36364,-5.15152,208423
-6.36364,-4.54545,202926
-6.36364,-3.93939,197503
-6.36364,-3.33333,192154
-6.36364,-2.72727,186878
-6.36364,-2.12121,181676
-6.36364,-1.51515,176547
-6.36364,-0.909091,171491
-6.36364,-0.30303,166509
-6.36364,0.30303,161601
-6.36364,0.909091,156766
-6.36364,1.51515,152004
-6.36364,2.12121,147316
-6.36364,2.72727,142701
-6.36364,3.33333,138160
-6.36364,3.93939,133692
-6.36364,4.54545,129297
-6.36364,5.15152,124977
-6.36364,5.75758,120729
-6.36364,6.36364,116555
-6.36364,6.9697,112455
-6.36364,7.57576,108428
-6.36364,8.18182,104474
-6.36364,8.78788,100594
-6.36364,9.39394,96787.2
-6.36364,10,93054
-6.36364,10.6061,89394.3
-6.36364,11.2121,85808
-6.36364,11.8182,82295.2
-6.36364,12.4242,78855.8
-6.36364,13.0303,75489.9
-6.36364,13.6364,72197.5
-6.36364,14.2424,68978.6
-6.36364,14.8485,65833
-6.36364,15.4545,62761
-6.36364,16.0606,59762.4
-6.36364,16.6667,56837.3
-6.36364,17.2727,53985.6
-6.36364,17.8788,51207.5
-6.36364,18.4848,48502.7
-6.36364,19.0909,45871.4
-6.36364,19.697,43313.6
-6.36364,20.303,40829.3
-6.36364,20.9091,38418.4
-6.36364,21.5152,36081
-6.36364,22.1212,33817
-6.36364,22.7273,31626.5
-6.36364,23.3333,29509.5
-6.36364,23.9394,27465.9
-6.36364,24.5455,25495.8
-6.36364,25.1515,23599.1
-6.36364,25.7576,21775.9
-6.36364,26.3636,20026.2
-6.36364,26.9697,18350
-6.36364,27.5758,16747.1
-6.36364,28.1818,15217.8
-6.36364,28.7879,13761.9
-6.36364,29.3939,12379.5
-6.36364,30,11070.5
-5.75758,-30,398834
-5.75758,-29.3939,391216
-5.75758,-28.7879,383672
-5.75758,-28.1818,376201
-5.75758,-27.5758,368804
-5.75758,-26.9697,361480
-5.75758,-26.3636,354229
-5.75758,-25.7576,347052
-5.75758,-25.1515,339949
-5.75758,-24.5455,332919
-5.75758,-23.9394,325962
-5.75758,-23.3333,319079
-5.75758,-22.7273,312269
-5.75758,-22.1212,305533
-5.75758,-21.5152,298870
-5.75758,-20.9091,292281
-5.75758,-20.303,285765
-5.75758,-19.697,279322
-5.75758,-19.0909,272954
-5.75758,-18.4848,266658
-5.75758,-17.8788,260436
-5.75758,-17.2727,254288
-5.75758,-16.6667,248212
-5.75758,-16.0606,242211
-5.75758,-15.4545,236283
-5.75758,-14.8485,230428
-5.75758,-14.2424,224647
-5.75758,-13.6364,218939
-5.75758,-13.0303,213305
-5.75758,-12.4242,207744
-5.75758,-11.8182,202257
-5.75758,-11.2121,196843
-5.75758,-10.6061,191502
-5.75758,-10,186235
-5.75758,-9.39394,181042
-5.75758,-8.78788,175922
-5.75758,-8.18182,170875
-5.75758,-7.57576,165902
-5.75758,-6.9697,161002
-5.75758,-6.36364,156176
-5.75758,-5.75758,151423
-5.75758,-5.15152,146744
-5.75758,-4.54545,142138
-5.75758,-3.93939,137606
-5.75758,-3.33333,133147
-5.75758,-2.72727,128761
-5.75758,-2.12121,124449
-5.75758,-1.51515,120211
-5.75758,-0.909091,116046
-5.75758,-0.30303,111954
-5.75758,0.30303,107936
-5.75758,0.909091,103991
-5.75758,1.51515,100120
-5.75758,2.12121,96322.2
-5.75758,2.72727,92597.9
-5.75758,3.33333,88947.1
-5.75758,3.93939,85369.7
-5.75758,4.54545,81865.8
-5.75758,5.15152,78435.4
-5.75758,5.75758,75078.4
-5.75758,6.36364,71794.9
-5.75758,6.9697,68584.8
-5.75758,7.57576,65448.2
-5.75758,8.18182,62385.1
-5.75758,8.78788,59395.4
-5.75758,9.39394,56479.2
-5.75758,10,53636.4
-5.75758,10.6061,50867.1
-5.75758,11.2121,48171.3
-5.75758,11.8182,45548.9
-5.75758,12.4242,43000
-5.75758,13.0303,40524.6
-5.75758,13.6364,38122.6
-5.75758,14.2424,35794.1
-5.75758,14.8485,33539
-5.75758,15.4545,31357.4
-5.75758,16.0606,29249.3
-5.75758,16.6667,27214.6
-5.75758,17.2727,25253.4
-5.75758,17.8788,23365.7
-5.75758,18.4848,21551.4
-5.75758,19.0909,19810.6
-5.75758,19.697,18143.2
-5.75758,20.303,16549.3
-5.75758,20.9091,15028.9
-5.75758,21.5152,13581.9
-5.75758,22.1212,12208.4
-5.75758,22.7273,10908.3
-5.75758,23.3333,9681.73
-5.75758,23.9394,8528.6
-5.75758,24.5455,7448.93
-5.75758,25.1515,6442.73
-5.75758,25.7576,5509.98
-5.75758,26.3636,4650.7
-5.75758,26.9697,3864.88
-5.75758,27.5758,3152.52
-5.75758,28.1818,2513.63
-5.75758,28.7879,1948.19
-5.75758,29.3939,1456.22
-5.75758,30,1037.71
-5.15152,-30,319694
-5.15152,-29.3939,312877
-5.15152,-28.7879,306134
-5.15152,-28.1818,299465
-5.15152,-27.5758,292869
-5.15152,-26.9697,286346
-5.15152,-26.3636,279897
-5.15152,-25.7576,273522
-5.15152,-25.1515,267220
-5.15152,-24.5455,260991
-5.15152,-23.9394,254836
-5.15152,-23.3333,248754
-5.15152,-22.7273,242746
-5.15152,-22.1212,236811
-5.15152,-21.5152,230949
-5.15152,-20.9091,225162
-5.15152,-20.303,219447
-5.15152,-19.697,213806
-5.15152,-19.0909,208239
-5.15152,-18.4848,202745
-5.15152,-17.8788,197324
-5.15152,-17.2727,191977
-5.15152,-16.6667,186703
-5.15152,-16.0606,181503
-5.15152,-15.4545,176376
-5.15152,-14.8485,171323
-5.15152,-14.2424,166343
-5.15152,-13.6364,161437
-5.15152,-13.0303,156604
-5.15152,-12.4242,151844
-5.15152,-11.8182,147158
-5.15152,-11.2121,142546
-5.15152,-10.6061,138007
-5.15152,-10,133541
-5.15152,-9.39394,129149
-5.15152,-8.78788,124830
-5.15152,-8.18182,120585
-5.15152,-7.57576,116413
-5.15152,-6.9697,112315
-5.15152,-6.36364,108290
-5.15152,-5.75758,104339
-5.15152,-5.15152,100461
-5.15152,-4.54545,96656.6
-5.15152,-3.93939,92925.7
-5.15152,-3.33333,89268.1
-5.15152,-2.72727,85684.1
-5.15152,-2.12121,82173.5
-5.15152,-1.51515,78736.4
-5.15152,-0.909091,75372.7
-5.15152,-0.30303,72082.5
-5.15152,0.30303,68865.8
-5.15152,0.909091,65722.5
-5.15152,1.51515,62652.7
-5.15152,2.12121,59656.3
-5.15152,2.72727,56733.4
-5.15152,3.33333,53884
-5.15152,3.93939,51108
-5.15152,4.54545,48405.5
-5.15152,5.15152,45776.5
-5.15152,5.75758,43220.9
-5.15152,6.36364,40738.8
-5.15152,6.9697,38330.1
-5.15152,7.57576,35994.9
-5.15152,8.18182,33733.2
-5.15152,8.78788,31544.9
-5.15152,9.39394,29430.1
-5.15152,10,27388.7
-5.15152,10.6061,25420.9
-5.15152,11.2121,23526.4
-5.15152,11.8182,21705.5
-5.15152,12.4242,19958
-5.15152,13.0303,18283.9
-5.15152,13.6364,16683.3
-5.15152,14.2424,15156.2
-5.15152,14.8485,13702.6
-5.15152,15.4545,12322.4
-5.15152,16.0606,11015.6
-5.15152,16.6667,9782.38
-5.15152,17.2727,8622.57
-5.15152,17.8788,7536.22
-5.15152,18.4848,6523.34
-5.15152,19.0909,5583.92
-5.15152,19.697,4717.96
-5.15152,20.303,3925.46
-5.15152,20.9091,3206.42
-5.15152,21.5152,2560.85
-5.15152,22.1212,1988.74
-5.15152,22.7273,1490.09
-5.15152,23.3333,1064.9
-5.15152,23.9394,713.173
-5.15152,24.5455,434.908
-5.15152,25.1515,230.105
-5.15152,25.7576,98.7643
-5.15152,26.3636,40.8852
-5.15152,26.9697,56.468
-5.15152,27.5758,145.513
-5.15152,28.1818,308.019
-5.15152,28.7879,543.988
-5.15152,29.3939,853.418
-5.15152,30,1236.31
-4.54545,-30,256686
-4.54545,-29.3939,250582
-4.54545,-28.7879,244551
-4.54545,-28.1818,238594
-4.54545,-27.5758,232711
-4.54545,-26.9697,226901
-4.54545,-26.3636,221164
-4.54545,-25.7576,215501
-4.54545,-25.1515,209911
-4.54545,-24.5455,204395
-4.54545,-23.9394,198952
-4.54545,-23.3333,193582
-4.54545,-22.7273,188286
-4.54545,-22.1212,183064
-4.54545,-21.5152,177915
-4.54545,-20.9091,172839
-4.54545,-20.303,167837
-4.54545,-19.697,162909
-4.54545,-19.0909,158053
-4.54545,-18.4848,153272
-4.54545,-17.8788,148563
-4.54545,-17.2727,143929
-4.54545,-16.6667,139367
-4.54545,-16.0606,134880
-4.54545,-15.4545,130465
-4.54545,-14.8485,126124
-4.54545,-14.2424,121857
-4.54545,-13.6364,117663
-4.54545,-13.0303,113542
-4.54545,-12.4242,109495
-4.54545,-11.8182,105521
-4.54545,-11.2121,101621
-4.54545,-10.6061,97794.6
-4.54545,-10,94041.4
-4.54545,-9.39394,90361.6
-4.54545,-8.78788,86755.3
-4.54545,-8.18182,83222.5
-4.54545,-7.57576,79763.1
-4.54545,-6.9697,76377.2
-4.54545,-6.36364,73064.7
-4.54545,-5.75758,69825.7
-4.54545,-5.15152,66660.2
-4.54545,-4.54545,63568.1
-4.54545,-3.93939,60549.5
-4.54545,-3.33333,57604.3
-4.54545,-2.72727,54732.6
-4.54545,-2.12121,51934.4
-4.54545,-1.51515,49209.6
-4.54545,-0.909091,46558.3
-4.54545,-0.30303,43980.5
-4.54545,0.30303,41476.1
-4.54545,0.909091,39045.2
-4.54545,1.51515,36687.7
-4.54545,2.12121,34403.7
-4.54545,2.72727,32193.2
-4.54545,3.33333,30056.1
-4.54545,3.93939,27992.5
-4.54545,4.54545,26002.3
-4.54545,5.15152,24085.7
-4.54545,5.75758,22242.4
-4.54545,6.36364,20472.7
-4.54545,6.9697,18776.4
-4.54545,7.57576,17153.5
-4.54545,8.18182,15604.1
-4.54545,8.78788,14128.2
-4.54545,9.39394,12725.8
-4.54545,10,11396.8
-4.54545,10.6061,10141.2
-4.54545,11.2121,8959.18
-4.54545,11.8182,7850.57
-4.54545,12.4242,6815.43
-4.54545,13.0303,5853.75
-4.54545,13.6364,4965.52
-4.54545,14.2424,4150.77
-4.54545,14.8485,3409.47
-4.54545,15.4545,2741.63
-4.54545,16.0606,2147.26
-4.54545,16.6667,1626.35
-4.54545,17.2727,1178.9
-4.54545,17.8788,804.91
-4.54545,18.4848,504.384
-4.54545,19.0909,277.32
-4.54545,19.697,123.718
-4.54545,20.303,43.5775
-4.54545,20.9091,36.8992
-4.54545,21.5152,103.683
-4.54545,22.1212,243.928
-4.54545,22.7273,457.635
-4.54545,23.3333,744.805
-4.54545,23.9394,1105.44
-4.54545,24.5455,1539.53
-4.54545,25.1515,2047.08
-4.54545,25.7576,2628.1
-4.54545,26.3636,3282.58
-4.54545,26.9697,4010.52
-4.54545,27.5758,4811.92
-4.54545,28.1818,5686.79
-4.54545,28.7879,6635.11
-4.54545,29.3939,7656.9
-4.54545,30,8752.15
-3.93939,-30,207221
-3.93939,-29.3939,201740
-3.93939,-28.7879,196333
-3.93939,-28.1818,190999
-3.93939,-27.5758,185739
-3.93939,-26.9697,180552
-3.93939,-26.3636,175438
-3.93939,-25.7576,170399
-3.93939,-25.1515,165432
-3.93939,-24.5455,160539
-3.93939,-23.9394,155719
-3.93939,-23.3333,150973
-3.93939,-22.7273,146301
-3.93939,-22.1212,141702
-3.93939,-21.5152,137176
-3.93939,-20.9091,132724
-3.93939,-20.303,128345
-3.93939,-19.697,124040
-3.93939,-19.0909,119808
-3.93939,-18.4848,115649
-3.93939,-17.8788,111564
-3.93939,-17.2727,107553
-3.93939,-16.6667,103615
-3.93939,-16.0606,99750.4
-3.93939,-15.4545,95959.4
-3.93939,-14.8485,92241.7
-3.93939,-14.2424,88597.6
-3.93939,-13.6364,85026.9
-3.93939,-13.0303,81529.7
-3.93939,-12.4242,78105.9
-3.93939,-11.8182,74755.6
-3.93939,-11.2121,71478.7
-3.93939,-10.6061,68275.4
-3.93939,-10,65145.4
-3.93939,-9.39394,62089
-3.93939,-8.78788,59106
-3.93939,-8.18182,56196.4
-3.93939,-7.57576,53360.4
-3.93939,-6.9697,50597.8
-3.93939,-6.36364,47908.6
-3.93939,-5.75758,45292.9
-3.93939,-5.15152,42750.7
-3.93939,-4.54545,40281.9
-3.93939,-3.93939,37886.6
-3.93939,-3.33333,35564.8
-3.93939,-2.72727,33316.4
-3.93939,-2.12121,31141.5
-3.93939,-1.51515,29040
-3.93939,-0.909091,27012
-3.93939,-0.30303,25057.5
-3.93939,0.30303,23176.4
-3.93939,0.909091,21368.8
-3.93939,1.51515,19634.7
-3.93939,2.12121,17974
-3.93939,2.72727,16386.8
-3.93939,3.33333,14873
-3.93939,3.93939,13432.7
-3.93939,4.54545,12065.9
-3.93939,5.15152,10772.5
-3.93939,5.75758,9552.6
-3.93939,6.36364,8406.14
-3.93939,6.9697,7333.16
-3.93939,7.57576,6333.63
-3.93939,8.18182,5407.56
-3.93939,8.78788,4554.96
-3.93939,9.39394,3775.82
-3.93939,10,3070.14
-3.93939,10.6061,2437.92
-3.93939,11.2121,1879.17
-3.93939,11.8182,1393.87
-3.93939,12.4242,982.042
-3.93939,13.0303,643.672
-3.93939,13.6364,378.764
-3.93939,14.2424,187.317
-3.93939,14.8485,69.3332
-3.93939,15.4545,24.8108
-3.93939,16.0606,53.7503
-3.93939,16.6667,156.152
-3.93939,17.2727,332.015
-3.93939,17.8788,581.34
-3.93939,18.4848,904.127
-3.93939,19.0909,1300.38
-3.93939,19.697,1770.09
-3.93939,20.303,2313.26
-3.93939,20.9091,2929.89
-3.93939,21.5152,3619.99
-3.93939,22.1212,4383.55
-3.93939,22.7273,5220.57
-3.93939,23.3333,6131.05
-3.93939,23.9394,7115
-3.93939,24.5455,8172.4
-3.93939,25.1515,9303.27
-3.93939,25.7576,10507.6
-3.93939,26.3636,11785.4
-3.93939,26.9697,13136.6
-3.93939,27.5758,14561.4
-3.93939,28.1818,16059.5
-3.93939,28.7879,17631.2
-3.93939,29.3939,19276.3
-3.93939,30,20994.8
-3.33333,-30,169031
-3.33333,-29.3939,164085
-3.33333,-28.7879,159212
-3.33333,-28.1818,154412
-3.33333,-27.5758,149686
-3.33333,-26.9697,145034
-3.33333,-26.3636,140454
-3.33333,-25.7576,135949
-3.33333,-25.1515,131517
-3.33333,-24.5455,127158
-3.33333,-23.9394,122873
-3.33333,-23.3333,118661
-3.33333,-22.7273,114522
-3.33333,-22.1212,110458
-3.33333,-21.5152,106466
-3.33333,-20.9091,102548
-3.33333,-20.303,98703.6
-3.33333,-19.697,94932.6
-3.33333,-19.0909,91235
-3.33333,-18.4848,87610.9
-3.33333,-17.8788,84060.2
-3.33333,-17.2727,80583
-3.33333,-16.6667,77179.3
-3.33333,-16.0606,73849
-3.33333,-15.4545,70592.2
-3.33333,-14.8485,67408.8
-3.33333,-14.2424,64299
-3.33333,-13.6364,61262.5
-3.33333,-13.0303,58299.6
-3.33333,-12.4242,55410.1
-3.33333,-11.8182,52594
-3.33333,-11.2121,49851.4
-3.33333,-10.6061,47182.3
-3.33333,-10,44586.7
-3.33333,-9.39394,42064.5
-3.33333,-8.78788,39615.8
-3.33333,-8.18182,37240.5
-3.33333,-7.57576,34938.7
-3.33333,-6.9697,32710.3
-3.33333,-6.36364,30555.5
-3.33333,-5.75758,28474
-3.33333,-5.15152,26466.1
-3.33333,-4.54545,24531.6
-3.33333,-3.93939,22670.5
-3.33333,-3.33333,20883
-3.33333,-2.72727,19168.9
-3.33333,-2.12121,17528.2
-3.33333,-1.51515,15961
-3.33333,-0.909091,14467.3
-3.33333,-0.30303,13047
-3.33333,0.30303,11700.2
-3.33333,0.909091,10426.9
-3.33333,1.51515,9227.02
-3.33333,2.12121,8100.61
-3.33333,2.72727,7047.65
-3.33333,3.33333,6068.16
-3.33333,3.93939,5162.13
-3.33333,4.54545,4329.56
-3.33333,5.15152,3570.46
-3.33333,5.75758,2884.81
-3.33333,6.36364,2272.63
-3.33333,6.9697,1733.91
-3.33333,7.57576,1268.65
-3.33333,8.18182,876.853
-3.33333,8.78788,558.519
-3.33333,9.39394,313.646
-3.33333,10,142.235
-3.33333,10.6061,44.2854
-3.33333,11.2121,19.7981
-3.33333,11.8182,68.7727
-3.33333,12.4242,191.209
-3.33333,13.0303,387.108
-3.33333,13.6364,656.468
-3.33333,14.2424,999.29
-3.33333,14.8485,1415.57
-3.33333,15.4545,1905.32
-3.33333,16.0606,2468.53
-3.33333,16.6667,3105.2
-3.33333,17.2727,3815.33
-3.33333,17.8788,4598.92
-3.33333,18.4848,5455.98
-3.33333,19.0909,6386.5
-3.33333,19.697,7390.47
-3.33333,20.303,8467.92
-3.33333,20.9091,9618.82
-3.33333,21.5152,10843.2
-3.33333,22.1212,12141
-3.33333,22.7273,13512.3
-3.33333,23.3333,14957
-3.33333,23.9394,16475.3
-3.33333,24.5455,18066.9
-3.33333,25.1515,19732.1
-3.33333,25.7576,21470.7
-3.33333,26.3636,23282.7
-3.33333,26.9697,25168.3
-3.33333,27.5758,27127.2
-3.33333,28.1818,29159.7
-3.33333,28.7879,31265.6
-3.33333,29.3939,33445
-3.33333,30,35697.8
-2.72727,-30,140174
-2.72727,-29.3939,135673
-2.72727,-28.7879,131245
-2.72727,-28.1818,126891
-2.72727,-27.5758,122610
-2.72727,-26.9697,118403
-2.72727,-26.3636,114269
-2.72727,-25.7576,110209
-2.72727,-25.1515,106222
-2.72727,-24.5455,102308
-2.72727,-23.9394,98468.1
-2.72727,-23.3333,94701.5
-2.72727,-22.7273,91008.4
-2.72727,-22.1212,87388.7
-2.72727,-21.5152,83842.5
-2.72727,-20.9091,80369.7
-2.72727,-20.303,76970.5
-2.72727,-19.697,73644.6
-2.72727,-19.0909,70392.3
-2.72727,-18.4848,67213.4
-2.72727,-17.8788,64108
-2.72727,-17.2727,61076
-2.72727,-16.6667,58117.5
-2.72727,-16.0606,55232.4
-2.72727,-15.4545,52420.8
-2.72727,-14.8485,49682.7
-2.72727,-14.2424,47018
-2.72727,-13.6364,44426.8
-2.72727,-13.0303,41909.1
-2.72727,-12.4242,39464.8
-2.72727,-11.8182,37094
-2.72727,-11.2121,34796.7
-2.72727,-10.6061,32572.8
-2.72727,-10,30422.3
-2.72727,-9.39394,28345.4
-2.72727,-8.78788,26341.9
-2.72727,-8.18182,24411.8
-2.72727,-7.57576,22555.2
-2.72727,-6.9697,20772.1
-2.72727,-6.36364,19062.5
-2.72727,-5.75758,17426.3
-2.72727,-5.15152,15863.5
-2.72727,-4.54545,14374.3
-2.72727,-3.93939,12958.4
-2.72727,-3.33333,11616.1
-2.72727,-2.72727,10347.2
-2.72727,-2.12121,9151.78
-2.72727,-1.51515,8029.81
-2.72727,-0.909091,6981.31
-2.72727,-0.30303,6006.27
-2.72727,0.30303,5104.7
-2.72727,0.909091,4276.58
-2.72727,1.51515,3521.93
-2.72727,2.12121,2840.73
-2.72727,2.72727,2233
-2.72727,3.33333,1698.73
-2.72727,3.93939,1237.93
-2.72727,4.54545,850.584
-2.72727,5.15152,536.701
-2.72727,5.75758,296.281
-2.72727,6.36364,129.322
-2.72727,6.9697,35.8249
-2.72727,7.57576,15.7898
-2.72727,8.18182,69.2167
-2.72727,8.78788,196.105
-2.72727,9.39394,396.456
-2.72727,10,670.268
-2.72727,10.6061,1017.54
-2.72727,11.2121,1438.28
-2.72727,11.8182,1932.48
-2.72727,12.4242,2500.14
-2.72727,13.0303,3141.26
-2.72727,13.6364,3855.84
-2.72727,14.2424,4643.89
-2.72727,14.8485,5505.4
-2.72727,15.4545,6440.37
-2.72727,16.0606,7448.8
-2.72727,16.6667,8530.69
-2.72727,17.2727,9686.05
-2.72727,17.8788,10914.9
-2.72727,18.4848,12217.1
-2.72727,19.0909,13592.9
-2.72727,19.697,15042.1
-2.72727,20.303,16564.8
-2.72727,20.9091,18160.9
-2.72727,21.5152,19830.5
-2.72727,22.1212,21573.5
-2.72727,22.7273,23390
-2.72727,23.3333,25280
-2.72727,23.9394,27243.4
-2.72727,24.5455,29280.3
-2.72727,25.1515,31390.7
-2.72727,25.7576,33574.5
-2.72727,26.3636,35831.8
-2.72727,26.9697,38162.5
-2.72727,27.5758,40566.8
-2.72727,28.1818,43044.4
-2.72727,28.7879,45595.6
-2.72727,29.3939,48220.1
-2.72727,30,50918.2
-2.12121,-30,119032
-2.12121,-29.3939,114887
-2.12121,-28.7879,110815
-2.12121,-28.1818,106817
-2.12121,-27.5758,102892
-2.12121,-26.9697,99041
-2.12121,-26.3636,95263.3
-2.12121,-25.7576,91559.1
-2.12121,-25.1515,87928.3
-2.12121,-24.5455,84370.9
-2.12121,-23.9394,80887
-2.12121,-23.3333,77476.6
-2.12121,-22.7273,74139.7
-2.12121,-22.1212,70876.2
-2.12121,-21.5152,67686.2
-2.12121,-20.9091,64569.6
-2.12121,-20.303,61526.5
-2.12121,-19.697,58556.9
-2.12121,-19.0909,55660.7
-2.12121,-18.4848,52838
-2.12121,-17.8788,50088.7
-2.12121,-17.2727,47412.9
-2.12121,-16.6667,44810.6
-2.12121,-16.0606,42281.7
-2.12121,-15.4545,39826.3
-2.12121,-14.8485,37444.4
-2.12121,-14.2424,35135.9
-2.12121,-13.6364,32900.8
-2.12121,-13.0303,30739.3
-2.12121,-12.4242,28651.2
-2.12121,-11.8182,26636.5
-2.12121,-11.2121,24695.4
-2.12121,-10.6061,22827.7
-2.12121,-10,21033.4
-2.12121,-9.39394,19312.6
-2.12121,-8.78788,17665.3
-2.12121,-8.18182,16091.4
-2.12121,-7.57576,14591
-2.12121,-6.9697,13164.1
-2.12121,-6.36364,11810.6
-2.12121,-5.75758,10530.6
-2.12121,-5.15152,9324.03
-2.12121,-4.54545,8190.94
-2.12121,-3.93939,7131.3
-2.12121,-3.33333,6145.13
-2.12121,-2.72727,5232.43
-2.12121,-2.12121,4393.18
-2.12121,-1.51515,3627.39
-2.12121,-0.909091,2935.07
-2.12121,-0.30303,2316.21
-2.12121,0.30303,1770.81
-2.12121,0.909091,1298.88
-2.12121,1.51515,900.4
-2.12121,2.12121,575.387
-2.12121,2.72727,323.835
-2.12121,3.33333,145.746
-2.12121,3.93939,41.1184
-2.12121,4.54545,9.95277
-2.12121,5.15152,52.249
-2.12121,5.75758,168.007
-2.12121,6.36364,357.227
-2.12121,6.9697,619.909
-2.12121,7.57576,956.053
-2.12121,8.18182,1365.66
-2.12121,8.78788,1848.73
-2.12121,9.39394,2405.26
-2.12121,10,3035.25
-2.12121,10.6061,3738.7
-2.12121,11.2121,4515.62
-2.12121,11.8182,5365.99
-2.12121,12.4242,6289.83
-2.12121,13.0303,7287.13
-2.12121,13.6364,8357.9
-2.12121,14.2424,9502.12
-2.12121,14.8485,10719.8
-2.12121,15.4545,12011
-2.12121,16.0606,13375.6
-2.12121,16.6667,14813.6
-2.12121,17.2727,16325.2
-2.12121,17.8788,17910.2
-2.12121,18.4848,19568.6
-2.12121,19.0909,21300.5
-2.12121,19.697,23105.9
-2.12121,20.303,24984.8
-2.12121,20.9091,26937.1
-2.12121,21.5152,28962.8
-2.12121,22.1212,31062.1
-2.12121,22.7273,33234.8
-2.12121,23.3333,35480.9
-2.12121,23.9394,37800.5
-2.12121,24.5455,40193.6
-2.12121,25.1515,42660.1
-2.12121,25.7576,45200.1
-2.12121,26.3636,47813.6
-2.12121,26.9697,50500.5
-2.12121,27.5758,53260.9
-2.12121,28.1818,56094.8
-2.12121,28.7879,59002.1
-2.12121,29.3939,61982.8
-2.12121,30,65037.1
-1.51515,-30,104307
-1.51515,-29.3939,100430
-1.51515,-28.7879,96625.1
-1.51515,-28.1818,92894.1
-1.51515,-27.5758,89236.6
-1.51515,-26.9697,85652.6
-1.51515,-26.3636,82142
-1.51515,-25.7576,78704.9
-1.51515,-25.1515,75341.2
-1.51515,-24.5455,72051
-1.51515,-23.9394,68834.3
-1.51515,-23.3333,65691
-1.51515,-22.7273,62621.2
-1.51515,-22.1212,59624.8
-1.51515,-21.5152,56701.9
-1.51515,-20.9091,53852.5
-1.51515,-20.303,51076.5
-1.51515,-19.697,48374
-1.51515,-19.0909,45745
-1.51515,-18.4848,43189.4
-1.51515,-17.8788,40707.3
-1.51515,-17.2727,38298.6
-1.51515,-16.6667,35963.4
-1.51515,-16.0606,33701.7
-1.51515,-15.4545,31513.4
-1.51515,-14.8485,29398.6
-1.51515,-14.2424,27357.2
-1.51515,-13.6364,25389.3
-1.51515,-13.0303,23494.9
-1.51515,-12.4242,21673.9
-1.51515,-11.8182,19926.4
-1.51515,-11.2121,18252.4
-1.51515,-10.6061,16651.8
-1.51515,-10,15124.7
-1.51515,-9.39394,13671.1
-1.51515,-8.78788,12290.9
-1.51515,-8.18182,10984.1
-1.51515,-7.57576,9750.86
-1.51515,-6.9697,8591.05
-1.51515,-6.36364,7504.71
-1.51515,-5.75758,6491.83
-1.51515,-5.15152,5552.4
-1.51515,-4.54545,4686.44
-1.51515,-3.93939,3893.95
-1.51515,-3.33333,3174.91
-1.51515,-2.72727,2529.34
-1.51515,-2.12121,1957.22
-1.51515,-1.51515,1458.57
-1.51515,-0.909091,1033.38
-1.51515,-0.30303,681.658
-1.51515,0.30303,403.393
-1.51515,0.909091,198.59
-1.51515,1.51515,67.2491
-1.51515,2.12121,9.37003
-1.51515,2.72727,24.9529
-1.51515,3.33333,113.998
-1.51515,3.93939,276.504
-1.51515,4.54545,512.473
-1.51515,5.15152,821.903
-1.51515,5.75758,1204.8
-1.51515,6.36364,1661.15
-1.51515,6.9697,2190.97
-1.51515,7.57576,2794.24
-1.51515,8.18182,3470.98
-1.51515,8.78788,4221.19
-1.51515,9.39394,5044.85
-1.51515,10,5941.97
-1.51515,10.6061,6912.56
-1.51515,11.2121,7956.61
-1.51515,11.8182,9074.12
-1.51515,12.4242,10265.1
-1.51515,13.0303,11529.5
-1.51515,13.6364,12867.4
-1.51515,14.2424,14278.8
-1.51515,14.8485,15763.6
-1.51515,15.4545,17321.9
-1.51515,16.0606,18953.6
-1.51515,16.6667,20658.8
-1.51515,17.2727,22437.5
-1.51515,17.8788,24289.6
-1.51515,18.4848,26215.2
-1.51515,19.0909,28214.3
-1.51515,19.697,30286.8
-1.51515,20.303,32432.8
-1.51515,20.9091,34652.2
-1.51515,21.5152,36945.1
-1.51515,22.1212,39311.5
-1.51515,22.7273,41751.3
-1.51515,23.3333,44264.6
-1.51515,23.9394,46851.3
-1.51515,24.5455,49511.6
-1.51515,25.1515,52245.2
-1.51515,25.7576,55052.4
-1.51515,26.3636,57933
-1.51515,26.9697,60887
-1.51515,27.5758,63914.5
-1.51515,28.1818,67015.5
-1.51515,28.7879,70190
-1.51515,29.3939,73437.9
-1.51515,30,76759.2
-0.909091,-30,95030.6
-0.909091,-29.3939,91330.8
-0.909091,-28.7879,87704.5
-0.909091,-28.1818,84151.6
-0.909091,-27.5758,80672.2
-0.909091,-26.9697,77266.2
-0.909091,-26.3636,73933.7
-0.909091,-25.7576,70674.7
-0.909091,-25.1515,67489.1
-0.909091,-24.5455,64377
-0.909091,-23.9394,61338.3
-0.909091,-23.3333,58373.1
-0.909091,-22.7273,55481.4
-0.909091,-22.1212,52663.1
-0.909091,-21.5152,49918.3
-0.909091,-20.9091,47247
-0.909091,-20.303,44649.1
-0.909091,-19.697,42124.7
-0.909091,-19.0909,39673.7
-0.909091,-18.4848,37296.3
-0.909091,-17.8788,34992.2
-0.909091,-17.2727,32761.7
-0.909091,-16.6667,30604.5
-0.909091,-16.0606,28520.9
-0.909091,-15.4545,26510.7
-0.909091,-14.8485,24574
-0.909091,-14.2424,22710.7
-0.909091,-13.6364,20920.9
-0.909091,-13.0303,19204.6
-0.909091,-12.4242,17561.7
-0.909091,-11.8182,15992.3
-0.909091,-11.2121,14496.4
-0.909091,-10.6061,13073.9
-0.909091,-10,11724.8
-0.909091,-9.39394,10449.3
-0.909091,-8.78788,9247.17
-0.909091,-8.18182,8118.53
-0.909091,-7.57576,7063.35
-0.909091,-6.9697,6081.63
-0.909091,-6.36364,5173.37
-0.909091,-5.75758,4338.58
-0.909091,-5.15152,3577.25
-0.909091,-4.54545,2889.38
-0.909091,-3.93939,2274.97
-0.909091,-3.33333,1734.02
-0.909091,-2.72727,1266.54
-0.909091,-2.12121,872.514
-0.909091,-1.51515,551.953
-0.909091,-0.909091,304.854
-0.909091,-0.30303,131.216
-0.909091,0.30303,31.0411
-0.909091,0.909091,4.32764
-0.909091,1.51515,51.0761
-0.909091,2.12121,171.286
-0.909091,2.72727,364.959
-0.909091,3.33333,632.093
-0.909091,3.93939,972.689
-0.909091,4.54545,1386.75
-0.909091,5.15152,1874.27
-0.909091,5.75758,2435.25
-0.909091,6.36364,3069.69
-0.909091,6.9697,3777.6
-0.909091,7.57576,4558.96
-0.909091,8.18182,5413.79
-0.909091,8.78788,6342.09
-0.909091,9.39394,7343.84
-0.909091,10,8419.05
-0.909091,10.6061,9567.73
-0.909091,11.2121,10789.9
-0.909091,11.8182,12085.5
-0.909091,12.4242,13454.5
-0.909091,13.0303,14897.1
-0.909091,13.6364,16413
-0.909091,14.2424,18002.5
-0.909091,14.8485,19665.4
-0.909091,15.4545,21401.8
-0.909091,16.0606,23211.6
-0.909091,16.6667,25094.9
-0.909091,17.2727,27051.7
-0.909091,17.8788,29081.9
-0.909091,18.4848,31185.6
-0.909091,19.0909,33362.7
-0.909091,19.697,35613.3
-0.909091,20.303,37937.4
-0.909091,20.9091,40334.9
-0.909091,21.5152,42805.9
-0.909091,22.1212,45350.3
-0.909091,22.7273,47968.3
-0.909091,23.3333,50659.6
-0.909091,23.9394,53424.5
-0.909091,24.5455,56262.8
-0.909091,25.1515,59174.5
-0.909091,25.7576,62159.8
-0.909091,26.3636,65218.5
-0.909091,26.9697,68350.6
-0.909091,27.5758,71556.2
-0.909091,28.1818,74835.3
-0.909091,28.7879,78187.8
-0.909091,29.3939,81613.8
-0.909091,30,85113.3
-0.30303,-30,90553.5
-0.30303,-29.3939,86942.7
-0.30303,-28.7879,83405.4
-0.30303,-28.1818,79941.6
-0.30303,-27.5758,76551.2
-0.30303,-26.9697,73234.3
-0.30303,-26.3636,69990.9
-0.30303,-25.7576,66820.9
-0.30303,-25.1515,63724.3
-0.30303,-24.5455,60701.3
-0.30303,-23.9394,57751.7
-0.30303,-23.3333,54875.5
-0.30303,-22.7273,52072.8
-0.30303,-22.1212,49343.6
-0.30303,-21.5152,46687.9
-0.30303,-20.9091,44105.6
-0.30303,-20.303,41596.7
-0.30303,-19.697,39161.3
-0.30303,-19.0909,36799.4
-0.30303,-18.4848,34511
-0.30303,-17.8788,32296
-0.30303,-17.2727,30154.5
-0.30303,-16.6667,28086.4
-0.30303,-16.0606,26091.8
-0.30303,-15.4545,24170.7
-0.30303,-14.8485,22323
-0.30303,-14.2424,20548.8
-0.30303,-13.6364,18848
-0.30303,-13.0303,17220.7
-0.30303,-12.4242,15666.9
-0.30303,-11.8182,14186.5
-0.30303,-11.2121,12779.6
-0.30303,-10.6061,11446.2
-0.30303,-10,10186.2
-0.30303,-9.39394,8999.67
-0.30303,-8.78788,7886.62
-0.30303,-8.18182,6847.02
-0.30303,-7.57576,5880.88
-0.30303,-6.9697,4988.21
-0.30303,-6.36364,4169
-0.30303,-5.75758,3423.25
-0.30303,-5.15152,2750.96
-0.30303,-4.54545,2152.14
-0.30303,-3.93939,1626.77
-0.30303,-3.33333,1174.87
-0.30303,-2.72727,796.43
-0.30303,-2.12121,491.452
-0.30303,-1.51515,259.936
-0.30303,-0.909091,101.882
-0.30303,-0.30303,17.2891
-0.30303,0.30303,6.15856
-0.30303,0.909091,68.4899
-0.30303,1.51515,204.283
-0.30303,2.12121,413.538
-0.30303,2.72727,696.255
-0.30303,3.33333,1052.43
-0.30303,3.93939,1482.07
-0.30303,4.54545,1985.18
-0.30303,5.15152,2561.74
-0.30303,5.75758,3211.77
-0.30303,6.36364,3935.26
-0.30303,6.9697,4732.21
-0.30303,7.57576,5602.62
-0.30303,8.18182,6546.49
-0.30303,8.78788,7563.83
-0.30303,9.39394,8654.63
-0.30303,10,9818.89
-0.30303,10.6061,11056.6
-0.30303,11.2121,12367.8
-0.30303,11.8182,13752.4
-0.30303,12.4242,15210.5
-0.30303,13.0303,16742.1
-0.30303,13.6364,18347.1
-0.30303,14.2424,20025.6
-0.30303,14.8485,21777.6
-0.30303,15.4545,23603
-0.30303,16.0606,25501.9
-0.30303,16.6667,27474.2
-0.30303,17.2727,29520
-0.30303,17.8788,31639.3
-0.30303,18.4848,33832
-0.30303,19.0909,36098.2
-0.30303,19.697,38437.9
-0.30303,20.303,40851
-0.30303,20.9091,43337.5
-0.30303,21.5152,45897.6
-0.30303,22.1212,48531.1
-0.30303,22.7273,51238
-0.30303,23.3333,54018.5
-0.30303,23.9394,56872.3
-0.30303,24.5455,59799.7
-0.30303,25.1515,62800.5
-0.30303,25.7576,65874.8
-0.30303,26.3636,69022.5
-0.30303,26.9697,72243.7
-0.30303,27.5758,75538.3
-0.30303,28.1818,78906.5
-0.30303,28.7879,82348
-0.30303,29.3939,85863.1
-0.30303,30,89451.6
0.30303,-30,90552.3
0.30303,-29.3939,86941.5
0.30303,-28.7879,83404.2
0.30303,-28.1818,79940.4
0.30303,-27.5758,76550
0.30303,-26.9697,73233.1
0.30303,-26.3636,69989.6
0.30303,-25.7576,66819.6
0.30303,-25.1515,63723.1
0.30303,-24.5455,60700.1
0.30303,-23.9394,57750.4
0.30303,-23.3333,54874.3
0.30303,-22.7273,52071.6
0.30303,-22.1212,49342.4
0.30303,-21.5152,46686.6
0.30303,-20.9091,44104.3
0.30303,-20.303,41595.5
0.30303,-19.697,39160.1
0.30303,-19.0909,36798.2
0.30303,-18.4848,34509.8
0.30303,-17.8788,32294.8
0.30303,-17.2727,30153.3
0.30303,-16.6667,28085.2
0.30303,-16.0606,26090.6
0.30303,-15.4545,24169.5
0.30303,-14.8485,22321.8
0.30303,-14.2424,20547.6
0.30303,-13.6364,18846.8
0.30303,-13.0303,17219.5
0.30303,-12.4242,15665.7
0.30303,-11.8182,14185.3
0.30303,-11.2121,12778.4
0.30303,-10.6061,11445
0.30303,-10,10185
0.30303,-9.39394,8998.46
0.30303,-8.78788,7885.4
0.30303,-8.18182,6845.81
0.30303,-7.57576,5879.67
0.30303,-6.9697,4987
0.30303,-6.36364,4167.79
0.30303,-5.75758,3422.04
0.30303,-5.15152,2749.75
0.30303,-4.54545,2150.92
0.30303,-3.93939,1625.56
0.30303,-3.33333,1173.66
0.30303,-2.72727,795.218
0.30303,-2.12121,490.24
0.30303,-1.51515,258.724
0.30303,-0.909091,100.67
0.30303,-0.30303,16.077
0.30303,0.30303,4.94643
0.30303,0.909091,67.2777
0.30303,1.51515,203.071
0.30303,2.12121,412.326
0.30303,2.72727,695.043
0.30303,3.33333,1051.22
0.30303,3.93939,1480.86
0.30303,4.54545,1983.97
0.30303,5.15152,2560.53
0.30303,5.75758,3210.56
0.30303,6.36364,3934.04
0.30303,6.9697,4730.99
0.30303,7.57576,5601.41
0.30303,8.18182,6545.28
0.30303,8.78788,7562.62
0.30303,9.39394,8653.41
0.30303,10,9817.67
0.30303,10.6061,11055.4
0.30303,11.2121,12366.6
0.30303,11.8182,13751.2
0.30303,12.4242,15209.3
0.30303,13.0303,16740.9
0.30303,13.6364,18345.9
0.30303,14.2424,20024.4
0.30303,14.8485,21776.4
0.30303,15.4545,23601.8
0.30303,16.0606,25500.7
0.30303,16.6667,27473
0.30303,17.2727,29518.8
0.30303,17.8788,31638.1
0.30303,18.4848,33830.8
0.30303,19.0909,36097
0.30303,19.697,38436.6
0.30303,20.303,40849.8
0.30303,20.9091,43336.3
0.30303,21.5152,45896.4
0.30303,22.1212,48529.9
0.30303,22.7273,51236.8
0.30303,23.3333,54017.2
0.30303,23.9394,56871.1
0.30303,24.5455,59798.5
0.30303,25.1515,62799.3
0.30303,25.7576,65873.5
0.30303,26.3636,69021.3
0.30303,26.9697,72242.5
0.30303,27.5758,75537.1
0.30303,28.1818,78905.2
0.30303,28.7879,82346.8
0.30303,29.3939,85861.9
0.30303,30,89450.4
0.909091,-30,95027
0.909091,-29.3939,91327.2
0.909091,-28.7879,87700.8
0.909091,-28.1818,84147.9
0.909091,-27.5758,80668.5
0.909091,-26.9697,77262.6
0.909091,-26.3636,73930.1
0.909091,-25.7576,70671
0.909091,-25.1515,67485.5
0.909091,-24.5455,64373.3
0.909091,-23.9394,61334.7
0.909091,-23.3333,58369.5
0.909091,-22.7273,55477.8
0.909091,-22.1212,52659.5
0.909091,-21.5152,49914.7
0.909091,-20.9091,47243.4
0.909091,-20.303,44645.5
0.909091,-19.697,42121.1
0.909091,-19.0909,39670.1
0.909091,-18.4848,37292.6
0.909091,-17.8788,34988.6
0.909091,-17.2727,32758
0.909091,-16.6667,30600.9
0.909091,-16.0606,28517.3
0.909091,-15.4545,26507.1
0.909091,-14.8485,24570.4
0.909091,-14.2424,22707.1
0.909091,-13.6364,20917.3
0.909091,-13.0303,19201
0.909091,-12.4242,17558.1
0.909091,-11.8182,15988.7
0.909091,-11.2121,14492.7
0.909091,-10.6061,13070.2
0.909091,-10,11721.2
0.909091,-9.39394,10445.6
0.909091,-8.78788,9243.53
0.909091,-8.18182,8114.89
0.909091,-7.57576,7059.71
0.909091,-6.9697,6077.99
0.909091,-6.36364,5169.74
0.909091,-5.75758,4334.94
0.909091,-5.15152,3573.61
0.909091,-4.54545,2885.74
0.909091,-3.93939,2271.33
0.909091,-3.33333,1730.38
0.909091,-2.72727,1262.9
0.909091,-2.12121,868.877
0.909091,-1.51515,548.316
0.909091,-0.909091,301.217
0.909091,-0.30303,127.58
0.909091,0.30303,27.4047
0.909091,0.909091,0.691278
0.909091,1.51515,47.4398
0.909091,2.12121,167.65
0.909091,2.72727,361.322
0.909091,3.33333,628.457
0.909091,3.93939,969.053
0.909091,4.54545,1383.11
0.909091,5.15152,1870.63
0.909091,5.75758,2431.61
0.909091,6.36364,3066.06
0.909091,6.9697,3773.96
0.909091,7.57576,4555.33
0.909091,8.18182,5410.16
0.909091,8.78788,6338.45
0.909091,9.39394,7340.2
0.909091,10,8415.42
0.909091,10.6061,9564.09
0.909091,11.2121,10786.2
0.909091,11.8182,12081.8
0.909091,12.4242,13450.9
0.909091,13.0303,14893.4
0.909091,13.6364,16409.4
0.909091,14.2424,17998.9
0.909091,14.8485,19661.8
0.909091,15.4545,21398.1
0.909091,16.0606,23208
0.909091,16.6667,25091.3
0.909091,17.2727,27048
0.909091,17.8788,29078.2
0.909091,18.4848,31181.9
0.909091,19.0909,33359.1
0.909091,19.697,35609.7
0.909091,20.303,37933.7
0.909091,20.9091,40331.3
0.909091,21.5152,42802.3
0.909091,22.1212,45346.7
0.909091,22.7273,47964.6
0.909091,23.3333,50656
0.909091,23.9394,53420.8
0.909091,24.5455,56259.1
0.909091,25.1515,59170.9
0.909091,25.7576,62156.1
0.909091,26.3636,65214.8
0.909091,26.9697,68347
0.909091,27.5758,71552.6
0.909091,28.1818,74831.6
0.909091,28.7879,78184.2
0.909091,29.3939,81610.2
0.909091,30,85109.6
1.51515,-30,104301
1.51515,-29.3939,100423
1.51515,-28.7879,96619.1
1.51515,-28.1818,92888.1
1.51515,-27.5758,89230.6
1.51515,-26.9697,85646.5
1.51515,-26.3636,82135.9
1.51515,-25.7576,78698.8
1.51515,-25.1515,75335.1
1.51515,-24.5455,72044.9
1.51515,-23.9394,68828.2
1.51515,-23.3333,65684.9
1.51515,-22.7273,62615.1
1.51515,-22.1212,59618.7
1.51515,-21.5152,56695.9
1.51515,-20.9091,53846.4
1.51515,-20.303,51070.5
1.51515,-19.697,48367.9
1.51515,-19.0909,45738.9
1.51515,-18.4848,43183.3
1.51515,-17.8788,40701.2
1.51515,-17.2727,38292.5
1.51515,-16.6667,35957.3
1.51515,-16.0606,33695.6
1.51515,-15.4545,31507.3
1.51515,-14.8485,29392.5
1.51515,-14.2424,27351.2
1.51515,-13.6364,25383.3
1.51515,-13.0303,23488.9
1.51515,-12.4242,21667.9
1.51515,-11.8182,19920.4
1.51515,-11.2121,18246.3
1.51515,-10.6061,16645.8
1.51515,-10,15118.7
1.51515,-9.39394,13665
1.51515,-8.78788,12284.8
1.51515,-8.18182,10978.1
1.51515,-7.57576,9744.8
1.51515,-6.9697,8584.99
1.51515,-6.36364,7498.65
1.51515,-5.75758,6485.76
1.51515,-5.15152,5546.34
1.51515,-4.54545,4680.38
1.51515,-3.93939,3887.89
1.51515,-3.33333,3168.85
1.51515,-2.72727,2523.27
1.51515,-2.12121,1951.16
1.51515,-1.51515,1452.51
1.51515,-0.909091,1027.32
1.51515,-0.30303,675.597
1.51515,0.30303,397.332
1.51515,0.909091,192.529
1.51515,1.51515,61.1885
1.51515,2.12121,3.30943
1.51515,2.72727,18.8923
1.51515,3.33333,107.937
1.51515,3.93939,270.444
1.51515,4.54545,506.412
1.51515,5.15152,815.842
1.51515,5.75758,1198.73
1.51515,6.36364,1655.09
1.51515,6.9697,2184.9
1.51515,7.57576,2788.18
1.51515,8.18182,3464.92
1.51515,8.78788,4215.12
1.51515,9.39394,5038.79
1.51515,10,5935.91
1.51515,10.6061,6906.5
1.51515,11.2121,7950.55
1.51515,11.8182,9068.06
1.51515,12.4242,10259
1.51515,13.0303,11523.5
1.51515,13.6364,12861.4
1.51515,14.2424,14272.7
1.51515,14.8485,15757.5
1.51515,15.4545,17315.8
1.51515,16.0606,18947.6
1.51515,16.6667,20652.8
1.51515,17.2727,22431.4
1.51515,17.8788,24283.6
1.51515,18.4848,26209.2
1.51515,19.0909,28208.2
1.51515,19.697,30280.7
1.51515,20.303,32426.7
1.51515,20.9091,34646.2
1.51515,21.5152,36939.1
1.51515,22.1212,39305.4
1.51515,22.7273,41745.2
1.51515,23.3333,44258.5
1.51515,23.9394,46845.3
1.51515,24.5455,49505.5
1.51515,25.1515,52239.2
1.51515,25.7576,55046.3
1.51515,26.3636,57926.9
1.51515,26.9697,60881
1.51515,27.5758,63908.5
1.51515,28.1818,67009.5
1.51515,28.7879,70183.9
1.51515,29.3939,73431.8
1.51515,30,76753.2
2.12121,-30,119023
2.12121,-29.3939,114878
2.12121,-28.7879,110806
2.12121,-28.1818,106808
2.12121,-27.5758,102884
2.12121,-26.9697,99032.6
2.12121,-26.3636,95254.8
2.12121,-25.7576,91550.6
2.12121,-25.1515,87919.8
2.12121,-24.5455,84362.4
2.12121,-23.9394,80878.6
2.12121,-23.3333,77468.1
2.12121,-22.7273,74131.2
2.12121,-22.1212,70867.7
2.12121,-21.5152,67677.7
2.12121,-20.9091,64561.1
2.12121,-20.303,61518
2.12121,-19.697,58548.4
2.12121,-19.0909,55652.2
2.12121,-18.4848,52829.5
2.12121,-17.8788,50080.2
2.12121,-17.2727,47404.4
2.12121,-16.6667,44802.1
2.12121,-16.0606,42273.2
2.12121,-15.4545,39817.8
2.12121,-14.8485,37435.9
2.12121,-14.2424,35127.4
2.12121,-13.6364,32892.4
2.12121,-13.0303,30730.8
2.12121,-12.4242,28642.7
2.12121,-11.8182,26628.1
2.12121,-11.2121,24686.9
2.12121,-10.6061,22819.2
2.12121,-10,21024.9
2.12121,-9.39394,19304.1
2.12121,-8.78788,17656.8
2.12121,-8.18182,16082.9
2.12121,-7.57576,14582.5
2.12121,-6.9697,13155.6
2.12121,-6.36364,11802.1
2.12121,-5.75758,10522.1
2.12121,-5.15152,9315.55
2.12121,-4.54545,8182.45
2.12121,-3.93939,7122.82
2.12121,-3.33333,6136.65
2.12121,-2.72727,5223.94
2.12121,-2.12121,4384.69
2.12121,-1.51515,3618.91
2.12121,-0.909091,2926.59
2.12121,-0.30303,2307.73
2.12121,0.30303,1762.33
2.12121,0.909091,1290.39
2.12121,1.51515,891.915
2.12121,2.12121,566.902
2.12121,2.72727,315.351
2.12121,3.33333,137.261
2.12121,3.93939,32.6336
2.12121,4.54545,1.46792
2.12121,5.15152,43.7642
2.12121,5.75758,159.522
2.12121,6.36364,348.742
2.12121,6.9697,611.424
2.12121,7.57576,947.568
2.12121,8.18182,1357.17
2.12121,8.78788,1840.24
2.12121,9.39394,2396.77
2.12121,10,3026.76
2.12121,10.6061,3730.22
2.12121,11.2121,4507.13
2.12121,11.8182,5357.51
2.12121,12.4242,6281.35
2.12121,13.0303,7278.65
2.12121,13.6364,8349.41
2.12121,14.2424,9493.63
2.12121,14.8485,10711.3
2.12121,15.4545,12002.5
2.12121,16.0606,13367.1
2.12121,16.6667,14805.2
2.12121,17.2727,16316.7
2.12121,17.8788,17901.7
2.12121,18.4848,19560.1
2.12121,19.0909,21292.1
2.12121,19.697,23097.4
2.12121,20.303,24976.3
2.12121,20.9091,26928.6
2.12121,21.5152,28954.4
2.12121,22.1212,31053.6
2.12121,22.7273,33226.3
2.12121,23.3333,35472.4
2.12121,23.9394,37792
2.12121,24.5455,40185.1
2.12121,25.1515,42651.7
2.12121,25.7576,45191.7
2.12121,26.3636,47805.1
2.12121,26.9697,50492
2.12121,27.5758,53252.4
2.12121,28.1818,56086.3
2.12121,28.7879,58993.6
2.12121,29.3939,61974.4
2.12121,30,65028.6
2.72727,-30,140163
2.72727,-29.3939,135662
2.72727,-28.7879,131235
2.72727,-28.1818,126880
2.72727,-27.5758,122599
2.72727,-26.9697,118392
2.72727,-26.3636,114258
2.72727,-25.7576,110198
2.72727,-25.1515,106211
2.72727,-24.5455,102297
2.72727,-23.9394,98457.2
2.72727,-23.3333,94690.6
2.72727,-22.7273,90997.5
2.72727,-22.1212,87377.8
2.72727,-21.5152,83831.6
2.72727,-20.9091,80358.8
2.72727,-20.303,76959.6
2.72727,-19.697,73633.7
2.72727,-19.0909,70381.4
2.72727,-18.4848,67202.5
2.72727,-17.8788,64097
2.72727,-17.2727,61065.1
2.72727,-16.6667,58106.6
2.72727,-16.0606,55221.5
2.72727,-15.4545,52409.9
2.72727,-14.8485,49671.8
2.72727,-14.2424,47007.1
2.72727,-13.6364,44415.9
2.72727,-13.0303,41898.2
2.72727,-12.4242,39453.9
2.72727,-11.8182,37083.1
2.72727,-11.2121,34785.7
2.72727,-10.6061,32561.9
2.72727,-10,30411.4
2.72727,-9.39394,28334.5
2.72727,-8.78788,26331
2.72727,-8.18182,24400.9
2.72727,-7.57576,22544.3
2.72727,-6.9697,20761.2
2.72727,-6.36364,19051.5
2.72727,-5.75758,17415.3
2.72727,-5.15152,15852.6
2.72727,-4.54545,14363.3
2.72727,-3.93939,12947.5
2.72727,-3.33333,11605.2
2.72727,-2.72727,10336.3
2.72727,-2.12121,9140.87
2.72727,-1.51515,8018.91
2.72727,-0.909091,6970.4
2.72727,-0.30303,5995.36
2.72727,0.30303,5093.79
2.72727,0.909091,4265.67
2.72727,1.51515,3511.02
2.72727,2.12121,2829.82
2.72727,2.72727,2222.09
2.72727,3.33333,1687.83
2.72727,3.93939,1227.02
2.72727,4.54545,839.675
2.72727,5.15152,525.792
2.72727,5.75758,285.372
2.72727,6.36364,118.413
2.72727,6.9697,24.9158
2.72727,7.57576,4.88073
2.72727,8.18182,58.3076
2.72727,8.78788,185.196
2.72727,9.39394,385.547
2.72727,10,659.359
2.72727,10.6061,1006.63
2.72727,11.2121,1427.37
2.72727,11.8182,1921.57
2.72727,12.4242,2489.23
2.72727,13.0303,3130.35
2.72727,13.6364,3844.93
2.72727,14.2424,4632.98
2.72727,14.8485,5494.49
2.72727,15.4545,6429.46
2.72727,16.0606,7437.89
2.72727,16.6667,8519.78
2.72727,17.2727,9675.14
2.72727,17.8788,10904
2.72727,18.4848,12206.2
2.72727,19.0909,13582
2.72727,19.697,15031.2
2.72727,20.303,16553.8
2.72727,20.9091,18150
2.72727,21.5152,19819.6
2.72727,22.1212,21562.6
2.72727,22.7273,23379.1
2.72727,23.3333,25269.1
2.72727,23.9394,27232.5
2.72727,24.5455,29269.4
2.72727,25.1515,31379.8
2.72727,25.7576,33563.6
2.72727,26.3636,35820.9
2.72727,26.9697,38151.6
2.72727,27.5758,40555.8
2.72727,28.1818,43033.5
2.72727,28.7879,45584.6
2.72727,29.3939,48209.2
2.72727,30,50907.3
3.33333,-30,169018
3.33333,-29.3939,164071
3.33333,-28.7879,159198
3.33333,-28.1818,154399
3.33333,-27.5758,149673
3.33333,-26.9697,145020
3.33333,-26.3636,140441
3.33333,-25.7576,135935
3.33333,-25.1515,131503
3.33333,-24.5455,127145
3.33333,-23.9394,122859
3.33333,-23.3333,118647
3.33333,-22.7273,114509
3.33333,-22.1212,110444
3.33333,-21.5152,106453
3.33333,-20.9091,102535
3.33333,-20.303,98690.3
3.33333,-19.697,94919.2
3.33333,-19.0909,91221.6
3.33333,-18.4848,87597.5
3.33333,-17.8788,84046.9
3.33333,-17.2727,80569.7
3.33333,-16.6667,77165.9
3.33333,-16.0606,73835.7
3.33333,-15.4545,70578.9
3.33333,-14.8485,67395.5
3.33333,-14.2424,64285.6
3.33333,-13.6364,61249.2
3.33333,-13.0303,58286.2
3.33333,-12.4242,55396.7
3.33333,-11.8182,52580.7
3.33333,-11.2121,49838.1
3.33333,-10.6061,47169
3.33333,-10,44573.3
3.33333,-9.39394,42051.2
3.33333,-8.78788,39602.4
3.33333,-8.18182,37227.2
3.33333,-7.57576,34925.4
3.33333,-6.9697,32697
3.33333,-6.36364,30542.1
3.33333,-5.75758,28460.7
3.33333,-5.15152,26452.7
3.33333,-4.54545,24518.2
3.33333,-3.93939,22657.2
3.33333,-3.33333,20869.6
3.33333,-2.72727,19155.5
3.33333,-2.12121,17514.9
3.33333,-1.51515,15947.7
3.33333,-0.909091,14454
3.33333,-0.30303,13033.7
3.33333,0.30303,11686.9
3.33333,0.909091,10413.6
3.33333,1.51515,9213.69
3.33333,2.12121,8087.27
3.33333,2.72727,7034.32
3.33333,3.33333,6054.83
3.33333,3.93939,5148.8
3.33333,4.54545,4316.23
3.33333,5.15152,3557.12
3.33333,5.75758,2871.48
3.33333,6.36364,2259.3
3.33333,6.9697,1720.58
3.33333,7.57576,1255.32
3.33333,8.18182,863.52
3.33333,8.78788,545.185
3.33333,9.39394,300.312
3.33333,10,128.901
3.33333,10.6061,30.952
3.33333,11.2121,6.46475
3.33333,11.8182,55.4393
3.33333,12.4242,177.876
3.33333,13.0303,373.774
3.33333,13.6364,643.134
3.33333,14.2424,985.957
3.33333,14.8485,1402.24
3.33333,15.4545,1891.99
3.33333,16.0606,2455.19
3.33333,16.6667,3091.86
3.33333,17.2727,3802
3.33333,17.8788,4585.59
3.33333,18.4848,5442.64
3.33333,19.0909,6373.16
3.33333,19.697,7377.14
3.33333,20.303,8454.58
3.33333,20.9091,9605.49
3.33333,21.5152,10829.9
3.33333,22.1212,12127.7
3.33333,22.7273,13499
3.33333,23.3333,14943.7
3.33333,23.9394,16461.9
3.33333,24.5455,18053.6
3.33333,25.1515,19718.7
3.33333,25.7576,21457.3
3.33333,26.3636,23269.4
3.33333,26.9697,25154.9
3.33333,27.5758,27113.9
3.33333,28.1818,29146.3
3.33333,28.7879,31252.3
3.33333,29.3939,33431.6
3.33333,30,35684.5
3.93939,-30,207205
3.93939,-29.3939,201724
3.93939,-28.7879,196317
3.93939,-28.1818,190983
3.93939,-27.5758,185723
3.93939,-26.9697,180536
3.93939,-26.3636,175423
3.93939,-25.7576,170383
3.93939,-25.1515,165416
3.93939,-24.5455,160523
3.93939,-23.9394,155704
3.93939,-23.3333,150958
3.93939,-22.7273,146285
3.93939,-22.1212,141686
3.93939,-21.5152,137160
3.93939,-20.9091,132708
3.93939,-20.303,128329
3.93939,-19.697,124024
3.93939,-19.0909,119792
3.93939,-18.4848,115634
3.93939,-17.8788,111549
3.93939,-17.2727,107537
3.93939,-16.6667,103599
3.93939,-16.0606,99734.7
3.93939,-15.4545,95943.6
3.93939,-14.8485,92226
3.93939,-14.2424,88581.8
3.93939,-13.6364,85011.1
3.93939,-13.0303,81513.9
3.93939,-12.4242,78090.1
3.93939,-11.8182,74739.8
3.93939,-11.2121,71463
3.93939,-10.6061,68259.6
3.93939,-10,65129.7
3.93939,-9.39394,62073.2
3.93939,-8.78788,59090.2
3.93939,-8.18182,56180.7
3.93939,-7.57576,53344.6
3.93939,-6.9697,50582
3.93939,-6.36364,47892.8
3.93939,-5.75758,45277.2
3.93939,-5.15152,42734.9
3.93939,-4.54545,40266.2
3.93939,-3.93939,37870.9
3.93939,-3.33333,35549
3.93939,-2.72727,33300.6
3.93939,-2.12121,31125.7
3.93939,-1.51515,29024.3
3.93939,-0.909091,26996.3
3.93939,-0.30303,25041.7
3.93939,0.30303,23160.7
3.93939,0.909091,21353.1
3.93939,1.51515,19618.9
3.93939,2.12121,17958.2
3.93939,2.72727,16371
3.93939,3.33333,14857.3
3.93939,3.93939,13417
3.93939,4.54545,12050.1
3.93939,5.15152,10756.8
3.93939,5.75758,9536.84
3.93939,6.36364,8390.39
3.93939,6.9697,7317.4
3.93939,7.57576,6317.87
3.93939,8.18182,5391.81
3.93939,8.78788,4539.2
3.93939,9.39394,3760.06
3.93939,10,3054.38
3.93939,10.6061,2422.17
3.93939,11.2121,1863.41
3.93939,11.8182,1378.12
3.93939,12.4242,966.284
3.93939,13.0303,627.914
3.93939,13.6364,363.006
3.93939,14.2424,171.56
3.93939,14.8485,53.5756
3.93939,15.4545,9.05322
3.93939,16.0606,37.9928
3.93939,16.6667,140.394
3.93939,17.2727,316.257
3.93939,17.8788,565.583
3.93939,18.4848,888.37
3.93939,19.0909,1284.62
3.93939,19.697,1754.33
3.93939,20.303,2297.5
3.93939,20.9091,2914.14
3.93939,21.5152,3604.23
3.93939,22.1212,4367.79
3.93939,22.7273,5204.81
3.93939,23.3333,6115.29
3.93939,23.9394,7099.24
3.93939,24.5455,8156.64
3.93939,25.1515,9287.51
3.93939,25.7576,10491.8
3.93939,26.3636,11769.6
3.93939,26.9697,13120.9
3.93939,27.5758,14545.6
3.93939,28.1818,16043.8
3.93939,28.7879,17615.4
3.93939,29.3939,19260.5
3.93939,30,20979.1
4.54545,-30,256668
4.54545,-29.3939,250564
4.54545,-28.7879,244533
4.54545,-28.1818,238576
4.54545,-27.5758,232693
4.54545,-26.9697,226882
4.54545,-26.3636,221146
4.54545,-25.7576,215482
4.54545,-25.1515,209893
4.54545,-24.5455,204376
4.54545,-23.9394,198933
4.54545,-23.3333,193564
4.54545,-22.7273,188268
4.54545,-22.1212,183046
4.54545,-21.5152,177897
4.54545,-20.9091,172821
4.54545,-20.303,167819
4.54545,-19.697,162890
4.54545,-19.0909,158035
4.54545,-18.4848,153254
4.54545,-17.8788,148545
4.54545,-17.2727,143911
4.54545,-16.6667,139349
4.54545,-16.0606,134861
4.54545,-15.4545,130447
4.54545,-14.8485,126106
4.54545,-14.2424,121839
4.54545,-13.6364,117645
4.54545,-13.0303,113524
4.54545,-12.4242,109477
4.54545,-11.8182,105503
4.54545,-11.2121,101603
4.54545,-10.6061,97776.5
4.54545,-10,94023.2
4.54545,-9.39394,90343.5
4.54545,-8.78788,86737.1
4.54545,-8.18182,83204.3
4.54545,-7.57576,79744.9
4.54545,-6.9697,76359
4.54545,-6.36364,73046.5
4.54545,-5.75758,69807.5
4.54545,-5.15152,66642
4.54545,-4.54545,63549.9
4.54545,-3.93939,60531.3
4.54545,-3.33333,57586.1
4.54545,-2.72727,54714.4
4.54545,-2.12121,51916.2
4.54545,-1.51515,49191.4
4.54545,-0.909091,46540.1
4.54545,-0.30303,43962.3
4.54545,0.30303,41457.9
4.54545,0.909091,39027
4.54545,1.51515,36669.5
4.54545,2.12121,34385.5
4.54545,2.72727,32175
4.54545,3.33333,30037.9
4.54545,3.93939,27974.3
4.54545,4.54545,25984.2
4.54545,5.15152,24067.5
4.54545,5.75758,22224.2
4.54545,6.36364,20454.5
4.54545,6.9697,18758.2
4.54545,7.57576,17135.3
4.54545,8.18182,15586
4.54545,8.78788,14110
4.54545,9.39394,12707.6
4.54545,10,11378.6
4.54545,10.6061,10123.1
4.54545,11.2121,8941
4.54545,11.8182,7832.39
4.54545,12.4242,6797.25
4.54545,13.0303,5835.56
4.54545,13.6364,4947.34
4.54545,14.2424,4132.58
4.54545,14.8485,3391.29
4.54545,15.4545,2723.45
4.54545,16.0606,2129.08
4.54545,16.6667,1608.17
4.54545,17.2727,1160.72
4.54545,17.8788,786.728
4.54545,18.4848,486.202
4.54545,19.0909,259.138
4.54545,19.697,105.536
4.54545,20.303,25.3957
4.54545,20.9091,18.7174
4.54545,21.5152,85.5009
4.54545,22.1212,225.746
4.54545,22.7273,439.454
4.54545,23.3333,726.623
4.54545,23.9394,1087.25
4.54545,24.5455,1521.35
4.54545,25.1515,2028.9
4.54545,25.7576,2609.92
4.54545,26.3636,3264.4
4.54545,26.9697,3992.34
4.54545,27.5758,4793.74
4.54545,28.1818,5668.6
4.54545,28.7879,6616.93
4.54545,29.3939,7638.72
4.54545,30,8733.97
5.15152,-30,319673
5.15152,-29.3939,312857
5.15152,-28.7879,306114
5.15152,-28.1818,299444
5.15152,-27.5758,292848
5.15152,-26.9697,286326
5.15152,-26.3636,279877
5.15152,-25.7576,273501
5.15152,-25.1515,267199
5.15152,-24.5455,260970
5.15152,-23.9394,254815
5.15152,-23.3333,248733
5.15152,-22.7273,242725
5.15152,-22.1212,236790
5.15152,-21.5152,230929
5.15152,-20.9091,225141
5.15152,-20.303,219426
5.15152,-19.697,213785
5.15152,-19.0909,208218
5.15152,-18.4848,202724
5.15152,-17.8788,197303
5.15152,-17.2727,191956
5.15152,-16.6667,186682
5.15152,-16.0606,181482
5.15152,-15.4545,176356
5.15152,-14.8485,171302
5.15152,-14.2424,166322
5.15152,-13.6364,161416
5.15152,-13.0303,156583
5.15152,-12.4242,151824
5.15152,-11.8182,147138
5.15152,-11.2121,142525
5.15152,-10.6061,137986
5.15152,-10,133521
5.15152,-9.39394,129128
5.15152,-8.78788,124810
5.15152,-8.18182,120565
5.15152,-7.57576,116393
5.15152,-6.9697,112295
5.15152,-6.36364,108270
5.15152,-5.75758,104318
5.15152,-5.15152,100440
5.15152,-4.54545,96636
5.15152,-3.93939,92905
5.15152,-3.33333,89247.5
5.15152,-2.72727,85663.5
5.15152,-2.12121,82152.9
5.15152,-1.51515,78715.8
5.15152,-0.909091,75352.1
5.15152,-0.30303,72061.9
5.15152,0.30303,68845.2
5.15152,0.909091,65701.9
5.15152,1.51515,62632.1
5.15152,2.12121,59635.7
5.15152,2.72727,56712.8
5.15152,3.33333,53863.4
5.15152,3.93939,51087.4
5.15152,4.54545,48384.9
5.15152,5.15152,45755.9
5.15152,5.75758,43200.3
5.15152,6.36364,40718.2
5.15152,6.9697,38309.5
5.15152,7.57576,35974.3
5.15152,8.18182,33712.6
5.15152,8.78788,31524.3
5.15152,9.39394,29409.5
5.15152,10,27368.1
5.15152,10.6061,25400.2
5.15152,11.2121,23505.8
5.15152,11.8182,21684.9
5.15152,12.4242,19937.4
5.15152,13.0303,18263.3
5.15152,13.6364,16662.7
5.15152,14.2424,15135.6
5.15152,14.8485,13682
5.15152,15.4545,12301.8
5.15152,16.0606,10995
5.15152,16.6667,9761.77
5.15152,17.2727,8601.96
5.15152,17.8788,7515.62
5.15152,18.4848,6502.73
5.15152,19.0909,5563.31
5.15152,19.697,4697.35
5.15152,20.303,3904.85
5.15152,20.9091,3185.82
5.15152,21.5152,2540.24
5.15152,22.1212,1968.13
5.15152,22.7273,1469.48
5.15152,23.3333,1044.29
5.15152,23.9394,692.567
5.15152,24.5455,414.302
5.15152,25.1515,209.499
5.15152,25.7576,78.1582
5.15152,26.3636,20.2791
5.15152,26.9697,35.862
5.15152,27.5758,124.907
5.15152,28.1818,287.413
5.15152,28.7879,523.382
5.15152,29.3939,832.812
5.15152,30,1215.7
5.75758,-30,398811
5.75758,-29.3939,391193
5.75758,-28.7879,383649
5.75758,-28.1818,376178
5.75758,-27.5758,368780
5.75758,-26.9697,361457
5.75758,-26.3636,354206
5.75758,-25.7576,347029
5.75758,-25.1515,339926
5.75758,-24.5455,332895
5.75758,-23.9394,325939
5.75758,-23.3333,319056
5.75758,-22.7273,312246
5.75758,-22.1212,305510
5.75758,-21.5152,298847
5.75758,-20.9091,292258
5.75758,-20.303,285742
5.75758,-19.697,279299
5.75758,-19.0909,272931
5.75758,-18.4848,266635
5.75758,-17.8788,260413
5.75758,-17.2727,254265
5.75758,-16.6667,248189
5.75758,-16.0606,242188
5.75758,-15.4545,236260
5.75758,-14.8485,230405
5.75758,-14.2424,224624
5.75758,-13.6364,218916
5.75758,-13.0303,213282
5.75758,-12.4242,207721
5.75758,-11.8182,202233
5.75758,-11.2121,196820
5.75758,-10.6061,191479
5.75758,-10,186212
5.75758,-9.39394,181019
5.75758,-8.78788,175899
5.75758,-8.18182,170852
5.75758,-7.57576,165879
5.75758,-6.9697,160979
5.75758,-6.36364,156153
5.75758,-5.75758,151400
5.75758,-5.15152,146721
5.75758,-4.54545,142115
5.75758,-3.93939,137583
5.75758,-3.33333,133124
5.75758,-2.72727,128738
5.75758,-2.12121,124426
5.75758,-1.51515,120188
5.75758,-0.909091,116023
5.75758,-0.30303,111931
5.75758,0.30303,107913
5.75758,0.909091,103968
5.75758,1.51515,100097
5.75758,2.12121,96299.2
5.75758,2.72727,92574.9
5.75758,3.33333,88924.1
5.75758,3.93939,85346.7
5.75758,4.54545,81842.8
5.75758,5.15152,78412.4
5.75758,5.75758,75055.4
5.75758,6.36364,71771.8
5.75758,6.9697,68561.8
5.75758,7.57576,65425.2
5.75758,8.18182,62362
5.75758,8.78788,59372.4
5.75758,9.39394,56456.1
5.75758,10,53613.4
5.75758,10.6061,50844.1
5.75758,11.2121,48148.3
5.75758,11.8182,45525.9
5.75758,12.4242,42977
5.75758,13.0303,40501.6
5.75758,13.6364,38099.6
5.75758,14.2424,35771.1
5.75758,14.8485,33516
5.75758,15.4545,31334.4
5.75758,16.0606,29226.3
5.75758,16.6667,27191.6
5.75758,17.2727,25230.4
5.75758,17.8788,23342.6
5.75758,18.4848,21528.4
5.75758,19.0909,19787.5
5.75758,19.697,18120.2
5.75758,20.303,16526.3
5.75758,20.9091,15005.8
5.75758,21.5152,13558.9
5.75758,22.1212,12185.3
5.75758,22.7273,10885.3
5.75758,23.3333,9658.7
5.75758,23.9394,8505.57
5.75758,24.5455,7425.9
5.75758,25.1515,6419.7
5.75758,25.7576,5486.95
5.75758,26.3636,4627.67
5.75758,26.9697,3841.85
5.75758,27.5758,3129.49
5.75758,28.1818,2490.6
5.75758,28.7879,1925.16
5.75758,29.3939,1433.19
5.75758,30,1014.68
6.36364,-30,496996
6.36364,-29.3939,488487
6.36364,-28.7879,480053
6.36364,-28.1818,471691
6.36364,-27.5758,463403
6.36364,-26.9697,455189
6.36364,-26.3636,447048
6.36364,-25.7576,438981
6.36364,-25.1515,430987
6.36364,-24.5455,423066
6.36364,-23.9394,415219
6.36364,-23.3333,407445
6.36364,-22.7273,399745
6.36364,-22.1212,392119
6.36364,-21.5152,384565
6.36364,-20.9091,377086
6.36364,-20.303,369679
6.36364,-19.697,362347
6.36364,-19.0909,355087
6.36364,-18.4848,347901
6.36364,-17.8788,340789
6.36364,-17.2727,333750
6.36364,-16.6667,326784
6.36364,-16.0606,319892
6.36364,-15.4545,313074
6.36364,-14.8485,306329
6.36364,-14.2424,299657
6.36364,-13.6364,293059
6.36364,-13.0303,286534
6.36364,-12.4242,280083
6.36364,-11.8182,273705
6.36364,-11.2121,267400
6.36364,-10.6061,261169
6.36364,-10,255012
6.36364,-9.39394,248928
6.36364,-8.78788,242918
6.36364,-8.18182,236980
6.36364,-7.57576,231117
6.36364,-6.9697,225327
6.36364,-6.36364,219610
6.36364,-5.75758,213967
6.36364,-5.15152,208397
6.36364,-4.54545,202901
6.36364,-3.93939,197478
6.36364,-3.33333,192129
6.36364,-2.72727,186853
6.36364,-2.12121,181650
6.36364,-1.51515,176521
6.36364,-0.909091,171466
6.36364,-0.30303,166484
6.36364,0.30303,161575
6.36364,0.909091,156740
6.36364,1.51515,151978
6.36364,2.12121,147290
6.36364,2.72727,142675
6.36364,3.33333,138134
6.36364,3.93939,133666
6.36364,4.54545,129272
6.36364,5.15152,124951
6.36364,5.75758,120704
6.36364,6.36364,116530
6.36364,6.9697,112429
6.36364,7.57576,108402
6.36364,8.18182,104449
6.36364,8.78788,100568
6.36364,9.39394,96761.8
6.36364,10,93028.6
6.36364,10.6061,89368.8
6.36364,11.2121,85782.5
6.36364,11.8182,82269.7
6.36364,12.4242,78830.4
6.36364,13.0303,75464.5
6.36364,13.6364,72172.1
6.36364,14.2424,68953.1
6.36364,14.8485,65807.6
6.36364,15.4545,62735.6
6.36364,16.0606,59737
6.36364,16.6667,56811.9
6.36364,17.2727,53960.2
6.36364,17.8788,51182
6.36364,18.4848,48477.3
6.36364,19.0909,45846
6.36364,19.697,43288.2
6.36364,20.303,40803.8
6.36364,20.9091,38393
6.36364,21.5152,36055.5
6.36364,22.1212,33791.6
6.36364,22.7273,31601.1
6.36364,23.3333,29484
6.36364,23.9394,27440.5
6.36364,24.5455,25470.3
6.36364,25.1515,23573.7
6.36364,25.7576,21750.5
6.36364,26.3636,20000.8
6.36364,26.9697,18324.5
6.36364,27.5758,16721.7
6.36364,28.1818,15192.4
6.36364,28.7879,13736.5
6.36364,29.3939,12354
6.36364,30,11045.1
6.9697,-30,617465
6.9697,-29.3939,607977
6.9697,-28.7879,598563
6.9697,-28.1818,589222
6.9697,-27.5758,579955
6.9697,-26.9697,570761
6.9697,-26.3636,561641
6.9697,-25.7576,552594
6.9697,-25.1515,543620
6.9697,-24.5455,534720
6.9697,-23.9394,525894
6.9697,-23.3333,517141
6.9697,-22.7273,508461
6.9697,-22.1212,499855
6.9697,-21.5152,491322
6.9697,-20.9091,482863
6.9697,-20.303,474477
6.9697,-19.697,466165
6.9697,-19.0909,457926
6.9697,-18.4848,449760
6.9697,-17.8788,441669
6.9697,-17.2727,433650
6.9697,-16.6667,425705
6.9697,-16.0606,417833
6.9697,-15.4545,410035
6.9697,-14.8485,402311
6.9697,-14.2424,394660
6.9697,-13.6364,387082
6.9697,-13.0303,379578
6.9697,-12.4242,372147
6.9697,-11.8182,364790
6.9697,-11.2121,357506
6.9697,-10.6061,350295
6.9697,-10,343158
6.9697,-9.39394,336095
6.9697,-8.78788,329105
6.9697,-8.18182,322188
6.9697,-7.57576,315345
6.9697,-6.9697,308576
6.9697,-6.36364,301879
6.9697,-5.75758,295257
6.9697,-5.15152,288707
6.9697,-4.54545,282232
6.9697,-3.93939,275829
6.9697,-3.33333,269501
6.9697,-2.72727,263245
6.9697,-2.12121,257063
6.9697,-1.51515,250955
6.9697,-0.909091,244920
6.9697,-0.30303,238958
6.9697,0.30303,233070
6.9697,0.909091,227256
6.9697,1.51515,221514
6.9697,2.12121,215847
6.9697,2.72727,210252
6.9697,3.33333,204732
6.9697,3.93939,199284
6.9697,4.54545,193910
6.9697,5.15152,188610
6.9697,5.75758,183383
6.9697,6.36364,178230
6.9697,6.9697,173150
6.9697,7.57576,168143
6.9697,8.18182,163210
6.9697,8.78788,158350
6.9697,9.39394,153564
6.9697,10,148852
6.9697,10.6061,144212
6.9697,11.2121,139647
6.9697,11.8182,135154
6.9697,12.4242,130735
6.9697,13.0303,126390
6.9697,13.6364,122118
6.9697,14.2424,117920
6.9697,14.8485,113795
6.9697,15.4545,109743
6.9697,16.0606,105765
6.9697,16.6667,101861
6.9697,17.2727,98029.4
6.9697,17.8788,94271.7
6.9697,18.4848,90587.4
6.9697,19.0909,86976.7
6.9697,19.697,83439.4
6.9697,20.303,79975.5
6.9697,20.9091,76585.2
6.9697,21.5152,73268.2
6.9697,22.1212,70024.8
6.9697,22.7273,66854.8
6.9697,23.3333,63758.3
6.9697,23.9394,60735.2
6.9697,24.5455,57785.6
6.9697,25.1515,54909.5
6.9697,25.7576,52106.8
6.9697,26.3636,49377.5
6.9697,26.9697,46721.8
6.9697,27.5758,44139.5
6.9697,28.1818,41630.7
6.9697,28.7879,39195.3
6.9697,29.3939,36833.4
6.9697,30,34544.9
7.57576,-30,763781
7.57576,-29.3939,753225
7.57576,-28.7879,742742
7.57576,-28.1818,732333
7.57576,-27.5758,721997
7.57576,-26.9697,711735
7.57576,-26.3636,701546
7.57576,-25.7576,691430
7.57576,-25.1515,681388
7.57576,-24.5455,671420
7.57576,-23.9394,661524
7.57576,-23.3333,651703
7.57576,-22.7273,641955
7.57576,-22.1212,632280
7.57576,-21.5152,622679
7.57576,-20.9091,613151
7.57576,-20.303,603697
7.57576,-19.697,594316
7.57576,-19.0909,585008
7.57576,-18.4848,575774
7.57576,-17.8788,566614
7.57576,-17.2727,557527
7.57576,-16.6667,548513
7.57576,-16.0606,539573
7.57576,-15.4545,530707
7.57576,-14.8485,521913
7.57576,-14.2424,513194
7.57576,-13.6364,504548
7.57576,-13.0303,495975
7.57576,-12.4242,487475
7.57576,-11.8182,479050
7.57576,-11.2121,470697
7.57576,-10.6061,462418
7.57576,-10,454213
7.57576,-9.39394,446081
7.57576,-8.78788,438022
7.57576,-8.18182,430037
7.57576,-7.57576,422126
7.57576,-6.9697,414287
7.57576,-6.36364,406523
7.57576,-5.75758,398831
7.57576,-5.15152,391214
7.57576,-4.54545,383669
7.57576,-3.93939,376198
7.57576,-3.33333,368801
7.57576,-2.72727,361477
7.57576,-2.12121,354227
7.57576,-1.51515,347050
7.57576,-0.909091,339946
7.57576,-0.30303,332916
7.57576,0.30303,325959
7.57576,0.909091,319076
7.57576,1.51515,312267
7.57576,2.12121,305530
7.57576,2.72727,298868
7.57576,3.33333,292278
7.57576,3.93939,285762
7.57576,4.54545,279320
7.57576,5.15152,272951
7.57576,5.75758,266656
7.57576,6.36364,260434
7.57576,6.9697,254285
7.57576,7.57576,248210
7.57576,8.18182,242208
7.57576,8.78788,236280
7.57576,9.39394,230426
7.57576,10,224644
7.57576,10.6061,218937
7.57576,11.2121,213302
7.57576,11.8182,207741
7.57576,12.4242,202254
7.57576,13.0303,196840
7.57576,13.6364,191500
7.57576,14.2424,186233
7.57576,14.8485,181039
7.57576,15.4545,175919
7.57576,16.0606,170873
7.57576,16.6667,165899
7.57576,17.2727,161000
7.57576,17.8788,156173
7.57576,18.4848,151421
7.57576,19.0909,146741
7.57576,19.697,142136
7.57576,20.303,137603
7.57576,20.9091,133144
7.57576,21.5152,128759
7.57576,22.1212,124447
7.57576,22.7273,120208
7.57576,23.3333,116043
7.57576,23.9394,111952
7.57576,24.5455,107933
7.57576,25.1515,103989
7.57576,25.7576,100118
7.57576,26.3636,96319.8
7.57576,26.9697,92595.5
7.57576,27.5758,88944.7
7.57576,28.1818,85367.3
7.57576,28.7879,81863.4
7.57576,29.3939,78433
7.57576,30,75076
8.18182,-30,939830
8.18182,-29.3939,928116
8.18182,-28.7879,916475
8.18182,-28.1818,904908
8.18182,-27.5758,893415
8.18182,-26.9697,881995
8.18182,-26.3636,870649
8.18182,-25.7576,859375
8.18182,-25.1515,848176
8.18182,-24.5455,837050
8.18182,-23.9394,825997
8.18182,-23.3333,815018
8.18182,-22.7273,804112
8.18182,-22.1212,793280
8.18182,-21.5152,782521
8.18182,-20.9091,771836
8.18182,-20.303,761224
8.18182,-19.697,750685
8.18182,-19.0909,740220
8.18182,-18.4848,729829
8.18182,-17.8788,719511
8.18182,-17.2727,709266
8.18182,-16.6667,699095
8.18182,-16.0606,688997
8.18182,-15.4545,678973
8.18182,-14.8485,669022
8.18182,-14.2424,659145
8.18182,-13.6364,649341
8.18182,-13.0303,639611
8.18182,-12.4242,629954
8.18182,-11.8182,620371
8.18182,-11.2121,610861
8.18182,-10.6061,601424
8.18182,-10,592061
8.18182,-9.39394,582771
8.18182,-8.78788,573555
8.18182,-8.18182,564413
8.18182,-7.57576,555343
8.18182,-6.9697,546348
8.18182,-6.36364,537425
8.18182,-5.75758,528577
8.18182,-5.15152,519801
8.18182,-4.54545,511099
8.18182,-3.93939,502471
8.18182,-3.33333,493916
8.18182,-2.72727,485434
8.18182,-2.12121,477026
8.18182,-1.51515,468692
8.18182,-0.909091,460431
8.18182,-0.30303,452243
8.18182,0.30303,444129
8.18182,0.909091,436088
8.18182,1.51515,428121
8.18182,2.12121,420227
8.18182,2.72727,412407
8.18182,3.33333,404660
8.18182,3.93939,396986
8.18182,4.54545,389386
8.18182,5.15152,381860
8.18182,5.75758,374407
8.18182,6.36364,367027
8.18182,6.9697,359721
8.18182,7.57576,352488
8.18182,8.18182,345329
8.18182,8.78788,338243
8.18182,9.39394,331231
8.18182,10,324292
8.18182,10.6061,317427
8.18182,11.2121,310635
8.18182,11.8182,303917
8.18182,12.4242,297272
8.18182,13.0303,290700
8.18182,13.6364,284202
8.18182,14.2424,277778
8.18182,14.8485,271427
8.18182,15.4545,265149
8.18182,16.0606,258945
8.18182,16.6667,252814
8.18182,17.2727,246757
8.18182,17.8788,240773
8.18182,18.4848,234863
8.18182,19.0909,229026
8.18182,19.697,223262
8.18182,20.303,217572
8.18182,20.9091,211956
8.18182,21.5152,206413
8.18182,22.1212,200943
8.18182,22.7273,195547
8.18182,23.3333,190224
8.18182,23.9394,184975
8.18182,24.5455,179800
8.18182,25.1515,174697
8.18182,25.7576,169668
8.18182,26.3636,164713
8.18182,26.9697,159831
8.18182,27.5758,155023
8.18182,28.1818,150288
8.18182,28.7879,145626
8.18182,29.3939,141038
8.18182,30,136524
8.78788,-30,1.14982e+06
8.78788,-29.3939,1.13686e+06
8.78788,-28.7879,1.12397e+06
8.78788,-28.1818,1.11116e+06
8.78788,-27.5758,1.09842e+06
8.78788,-26.9697,1.08575e+06
8.78788,-26.3636,1.07316e+06
8.78788,-25.7576,1.06064e+06
8.78788,-25.1515,1.04819e+06
8.78788,-24.5455,1.03582e+06
8.78788,-23.9394,1.02352e+06
8.78788,-23.3333,1.01129e+06
8.78788,-22.7273,999143
8.78788,-22.1212,987064
8.78788,-21.5152,975058
8.78788,-20.9091,963126
8.78788,-20.303,951268
8.78788,-19.697,939483
8.78788,-19.0909,927771
8.78788,-18.4848,916133
8.78788,-17.8788,904568
8.78788,-17.2727,893077
8.78788,-16.6667,881659
8.78788,-16.0606,870315
8.78788,-15.4545,859044
8.78788,-14.8485,847847
8.78788,-14.2424,836723
8.78788,-13.6364,825672
8.78788,-13.0303,814695
8.78788,-12.4242,803792
8.78788,-11.8182,792962
8.78788,-11.2121,782205
8.78788,-10.6061,771522
8.78788,-10,760912
8.78788,-9.39394,750376
8.78788,-8.78788,739913
8.78788,-8.18182,729524
8.78788,-7.57576,719208
8.78788,-6.9697,708966
8.78788,-6.36364,698797
8.78788,-5.75758,688702
8.78788,-5.15152,678680
8.78788,-4.54545,668731
8.78788,-3.93939,658856
8.78788,-3.33333,649054
8.78788,-2.72727,639326
8.78788,-2.12121,629672
8.78788,-1.51515,620090
8.78788,-0.909091,610583
8.78788,-0.30303,601148
8.78788,0.30303,591787
8.78788,0.909091,582500
8.78788,1.51515,573286
8.78788,2.12121,564146
8.78788,2.72727,555079
8.78788,3.33333,546085
8.78788,3.93939,537165
8.78788,4.54545,528319
8.78788,5.15152,519546
8.78788,5.75758,510846
8.78788,6.36364,502220
8.78788,6.9697,493667
8.78788,7.57576,485188
8.78788,8.18182,476782
8.78788,8.78788,468449
8.78788,9.39394,460191
8.78788,10,452005
8.78788,10.6061,443893
8.78788,11.2121,435855
8.78788,11.8182,427890
8.78788,12.4242,419998
8.78788,13.0303,412180
8.78788,13.6364,404435
8.78788,14.2424,396764
8.78788,14.8485,389166
8.78788,15.4545,381642
8.78788,16.0606,374191
8.78788,16.6667,366814
8.78788,17.2727,359510
8.78788,17.8788,352279
8.78788,18.4848,345122
8.78788,19.0909,338039
8.78788,19.697,331029
8.78788,20.303,324092
8.78788,20.9091,317229
8.78788,21.5152,310440
8.78788,22.1212,303723
8.78788,22.7273,297081
8.78788,23.3333,290511
8.78788,23.9394,284016
8.78788,24.5455,277593
8.78788,25.1515,271244
8.78788,25.7576,264969
8.78788,26.3636,258767
8.78788,26.9697,252638
8.78788,27.5758,246583
8.78788,28.1818,240602
8.78788,28.7879,234694
8.78788,29.3939,228859
8.78788,30,223098
9.39394,-30,1.39828e+06
9.39394,-29.3939,1.38399e+06
9.39394,-28.7879,1.36977e+06
9.39394,-28.1818,1.35562e+06
9.39394,-27.5758,1.34154e+06
9.39394,-26.9697,1.32754e+06
9.39394,-26.3636,1.31361e+06
9.39394,-25.7576,1.29975e+06
9.39394,-25.1515,1.28597e+06
9.39394,-24.5455,1.27226e+06
9.39394,-23.9394,1.25863e+06
9.39394,-23.3333,1.24507e+06
9.39394,-22.7273,1.23158e+06
9.39394,-22.1212,1.21816e+06
9.39394,-21.5152,1.20482e+06
9.39394,-20.9091,1.19156e+06
9.39394,-20.303,1.17836e+06
9.39394,-19.697,1.16524e+06
9.39394,-19.0909,1.15219e+06
9.39394,-18.4848,1.13922e+06
9.39394,-17.8788,1.12632e+06
9.39394,-17.2727,1.11349e+06
9.39394,-16.6667,1.10074e+06
9.39394,-16.0606,1.08806e+06
9.39394,-15.4545,1.07545e+06
9.39394,-14.8485,1.06292e+06
9.39394,-14.2424,1.05046e+06
9.39394,-13.6364,1.03807e+06
9.39394,-13.0303,1.02576e+06
9.39394,-12.4242,1.01352e+06
9.39394,-11.8182,1.00136e+06
9.39394,-11.2121,989264
9.39394,-10.6061,977245
9.39394,-10,965300
9.39394,-9.39394,953428
9.39394,-8.78788,941630
9.39394,-8.18182,929905
9.39394,-7.57576,918253
9.39394,-6.9697,906675
9.39394,-6.36364,895171
9.39394,-5.75758,883740
9.39394,-5.15152,872382
9.39394,-4.54545,861098
9.39394,-3.93939,849887
9.39394,-3.33333,838750
9.39394,-2.72727,827686
9.39394,-2.12121,816696
9.39394,-1.51515,805779
9.39394,-0.909091,794935
9.39394,-0.30303,784165
9.39394,0.30303,773469
9.39394,0.909091,762846
9.39394,1.51515,752296
9.39394,2.12121,741820
9.39394,2.72727,731417
9.39394,3.33333,721088
9.39394,3.93939,710832
9.39394,4.54545,700650
9.39394,5.15152,690541
9.39394,5.75758,680506
9.39394,6.36364,670544
9.39394,6.9697,660656
9.39394,7.57576,650841
9.39394,8.18182,641099
9.39394,8.78788,631431
9.39394,9.39394,621837
9.39394,10,612316
9.39394,10.6061,602868
9.39394,11.2121,593494
9.39394,11.8182,584193
9.39394,12.4242,574966
9.39394,13.0303,565812
9.39394,13.6364,556732
9.39394,14.2424,547725
9.39394,14.8485,538791
9.39394,15.4545,529931
9.39394,16.0606,521145
9.39394,16.6667,512432
9.39394,17.2727,503792
9.39394,17.8788,495226
9.39394,18.4848,486734
9.39394,19.0909,478314
9.39394,19.697,469969
9.39394,20.303,461696
9.39394,20.9091,453498
9.39394,21.5152,445372
9.39394,22.1212,437321
9.39394,22.7273,429342
9.39394,23.3333,421437
9.39394,23.9394,413606
9.39394,24.5455,405848
9.39394,25.1515,398163
9.39394,25.7576,390552
9.39394,26.3636,383014
9.39394,26.9697,375550
9.39394,27.5758,368159
9.39394,28.1818,360842
9.39394,28.7879,353598
9.39394,29.3939,346428
9.39394,30,339331
10,-30,1.69008e+06
10,-29.3939,1.67436e+06
10,-28.7879,1.65871e+06
10,-28.1818,1.64314e+06
10,-27.5758,1.62764e+06
10,-26.9697,1.61221e+06
10,-26.3636,1.59686e+06
10,-25.7576,1.58158e+06
10,-25.1515,1.56637e+06
10,-24.5455,1.55124e+06
10,-23.9394,1.53618e+06
10,-23.3333,1.52119e+06
10,-22.7273,1.50628e+06
10,-22.1212,1.49144e+06
10,-21.5152,1.47667e+06
10,-20.9091,1.46198e+06
10,-20.303,1.44736e+06
10,-19.697,1.43282e+06
10,-19.0909,1.41835e+06
10,-18.4848,1.40395e+06
10,-17.8788,1.38962e+06
10,-17.2727,1.37537e+06
10,-16.6667,1.36119e+06
10,-16.0606,1.34709e+06
10,-15.4545,1.33306e+06
10,-14.8485,1.3191e+06
10,-14.2424,1.30521e+06
10,-13.6364,1.2914e+06
10,-13.0303,1.27767e+06
10,-12.4242,1.264e+06
10,-11.8182,1.25041e+06
10,-11.2121,1.23689e+06
10,-10.6061,1.22345e+06
10,-10,1.21008e+06
10,-9.39394,1.19678e+06
10,-8.78788,1.18356e+06
10,-8.18182,1.17041e+06
10,-7.57576,1.15734e+06
10,-6.9697,1.14433e+06
10,-6.36364,1.1314e+06
10,-5.75758,1.11855e+06
10,-5.15152,1.10577e+06
10,-4.54545,1.09306e+06
10,-3.93939,1.08042e+06
10,-3.33333,1.06786e+06
10,-2.72727,1.05537e+06
10,-2.12121,1.04296e+06
10,-1.51515,1.03061e+06
10,-0.909091,1.01835e+06
10,-0.30303,1.00615e+06
10,0.30303,994030
10,0.909091,981982
10,1.51515,970008
10,2.12121,958107
10,2.72727,946279
10,3.33333,934525
10,3.93939,922845
10,4.54545,911238
10,5.15152,899705
10,5.75758,888244
10,6.36364,876858
10,6.9697,865545
10,7.57576,854305
10,8.18182,843139
10,8.78788,832046
10,9.39394,821027
10,10,810081
10,10.6061,799209
10,11.2121,788410
10,11.8182,777684
10,12.4242,767032
10,13.0303,756454
10,13.6364,745949
10,14.2424,735517
10,14.8485,725159
10,15.4545,714874
10,16.0606,704663
10,16.6667,694525
10,17.2727,684461
10,17.8788,674470
10,18.4848,664553
10,19.0909,654709
10,19.697,644939
10,20.303,635242
10,20.9091,625618
10,21.5152,616068
10,22.1212,606592
10,22.7273,597188
10,23.3333,587859
10,23.9394,578603
10,24.5455,569420
10,25.1515,560311
10,25.7576,551275
10,26.3636,542312
10,26.9697,533424
10,27.5758,524608
10,28.1818,515866
10,28.7879,507198
10,29.3939,498603
10,30,490081
10.6061,-30,2.03039e+06
10.6061,-29.3939,2.01316e+06
10.6061,-28.7879,1.99599e+06
10.6061,-28.1818,1.97891e+06
10.6061,-27.5758,1.96189e+06
10.6061,-26.9697,1.94495e+06
10.6061,-26.3636,1.92808e+06
10.6061,-25.7576,1.91129e+06
10.6061,-25.1515,1.89457e+06
10.6061,-24.5455,1.87792e+06
10.6061,-23.9394,1.86135e+06
10.6061,-23.3333,1.84485e+06
10.6061,-22.7273,1.82842e+06
10.6061,-22.1212,1.81207e+06
10.6061,-21.5152,1.79579e+06
10.6061,-20.9091,1.77958e+06
10.6061,-20.303,1.76345e+06
10.6061,-19.697,1.74739e+06
10.6061,-19.0909,1.73141e+06
10.6061,-18.4848,1.71549e+06
10.6061,-17.8788,1.69966e+06
10.6061,-17.2727,1.68389e+06
10.6061,-16.6667,1.6682e+06
10.6061,-16.0606,1.65258e+06
10.6061,-15.4545,1.63704e+06
10.6061,-14.8485,1.62156e+06
10.6061,-14.2424,1.60617e+06
10.6061,-13.6364,1.59084e+06
10.6061,-13.0303,1.57559e+06
10.6061,-12.4242,1.56041e+06
10.6061,-11.8182,1.54531e+06
10.6061,-11.2121,1.53028e+06
10.6061,-10.6061,1.51532e+06
10.6061,-10,1.50044e+06
10.6061,-9.39394,1.48563e+06
10.6061,-8.78788,1.47089e+06
10.6061,-8.18182,1.45623e+06
10.6061,-7.57576,1.44164e+06
10.6061,-6.9697,1.42712e+06
10.6061,-6.36364,1.41268e+06
10.6061,-5.75758,1.39831e+06
10.6061,-5.15152,1.38401e+06
10.6061,-4.54545,1.36979e+06
10.6061,-3.93939,1.35564e+06
10.6061,-3.33333,1.34156e+06
10.6061,-2.72727,1.32756e+06
10.6061,-2.12121,1.31363e+06
10.6061,-1.51515,1.29978e+06
10.6061,-0.909091,1.28599e+06
10.6061,-0.30303,1.27229e+06
10.6061,0.30303,1.25865e+06
10.6061,0.909091,1.24509e+06
10.6061,1.51515,1.2316e+06
10.6061,2.12121,1.21819e+06
10.6061,2.72727,1.20485e+06
10.6061,3.33333,1.19158e+06
10.6061,3.93939,1.17838e+06
10.6061,4.54545,1.16526e+06
10.6061,5.15152,1.15222e+06
10.6061,5.75758,1.13924e+06
10.6061,6.36364,1.12634e+06
10.6061,6.9697,1.11351e+06
10.6061,7.57576,1.10076e+06
10.6061,8.18182,1.08808e+06
10.6061,8.78788,1.07547e+06
10.6061,9.39394,1.06294e+06
10.6061,10,1.05048e+06
10.6061,10.6061,1.0381e+06
10.6061,11.2121,1.02578e+06
10.6061,11.8182,1.01354e+06
10.6061,12.4242,1.00138e+06
10.6061,13.0303,989286
10.6061,13.6364,977267
10.6061,14.2424,965322
10.6061,14.8485,953450
10.6061,15.4545,941652
10.6061,16.0606,929927
10.6061,16.6667,918275
10.6061,17.2727,906697
10.6061,17.8788,895192
10.6061,18.4848,883761
10.6061,19.0909,872404
10.6061,19.697,861119
10.6061,20.303,849909
10.6061,20.9091,838771
10.6061,21.5152,827708
10.6061,22.1212,816717
10.6061,22.7273,805800
10.6061,23.3333,794957
10.6061,23.9394,784187
10.6061,24.5455,773491
10.6061,25.1515,762868
10.6061,25.7576,752318
10.6061,26.3636,741842
10.6061,26.9697,731439
10.6061,27.5758,721110
10.6061,28.1818,710854
10.6061,28.7879,700672
10.6061,29.3939,690563
10.6061,30,680528
11.2121,-30,2.42472e+06
11.2121,-29.3939,2.40588e+06
11.2121,-28.7879,2.38712e+06
11.2121,-28.1818,2.36842e+06
11.2121,-27.5758,2.34981e+06
11.2121,-26.9697,2.33126e+06
11.2121,-26.3636,2.31279e+06
11.2121,-25.7576,2.2944e+06
11.2121,-25.1515,2.27607e+06
11.2121,-24.5455,2.25782e+06
11.2121,-23.9394,2.23965e+06
11.2121,-23.3333,2.22155e+06
11.2121,-22.7273,2.20352e+06
11.2121,-22.1212,2.18556e+06
11.2121,-21.5152,2.16768e+06
11.2121,-20.9091,2.14987e+06
11.2121,-20.303,2.13213e+06
11.2121,-19.697,2.11447e+06
11.2121,-19.0909,2.09688e+06
11.2121,-18.4848,2.07937e+06
11.2121,-17.8788,2.06193e+06
11.2121,-17.2727,2.04456e+06
11.2121,-16.6667,2.02726e+06
11.2121,-16.0606,2.01004e+06
11.2121,-15.4545,1.99289e+06
11.2121,-14.8485,1.97582e+06
11.2121,-14.2424,1.95882e+06
11.2121,-13.6364,1.94189e+06
11.2121,-13.0303,1.92504e+06
11.2121,-12.4242,1.90826e+06
11.2121,-11.8182,1.89155e+06
11.2121,-11.2121,1.87492e+06
11.2121,-10.6061,1.85836e+06
11.2121,-10,1.84187e+06
11.2121,-9.39394,1.82546e+06
11.2121,-8.78788,1.80912e+06
11.2121,-8.18182,1.79285e+06
11.2121,-7.57576,1.77666e+06
11.2121,-6.9697,1.76054e+06
11.2121,-6.36364,1.74449e+06
11.2121,-5.75758,1.72852e+06
11.2121,-5.15152,1.71262e+06
11.2121,-4.54545,1.6968e+06
11.2121,-3.93939,1.68104e+06
11.2121,-3.33333,1.66537e+06
11.2121,-2.72727,1.64976e+06
11.2121,-2.12121,1.63423e+06
11.2121,-1.51515,1.61877e+06
11.2121,-0.909091,1.60339e+06
11.2121,-0.30303,1.58807e+06
11.2121,0.30303,1.57284e+06
11.2121,0.909091,1.55767e+06
11.2121,1.51515,1.54258e+06
11.2121,2.12121,1.52756e+06
11.2121,2.72727,1.51262e+06
11.2121,3.33333,1.49775e+06
11.2121,3.93939,1.48295e+06
11.2121,4.54545,1.46823e+06
11.2121,5.15152,1.45358e+06
11.2121,5.75758,1.439e+06
11.2121,6.36364,1.4245e+06
11.2121,6.9697,1.41007e+06
11.2121,7.57576,1.39571e+06
11.2121,8.18182,1.38143e+06
11.2121,8.78788,1.36722e+06
11.2121,9.39394,1.35309e+06
11.2121,10,1.33902e+06
11.2121,10.6061,1.32503e+06
11.2121,11.2121,1.31112e+06
11.2121,11.8182,1.29728e+06
11.2121,12.4242,1.28351e+06
11.2121,13.0303,1.26981e+06
11.2121,13.6364,1.25619e+06
11.2121,14.2424,1.24264e+06
11.2121,14.8485,1.22917e+06
11.2121,15.4545,1.21577e+06
11.2121,16.0606,1.20244e+06
11.2121,16.6667,1.18919e+06
11.2121,17.2727,1.176e+06
11.2121,17.8788,1.1629e+06
11.2121,18.4848,1.14986e+06
11.2121,19.0909,1.1369e+06
11.2121,19.697,1.12402e+06
11.2121,20.303,1.1112e+06
11.2121,20.9091,1.09846e+06
11.2121,21.5152,1.0858e+06
11.2121,22.1212,1.0732e+06
11.2121,22.7273,1.06068e+06
11.2121,23.3333,1.04824e+06
11.2121,23.9394,1.03586e+06
11.2121,24.5455,1.02356e+06
11.2121,25.1515,1.01134e+06
11.2121,25.7576,999186
11.2121,26.3636,987107
11.2121,26.9697,975102
11.2121,27.5758,963170
11.2121,28.1818,951311
11.2121,28.7879,939526
11.2121,29.3939,927815
11.2121,30,916177
11.8182,-30,2.87889e+06
11.8182,-29.3939,2.85836e+06
11.8182,-28.7879,2.8379e+06
11.8182,-28.1818,2.81752e+06
11.8182,-27.5758,2.79721e+06
11.8182,-26.9697,2.77698e+06
11.8182,-26.3636,2.75681e+06
11.8182,-25.7576,2.73673e+06
11.8182,-25.1515,2.71671e+06
11.8182,-24.5455,2.69677e+06
11.8182,-23.9394,2.6769e+06
11.8182,-23.3333,2.65711e+06
11.8182,-22.7273,2.63739e+06
11.8182,-22.1212,2.61774e+06
11.8182,-21.5152,2.59816e+06
11.8182,-20.9091,2.57866e+06
11.8182,-20.303,2.55924e+06
11.8182,-19.697,2.53988e+06
11.8182,-19.0909,2.5206e+06
11.8182,-18.4848,2.50139e+06
11.8182,-17.8788,2.48226e+06
11.8182,-17.2727,2.4632e+06
11.8182,-16.6667,2.44421e+06
11.8182,-16.0606,2.4253e+06
11.8182,-15.4545,2.40646e+06
11.8182,-14.8485,2.3877e+06
11.8182,-14.2424,2.369e+06
11.8182,-13.6364,2.35038e+06
11.8182,-13.0303,2.33184e+06
11.8182,-12.4242,2.31337e+06
11.8182,-11.8182,2.29497e+06
11.8182,-11.2121,2.27664e+06
11.8182,-10.6061,2.25839e+06
11.8182,-10,2.24021e+06
11.8182,-9.39394,2.22211e+06
11.8182,-8.78788,2.20407e+06
11.8182,-8.18182,2.18612e+06
11.8182,-7.57576,2.16823e+06
11.8182,-6.9697,2.15042e+06
11.8182,-6.36364,2.13268e+06
11.8182,-5.75758,2.11502e+06
11.8182,-5.15152,2.09743e+06
11.8182,-4.54545,2.07991e+06
11.8182,-3.93939,2.06247e+06
11.8182,-3.33333,2.0451e+06
11.8182,-2.72727,2.0278e+06
11.8182,-2.12121,2.01058e+06
11.8182,-1.51515,1.99343e+06
11.8182,-0.909091,1.97635e+06
11.8182,-0.30303,1.95935e+06
11.8182,0.30303,1.94242e+06
11.8182,0.909091,1.92556e+06
11.8182,1.51515,1.90878e+06
11.8182,2.12121,1.89207e+06
11.8182,2.72727,1.87543e+06
11.8182,3.33333,1.85887e+06
11.8182,3.93939,1.84238e+06
11.8182,4.54545,1.82597e+06
11.8182,5.15152,1.80962e+06
11.8182,5.75758,1.79336e+06
11.8182,6.36364,1.77716e+06
11.8182,6.9697,1.76104e+06
11.8182,7.57576,1.74499e+06
11.8182,8.18182,1.72902e+06
11.8182,8.78788,1.71311e+06
11.8182,9.39394,1.69729e+06
11.8182,10,1.68153e+06
11.8182,10.6061,1.66585e+06
11.8182,11.2121,1.65024e+06
11.8182,11.8182,1.63471e+06
11.8182,12.4242,1.61925e+06
11.8182,13.0303,1.60386e+06
11.8182,13.6364,1.58855e+06
11.8182,14.2424,1.57331e+06
11.8182,14.8485,1.55814e+06
11.8182,15.4545,1.54305e+06
11.8182,16.0606,1.52803e+06
11.8182,16.6667,1.51308e+06
11.8182,17.2727,1.49821e+06
11.8182,17.8788,1.48341e+06
11.8182,18.4848,1.46869e+06
11.8182,19.0909,1.45403e+06
11.8182,19.697,1.43946e+06
11.8182,20.303,1.42495e+06
11.8182,20.9091,1.41052e+06
11.8182,21.5152,1.39616e+06
11.8182,22.1212,1.38188e+06
11.8182,22.7273,1.36766e+06
11.8182,23.3333,1.35353e+06
11.8182,23.9394,1.33946e+06
11.8182,24.5455,1.32547e+06
11.8182,25.1515,1.31155e+06
11.8182,25.7576,1.29771e+06
11.8182,26.3636,1.28394e+06
11.8182,26.9697,1.27024e+06
11.8182,27.5758,1.25662e+06
11.8182,28.1818,1.24307e+06
11.8182,28.7879,1.22959e+06
11.8182,29.3939,1.21619e+06
11.8182,30,1.20286e+06
12.4242,-30,3.39906e+06
12.4242,-29.3939,3.37675e+06
12.4242,-28.7879,3.35451e+06
12.4242,-28.1818,3.33235e+06
12.4242,-27.5758,3.31026e+06
12.4242,-26.9697,3.28824e+06
12.4242,-26.3636,3.2663e+06
12.4242,-25.7576,3.24443e+06
12.4242,-25.1515,3.22263e+06
12.4242,-24.5455,3.20091e+06
12.4242,-23.9394,3.17926e+06
12.4242,-23.3333,3.15769e+06
12.4242,-22.7273,3.13618e+06
12.4242,-22.1212,3.11476e+06
12.4242,-21.5152,3.0934e+06
12.4242,-20.9091,3.07212e+06
12.4242,-20.303,3.05091e+06
12.4242,-19.697,3.02978e+06
12.4242,-19.0909,3.00871e+06
12.4242,-18.4848,2.98773e+06
12.4242,-17.8788,2.96681e+06
12.4242,-17.2727,2.94597e+06
12.4242,-16.6667,2.9252e+06
12.4242,-16.0606,2.90451e+06
12.4242,-15.4545,2.88389e+06
12.4242,-14.8485,2.86334e+06
12.4242,-14.2424,2.84287e+06
12.4242,-13.6364,2.82247e+06
12.4242,-13.0303,2.80214e+06
12.4242,-12.4242,2.78189e+06
12.4242,-11.8182,2.76171e+06
12.4242,-11.2121,2.7416e+06
12.4242,-10.6061,2.72157e+06
12.4242,-10,2.70161e+06
12.4242,-9.39394,2.68172e+06
12.4242,-8.78788,2.66191e+06
12.4242,-8.18182,2.64217e+06
12.4242,-7.57576,2.62251e+06
12.4242,-6.9697,2.60292e+06
12.4242,-6.36364,2.5834e+06
12.4242,-5.75758,2.56395e+06
12.4242,-5.15152,2.54458e+06
12.4242,-4.54545,2.52528e+06
12.4242,-3.93939,2.50606e+06
12.4242,-3.33333,2.48691e+06
12.4242,-2.72727,2.46783e+06
12.4242,-2.12121,2.44882e+06
12.4242,-1.51515,2.42989e+06
12.4242,-0.909091,2.41104e+06
12.4242,-0.30303,2.39225e+06
12.4242,0.30303,2.37354e+06
12.4242,0.909091,2.3549e+06
12.4242,1.51515,2.33634e+06
12.4242,2.12121,2.31785e+06
12.4242,2.72727,2.29943e+06
12.4242,3.33333,2.28109e+06
12.4242,3.93939,2.26282e+06
12.4242,4.54545,2.24462e+06
12.4242,5.15152,2.2265e+06
12.4242,5.75758,2.20845e+06
12.4242,6.36364,2.19048e+06
12.4242,6.9697,2.17257e+06
12.4242,7.57576,2.15474e+06
12.4242,8.18182,2.13699e+06
12.4242,8.78788,2.11931e+06
12.4242,9.39394,2.1017e+06
12.4242,10,2.08416e+06
12.4242,10.6061,2.0667e+06
12.4242,11.2121,2.04931e+06
12.4242,11.8182,2.032e+06
12.4242,12.4242,2.01476e+06
12.4242,13.0303,1.99759e+06
12.4242,13.6364,1.9805e+06
12.4242,14.2424,1.96347e+06
12.4242,14.8485,1.94653e+06
12.4242,15.4545,1.92965e+06
12.4242,16.0606,1.91285e+06
12.4242,16.6667,1.89613e+06
12.4242,17.2727,1.87947e+06
12.4242,17.8788,1.86289e+06
12.4242,18.4848,1.84639e+06
12.4242,19.0909,1.82995e+06
12.4242,19.697,1.81359e+06
12.4242,20.303,1.79731e+06
12.4242,20.9091,1.78109e+06
12.4242,21.5152,1.76495e+06
12.4242,22.1212,1.74889e+06
12.4242,22.7273,1.7329e+06
12.4242,23.3333,1.71698e+06
12.4242,23.9394,1.70113e+06
12.4242,24.5455,1.68536e+06
12.4242,25.1515,1.66966e+06
12.4242,25.7576,1.65404e+06
12.4242,26.3636,1.63848e+06
12.4242,26.9697,1.62301e+06
12.4242,27.5758,1.6076e+06
12.4242,28.1818,1.59227e+06
12.4242,28.7879,1.57701e+06
12.4242,29.3939,1.56183e+06
12.4242,30,1.54672e+06
13.0303,-30,3.9917e+06
13.0303,-29.3939,3.96752e+06
13.0303,-28.7879,3.94341e+06
13.0303,-28.1818,3.91938e+06
13.0303,-27.5758,3.89542e+06
13.0303,-26.9697,3.87154e+06
13.0303,-26.3636,3.84772e+06
13.0303,-25.7576,3.82398e+06
13.0303,-25.1515,3.80032e+06
13.0303,-24.5455,3.77672e+06
13.0303,-23.9394,3.75321e+06
13.0303,-23.3333,3.72976e+06
13.0303,-22.7273,3.70639e+06
13.0303,-22.1212,3.68309e+06
13.0303,-21.5152,3.65986e+06
13.0303,-20.9091,3.63671e+06
13.0303,-20.303,3.61364e+06
13.0303,-19.697,3.59063e+06
13.0303,-19.0909,3.5677e+06
13.0303,-18.4848,3.54484e+06
13.0303,-17.8788,3.52206e+06
13.0303,-17.2727,3.49935e+06
13.0303,-16.6667,3.47671e+06
13.0303,-16.0606,3.45414e+06
13.0303,-15.4545,3.43165e+06
13.0303,-14.8485,3.40924e+06
13.0303,-14.2424,3.38689e+06
13.0303,-13.6364,3.36462e+06
13.0303,-13.0303,3.34243e+06
13.0303,-12.4242,3.3203e+06
13.0303,-11.8182,3.29825e+06
13.0303,-11.2121,3.27628e+06
13.0303,-10.6061,3.25438e+06
13.0303,-10,3.23255e+06
13.0303,-9.39394,3.21079e+06
13.0303,-8.78788,3.18911e+06
13.0303,-8.18182,3.1675e+06
13.0303,-7.57576,3.14596e+06
13.0303,-6.9697,3.1245e+06
13.0303,-6.36364,3.10311e+06
13.0303,-5.75758,3.0818e+06
13.0303,-5.15152,3.06056e+06
13.0303,-4.54545,3.03939e+06
13.0303,-3.93939,3.01829e+06
13.0303,-3.33333,2.99727e+06
13.0303,-2.72727,2.97632e+06
13.0303,-2.12121,2.95545e+06
13.0303,-1.51515,2.93465e+06
13.0303,-0.909091,2.91392e+06
13.0303,-0.30303,2.89327e+06
13.0303,0.30303,2.87269e+06
13.0303,0.909091,2.85218e+06
13.0303,1.51515,2.83175e+06
13.0303,2.12121,2.81139e+06
13.0303,2.72727,2.7911e+06
13.0303,3.33333,2.77089e+06
13.0303,3.93939,2.75075e+06
13.0303,4.54545,2.73068e+06
13.0303,5.15152,2.71069e+06
13.0303,5.75758,2.69077e+06
13.0303,6.36364,2.67092e+06
13.0303,6.9697,2.65115e+06
13.0303,7.57576,2.63145e+06
13.0303,8.18182,2.61183e+06
13.0303,8.78788,2.59227e+06
13.0303,9.39394,2.5728e+06
13.0303,10,2.55339e+06
13.0303,10.6061,2.53406e+06
13.0303,11.2121,2.5148e+06
13.0303,11.8182,2.49562e+06
13.0303,12.4242,2.47651e+06
13.0303,13.0303,2.45747e+06
13.0303,13.6364,2.4385e+06
13.0303,14.2424,2.41961e+06
13.0303,14.8485,2.40079e+06
13.0303,15.4545,2.38205e+06
13.0303,16.0606,2.36338e+06
13.0303,16.6667,2.34478e+06
13.0303,17.2727,2.32626e+06
13.0303,17.8788,2.30781e+06
13.0303,18.4848,2.28943e+06
13.0303,19.0909,2.27113e+06
13.0303,19.697,2.2529e+06
13.0303,20.303,2.23474e+06
13.0303,20.9091,2.21666e+06
13.0303,21.5152,2.19865e+06
13.0303,22.1212,2.18072e+06
13.0303,22.7273,2.16285e+06
13.0303,23.3333,2.14507e+06
13.0303,23.9394,2.12735e+06
13.0303,24.5455,2.10971e+06
13.0303,25.1515,2.09214e+06
13.0303,25.7576,2.07464e+06
13.0303,26.3636,2.05722e+06
13.0303,26.9697,2.03987e+06
13.0303,27.5758,2.0226e+06
13.0303,28.1818,2.0054e+06
13.0303,28.7879,1.98827e+06
13.0303,29.3939,1.97122e+06
13.0303,30,1.95424e+06
13.6364,-30,4.66362e+06
13.6364,-29.3939,4.63748e+06
13.6364,-28.7879,4.61141e+06
13.6364,-28.1818,4.58542e+06
13.6364,-27.5758,4.5595e+06
13.6364,-26.9697,4.53366e+06
13.6364,-26.3636,4.50789e+06
13.6364,-25.7576,4.48219e+06
13.6364,-25.1515,4.45656e+06
13.6364,-24.5455,4.43101e+06
13.6364,-23.9394,4.40553e+06
13.6364,-23.3333,4.38013e+06
13.6364,-22.7273,4.3548e+06
13.6364,-22.1212,4.32954e+06
13.6364,-21.5152,4.30436e+06
13.6364,-20.9091,4.27925e+06
13.6364,-20.303,4.25421e+06
13.6364,-19.697,4.22924e+06
13.6364,-19.0909,4.20435e+06
13.6364,-18.4848,4.17954e+06
13.6364,-17.8788,4.15479e+06
13.6364,-17.2727,4.13012e+06
13.6364,-16.6667,4.10553e+06
13.6364,-16.0606,4.081e+06
13.6364,-15.4545,4.05656e+06
13.6364,-14.8485,4.03218e+06
13.6364,-14.2424,4.00788e+06
13.6364,-13.6364,3.98365e+06
13.6364,-13.0303,3.95949e+06
13.6364,-12.4242,3.93541e+06
13.6364,-11.8182,3.9114e+06
13.6364,-11.2121,3.88747e+06
13.6364,-10.6061,3.8636e+06
13.6364,-10,3.83982e+06
13.6364,-9.39394,3.8161e+06
13.6364,-8.78788,3.79246e+06
13.6364,-8.18182,3.76889e+06
13.6364,-7.57576,3.7454e+06
13.6364,-6.9697,3.72198e+06
13.6364,-6.36364,3.69863e+06
13.6364,-5.75758,3.67535e+06
13.6364,-5.15152,3.65215e+06
13.6364,-4.54545,3.62903e+06
13.6364,-3.93939,3.60597e+06
13.6364,-3.33333,3.58299e+06
13.6364,-2.72727,3.56009e+06
13.6364,-2.12121,3.53725e+06
13.6364,-1.51515,3.51449e+06
13.6364,-0.909091,3.49181e+06
13.6364,-0.30303,3.46919e+06
13.6364,0.30303,3.44665e+06
13.6364,0.909091,3.42419e+06
13.6364,1.51515,3.4018e+06
13.6364,2.12121,3.37948e+06
13.6364,2.72727,3.35723e+06
13.6364,3.33333,3.33506e+06
13.6364,3.93939,3.31296e+06
13.6364,4.54545,3.29094e+06
13.6364,5.15152,3.26898e+06
13.6364,5.75758,3.24711e+06
13.6364,6.36364,3.2253e+06
13.6364,6.9697,3.20357e+06
13.6364,7.57576,3.18191e+06
13.6364,8.18182,3.16033e+06
13.6364,8.78788,3.13882e+06
13.6364,9.39394,3.11738e+06
13.6364,10,3.09601e+06
13.6364,10.6061,3.07472e+06
13.6364,11.2121,3.05351e+06
13.6364,11.8182,3.03236e+06
13.6364,12.4242,3.01129e+06
13.6364,13.0303,2.9903e+06
13.6364,13.6364,2.96937e+06
13.6364,14.2424,2.94852e+06
13.6364,14.8485,2.92775e+06
13.6364,15.4545,2.90704e+06
13.6364,16.0606,2.88641e+06
13.6364,16.6667,2.86586e+06
13.6364,17.2727,2.84538e+06
13.6364,17.8788,2.82497e+06
13.6364,18.4848,2.80463e+06
13.6364,19.0909,2.78437e+06
13.6364,19.697,2.76418e+06
13.6364,20.303,2.74407e+06
13.6364,20.9091,2.72402e+06
13.6364,21.5152,2.70406e+06
13.6364,22.1212,2.68416e+06
13.6364,22.7273,2.66434e+06
13.6364,23.3333,2.64459e+06
13.6364,23.9394,2.62492e+06
13.6364,24.5455,2.60532e+06
13.6364,25.1515,2.58579e+06
13.6364,25.7576,2.56633e+06
13.6364,26.3636,2.54695e+06
13.6364,26.9697,2.52765e+06
13.6364,27.5758,2.50841e+06
13.6364,28.1818,2.48925e+06
13.6364,28.7879,2.47017e+06
13.6364,29.3939,2.45115e+06
13.6364,30,2.43221e+06
14.2424,-30,5.42193e+06
14.2424,-29.3939,5.39374e+06
14.2424,-28.7879,5.36563e+06
14.2424,-28.1818,5.33759e+06
14.2424,-27.5758,5.30962e+06
14.2424,-26.9697,5.28173e+06
14.2424,-26.3636,5.25391e+06
14.2424,-25.7576,5.22616e+06
14.2424,-25.1515,5.19849e+06
14.2424,-24.5455,5.17089e+06
14.2424,-23.9394,5.14337e+06
14.2424,-23.3333,5.11591e+06
14.2424,-22.7273,5.08853e+06
14.2424,-22.1212,5.06123e+06
14.2424,-21.5152,5.034e+06
14.2424,-20.9091,5.00684e+06
14.2424,-20.303,4.97975e+06
14.2424,-19.697,4.95274e+06
14.2424,-19.0909,4.9258e+06
14.2424,-18.4848,4.89894e+06
14.2424,-17.8788,4.87215e+06
14.2424,-17.2727,4.84543e+06
14.2424,-16.6667,4.81878e+06
14.2424,-16.0606,4.79221e+06
14.2424,-15.4545,4.76572e+06
14.2424,-14.8485,4.73929e+06
14.2424,-14.2424,4.71294e+06
14.2424,-13.6364,4.68666e+06
14.2424,-13.0303,4.66046e+06
14.2424,-12.4242,4.63433e+06
14.2424,-11.8182,4.60827e+06
14.2424,-11.2121,4.58229e+06
14.2424,-10.6061,4.55638e+06
14.2424,-10,4.53054e+06
14.2424,-9.39394,4.50478e+06
14.2424,-8.78788,4.47909e+06
14.2424,-8.18182,4.45348e+06
14.2424,-7.57576,4.42793e+06
14.2424,-6.9697,4.40247e+06
14.2424,-6.36364,4.37707e+06
14.2424,-5.75758,4.35175e+06
14.2424,-5.15152,4.3265e+06
14.2424,-4.54545,4.30132e+06
14.2424,-3.93939,4.27622e+06
14.2424,-3.33333,4.25119e+06
14.2424,-2.72727,4.22624e+06
14.2424,-2.12121,4.20136e+06
14.2424,-1.51515,4.17655e+06
14.2424,-0.909091,4.15182e+06
14.2424,-0.30303,4.12715e+06
14.2424,0.30303,4.10257e+06
14.2424,0.909091,4.07805e+06
14.2424,1.51515,4.05361e+06
14.2424,2.12121,4.02925e+06
14.2424,2.72727,4.00495e+06
14.2424,3.33333,3.98073e+06
14.2424,3.93939,3.95658e+06
14.2424,4.54545,3.93251e+06
14.2424,5.15152,3.90851e+06
14.2424,5.75758,3.88459e+06
14.2424,6.36364,3.86073e+06
14.2424,6.9697,3.83695e+06
14.2424,7.57576,3.81325e+06
14.2424,8.18182,3.78961e+06
14.2424,8.78788,3.76606e+06
14.2424,9.39394,3.74257e+06
14.2424,10,3.71916e+06
14.2424,10.6061,3.69582e+06
14.2424,11.2121,3.67255e+06
14.2424,11.8182,3.64936e+06
14.2424,12.4242,3.62624e+06
14.2424,13.0303,3.6032e+06
14.2424,13.6364,3.58023e+06
14.2424,14.2424,3.55733e+06
14.2424,14.8485,3.53451e+06
14.2424,15.4545,3.51176e+06
14.2424,16.0606,3.48908e+06
14.2424,16.6667,3.46647e+06
14.2424,17.2727,3.44394e+06
14.2424,17.8788,3.42149e+06
14.2424,18.4848,3.3991e+06
14.2424,19.0909,3.37679e+06
14.2424,19.697,3.35456e+06
14.2424,20.303,3.33239e+06
14.2424,20.9091,3.3103e+06
14.2424,21.5152,3.28829e+06
14.2424,22.1212,3.26634e+06
14.2424,22.7273,3.24447e+06
14.2424,23.3333,3.22268e+06
14.2424,23.9394,3.20096e+06
14.2424,24.5455,3.17931e+06
14.2424,25.1515,3.15773e+06
14.2424,25.7576,3.13623e+06
14.2424,26.3636,3.1148e+06
14.2424,26.9697,3.09345e+06
14.2424,27.5758,3.07216e+06
14.2424,28.1818,3.05096e+06
14.2424,28.7879,3.02982e+06
14.2424,29.3939,3.00876e+06
14.2424,30,2.98777e+06
14.8485,-30,6.27409e+06
14.8485,-29.3939,6.24377e+06
14.8485,-28.7879,6.21351e+06
14.8485,-28.1818,6.18334e+06
14.8485,-27.5758,6.15323e+06
14.8485,-26.9697,6.1232e+06
14.8485,-26.3636,6.09325e+06
14.8485,-25.7576,6.06336e+06
14.8485,-25.1515,6.03355e+06
14.8485,-24.5455,6.00382e+06
14.8485,-23.9394,5.97415e+06
14.8485,-23.3333,5.94456e+06
14.8485,-22.7273,5.91505e+06
14.8485,-22.1212,5.88561e+06
14.8485,-21.5152,5.85624e+06
14.8485,-20.9091,5.82694e+06
14.8485,-20.303,5.79772e+06
14.8485,-19.697,5.76857e+06
14.8485,-19.0909,5.73949e+06
14.8485,-18.4848,5.71049e+06
14.8485,-17.8788,5.68156e+06
14.8485,-17.2727,5.65271e+06
14.8485,-16.6667,5.62393e+06
14.8485,-16.0606,5.59522e+06
14.8485,-15.4545,5.56658e+06
14.8485,-14.8485,5.53802e+06
14.8485,-14.2424,5.50954e+06
14.8485,-13.6364,5.48112e+06
14.8485,-13.0303,5.45278e+06
14.8485,-12.4242,5.42451e+06
14.8485,-11.8182,5.39632e+06
14.8485,-11.2121,5.3682e+06
14.8485,-10.6061,5.34015e+06
14.8485,-10,5.31218e+06
14.8485,-9.39394,5.28428e+06
14.8485,-8.78788,5.25645e+06
14.8485,-8.18182,5.2287e+06
14.8485,-7.57576,5.20102e+06
14.8485,-6.9697,5.17341e+06
14.8485,-6.36364,5.14588e+06
14.8485,-5.75758,5.11842e+06
14.8485,-5.15152,5.09104e+06
14.8485,-4.54545,5.06372e+06
14.8485,-3.93939,5.03649e+06
14.8485,-3.33333,5.00932e+06
14.8485,-2.72727,4.98223e+06
14.8485,-2.12121,4.95521e+06
14.8485,-1.51515,4.92827e+06
14.8485,-0.909091,4.90139e+06
14.8485,-0.30303,4.8746e+06
14.8485,0.30303,4.84787e+06
14.8485,0.909091,4.82122e+06
14.8485,1.51515,4.79464e+06
14.8485,2.12121,4.76814e+06
14.8485,2.72727,4.74171e+06
14.8485,3.33333,4.71535e+06
14.8485,3.93939,4.68907e+06
14.8485,4.54545,4.66286e+06
14.8485,5.15152,4.63672e+06
14.8485,5.75758,4.61066e+06
14.8485,6.36364,4.58467e+06
14.8485,6.9697,4.55875e+06
14.8485,7.57576,4.53291e+06
14.8485,8.18182,4.50714e+06
14.8485,8.78788,4.48144e+06
14.8485,9.39394,4.45582e+06
14.8485,10,4.43027e+06
14.8485,10.6061,4.40479e+06
14.8485,11.2121,4.37939e+06
14.8485,11.8182,4.35406e+06
14.8485,12.4242,4.32881e+06
14.8485,13.0303,4.30363e+06
14.8485,13.6364,4.27852e+06
14.8485,14.2424,4.25348e+06
14.8485,14.8485,4.22852e+06
14.8485,15.4545,4.20363e+06
14.8485,16.0606,4.17882e+06
14.8485,16.6667,4.15408e+06
14.8485,17.2727,4.12941e+06
14.8485,17.8788,4.10482e+06
14.8485,18.4848,4.08029e+06
14.8485,19.0909,4.05585e+06
14.8485,19.697,4.03147e+06
14.8485,20.303,4.00717e+06
14.8485,20.9091,3.98295e+06
14.8485,21.5152,3.95879e+06
14.8485,22.1212,3.93471e+06
14.8485,22.7273,3.91071e+06
14.8485,23.3333,3.88677e+06
14.8485,23.9394,3.86291e+06
14.8485,24.5455,3.83913e+06
14.8485,25.1515,3.81542e+06
14.8485,25.7576,3.79178e+06
14.8485,26.3636,3.76821e+06
14.8485,26.9697,3.74472e+06
14.8485,27.5758,3.7213e+06
14.8485,28.1818,3.69795e+06
14.8485,28.7879,3.67468e+06
14.8485,29.3939,3.65148e+06
14.8485,30,3.62836e+06
15.4545,-30,7.22786e+06
15.4545,-29.3939,7.19531e+06
15.4545,-28.7879,7.16284e+06
15.4545,-28.1818,7.13043e+06
15.4545,-27.5758,7.0981e+06
15.4545,-26.9697,7.06585e+06
15.4545,-26.3636,7.03366e+06
15.4545,-25.7576,7.00155e+06
15.4545,-25.1515,6.96952e+06
15.4545,-24.5455,6.93756e+06
15.4545,-23.9394,6.90567e+06
15.4545,-23.3333,6.87385e+06
15.4545,-22.7273,6.84211e+06
15.4545,-22.1212,6.81044e+06
15.4545,-21.5152,6.77884e+06
15.4545,-20.9091,6.74732e+06
15.4545,-20.303,6.71587e+06
15.4545,-19.697,6.6845e+06
15.4545,-19.0909,6.6532e+06
15.4545,-18.4848,6.62197e+06
15.4545,-17.8788,6.59082e+06
15.4545,-17.2727,6.55973e+06
15.4545,-16.6667,6.52873e+06
15.4545,-16.0606,6.49779e+06
15.4545,-15.4545,6.46693e+06
15.4545,-14.8485,6.43614e+06
15.4545,-14.2424,6.40543e+06
15.4545,-13.6364,6.37479e+06
15.4545,-13.0303,6.34422e+06
15.4545,-12.4242,6.31373e+06
15.4545,-11.8182,6.28331e+06
15.4545,-11.2121,6.25296e+06
15.4545,-10.6061,6.22269e+06
15.4545,-10,6.19249e+06
15.4545,-9.39394,6.16237e+06
15.4545,-8.78788,6.13231e+06
15.4545,-8.18182,6.10233e+06
15.4545,-7.57576,6.07243e+06
15.4545,-6.9697,6.0426e+06
15.4545,-6.36364,6.01284e+06
15.4545,-5.75758,5.98315e+06
15.4545,-5.15152,5.95354e+06
15.4545,-4.54545,5.924e+06
15.4545,-3.93939,5.89454e+06
15.4545,-3.33333,5.86515e+06
15.4545,-2.72727,5.83583e+06
15.4545,-2.12121,5.80658e+06
15.4545,-1.51515,5.77741e+06
15.4545,-0.909091,5.74831e+06
15.4545,-0.30303,5.71929e+06
15.4545,0.30303,5.69034e+06
15.4545,0.909091,5.66146e+06
15.4545,1.51515,5.63266e+06
15.4545,2.12121,5.60393e+06
15.4545,2.72727,5.57527e+06
15.4545,3.33333,5.54669e+06
15.4545,3.93939,5.51818e+06
15.4545,4.54545,5.48974e+06
15.4545,5.15152,5.46138e+06
15.4545,5.75758,5.43309e+06
15.4545,6.36364,5.40487e+06
15.4545,6.9697,5.37673e+06
15.4545,7.57576,5.34866e+06
15.4545,8.18182,5.32067e+06
15.4545,8.78788,5.29274e+06
15.4545,9.39394,5.26489e+06
15.4545,10,5.23712e+06
15.4545,10.6061,5.20942e+06
15.4545,11.2121,5.18179e+06
15.4545,11.8182,5.15423e+06
15.4545,12.4242,5.12675e+06
15.4545,13.0303,5.09935e+06
15.4545,13.6364,5.07201e+06
15.4545,14.2424,5.04475e+06
15.4545,14.8485,5.01756e+06
15.4545,15.4545,4.99045e+06
15.4545,16.0606,4.96341e+06
15.4545,16.6667,4.93644e+06
15.4545,17.2727,4.90955e+06
15.4545,17.8788,4.88273e+06
15.4545,18.4848,4.85598e+06
15.4545,19.0909,4.82931e+06
15.4545,19.697,4.80271e+06
15.4545,20.303,4.77618e+06
15.4545,20.9091,4.74973e+06
15.4545,21.5152,4.72335e+06
15.4545,22.1212,4.69704e+06
15.4545,22.7273,4.67081e+06
15.4545,23.3333,4.64465e+06
15.4545,23.9394,4.61856e+06
15.4545,24.5455,4.59255e+06
15.4545,25.1515,4.56661e+06
15.4545,25.7576,4.54075e+06
15.4545,26.3636,4.51496e+06
15.4545,26.9697,4.48924e+06
15.4545,27.5758,4.46359e+06
15.4545,28.1818,4.43802e+06
15.4545,28.7879,4.41252e+06
15.4545,29.3939,4.3871e+06
15.4545,30,4.36175e+06
16.0606,-30,8.29135e+06
16.0606,-29.3939,8.25648e+06
16.0606,-28.7879,8.22169e+06
16.0606,-28.1818,8.18697e+06
16.0606,-27.5758,8.15233e+06
16.0606,-26.9697,8.11776e+06
16.0606,-26.3636,8.08326e+06
16.0606,-25.7576,8.04883e+06
16.0606,-25.1515,8.01448e+06
16.0606,-24.5455,7.9802e+06
16.0606,-23.9394,7.946e+06
16.0606,-23.3333,7.91187e+06
16.0606,-22.7273,7.87781e+06
16.0606,-22.1212,7.84383e+06
16.0606,-21.5152,7.80992e+06
16.0606,-20.9091,7.77608e+06
16.0606,-20.303,7.74232e+06
16.0606,-19.697,7.70863e+06
16.0606,-19.0909,7.67501e+06
16.0606,-18.4848,7.64147e+06
16.0606,-17.8788,7.608e+06
16.0606,-17.2727,7.5746e+06
16.0606,-16.6667,7.54128e+06
16.0606,-16.0606,7.50803e+06
16.0606,-15.4545,7.47485e+06
16.0606,-14.8485,7.44175e+06
16.0606,-14.2424,7.40872e+06
16.0606,-13.6364,7.37577e+06
16.0606,-13.0303,7.34288e+06
16.0606,-12.4242,7.31008e+06
16.0606,-11.8182,7.27734e+06
16.0606,-11.2121,7.24468e+06
16.0606,-10.6061,7.21209e+06
16.0606,-10,7.17958e+06
16.0606,-9.39394,7.14713e+06
16.0606,-8.78788,7.11477e+06
16.0606,-8.18182,7.08247e+06
16.0606,-7.57576,7.05025e+06
16.0606,-6.9697,7.0181e+06
16.0606,-6.36364,6.98603e+06
16.0606,-5.75758,6.95403e+06
16.0606,-5.15152,6.9221e+06
16.0606,-4.54545,6.89025e+06
16.0606,-3.93939,6.85847e+06
16.0606,-3.33333,6.82676e+06
16.0606,-2.72727,6.79513e+06
16.0606,-2.12121,6.76357e+06
16.0606,-1.51515,6.73208e+06
16.0606,-0.909091,6.70067e+06
16.0606,-0.30303,6.66933e+06
16.0606,0.30303,6.63807e+06
16.0606,0.909091,6.60687e+06
16.0606,1.51515,6.57575e+06
16.0606,2.12121,6.54471e+06
16.0606,2.72727,6.51374e+06
16.0606,3.33333,6.48284e+06
16.0606,3.93939,6.45201e+06
16.0606,4.54545,6.42126e+06
16.0606,5.15152,6.39058e+06
16.0606,5.75758,6.35998e+06
16.0606,6.36364,6.32945e+06
16.0606,6.9697,6.29899e+06
16.0606,7.57576,6.26861e+06
16.0606,8.18182,6.23829e+06
16.0606,8.78788,6.20806e+06
16.0606,9.39394,6.17789e+06
16.0606,10,6.1478e+06
16.0606,10.6061,6.11779e+06
16.0606,11.2121,6.08784e+06
16.0606,11.8182,6.05797e+06
16.0606,12.4242,6.02818e+06
16.0606,13.0303,5.99845e+06
16.0606,13.6364,5.9688e+06
16.0606,14.2424,5.93923e+06
16.0606,14.8485,5.90972e+06
16.0606,15.4545,5.8803e+06
16.0606,16.0606,5.85094e+06
16.0606,16.6667,5.82166e+06
16.0606,17.2727,5.79245e+06
16.0606,17.8788,5.76331e+06
16.0606,18.4848,5.73425e+06
16.0606,19.0909,5.70526e+06
16.0606,19.697,5.67635e+06
16.0606,20.303,5.64751e+06
16.0606,20.9091,5.61874e+06
16.0606,21.5152,5.59004e+06
16.0606,22.1212,5.56142e+06
16.0606,22.7273,5.53287e+06
16.0606,23.3333,5.5044e+06
16.0606,23.9394,5.476e+06
16.0606,24.5455,5.44767e+06
16.0606,25.1515,5.41942e+06
16.0606,25.7576,5.39124e+06
16.0606,26.3636,5.36313e+06
16.0606,26.9697,5.3351e+06
16.0606,27.5758,5.30714e+06
16.0606,28.1818,5.27925e+06
16.0606,28.7879,5.25144e+06
16.0606,29.3939,5.2237e+06
16.0606,30,5.19603e+06
16.6667,-30,9.47296e+06
16.6667,-29.3939,9.43569e+06
16.6667,-28.7879,9.3985e+06
16.6667,-28.1818,9.36137e+06
16.6667,-27.5758,9.32432e+06
16.6667,-26.9697,9.28735e+06
16.6667,-26.3636,9.25045e+06
16.6667,-25.7576,9.21362e+06
16.6667,-25.1515,9.17686e+06
16.6667,-24.5455,9.14018e+06
16.6667,-23.9394,9.10357e+06
16.6667,-23.3333,9.06704e+06
16.6667,-22.7273,9.03057e+06
16.6667,-22.1212,8.99419e+06
16.6667,-21.5152,8.95787e+06
16.6667,-20.9091,8.92163e+06
16.6667,-20.303,8.88546e+06
16.6667,-19.697,8.84937e+06
16.6667,-19.0909,8.81335e+06
16.6667,-18.4848,8.7774e+06
16.6667,-17.8788,8.74153e+06
16.6667,-17.2727,8.70573e+06
16.6667,-16.6667,8.67e+06
16.6667,-16.0606,8.63435e+06
16.6667,-15.4545,8.59876e+06
16.6667,-14.8485,8.56326e+06
16.6667,-14.2424,8.52783e+06
16.6667,-13.6364,8.49247e+06
16.6667,-13.0303,8.45718e+06
16.6667,-12.4242,8.42197e+06
16.6667,-11.8182,8.38683e+06
16.6667,-11.2121,8.35176e+06
16.6667,-10.6061,8.31677e+06
16.6667,-10,8.28185e+06
16.6667,-9.39394,8.247e+06
16.6667,-8.78788,8.21223e+06
16.6667,-8.18182,8.17753e+06
16.6667,-7.57576,8.14291e+06
16.6667,-6.9697,8.10836e+06
16.6667,-6.36364,8.07388e+06
16.6667,-5.75758,8.03948e+06
16.6667,-5.15152,8.00514e+06
16.6667,-4.54545,7.97089e+06
16.6667,-3.93939,7.9367e+06
16.6667,-3.33333,7.90259e+06
16.6667,-2.72727,7.86855e+06
16.6667,-2.12121,7.83459e+06
16.6667,-1.51515,7.8007e+06
16.6667,-0.909091,7.76688e+06
16.6667,-0.30303,7.73314e+06
16.6667,0.30303,7.69947e+06
16.6667,0.909091,7.66587e+06
16.6667,1.51515,7.63235e+06
16.6667,2.12121,7.5989e+06
16.6667,2.72727,7.56552e+06
16.6667,3.33333,7.53222e+06
16.6667,3.93939,7.49899e+06
16.6667,4.54545,7.46584e+06
16.6667,5.15152,7.43275e+06
16.6667,5.75758,7.39974e+06
16.6667,6.36364,7.36681e+06
16.6667,6.9697,7.33395e+06
16.6667,7.57576,7.30116e+06
16.6667,8.18182,7.26844e+06
16.6667,8.78788,7.2358e+06
16.6667,9.39394,7.20323e+06
16.6667,10,7.17074e+06
16.6667,10.6061,7.13832e+06
16.6667,11.2121,7.10597e+06
16.6667,11.8182,7.0737e+06
16.6667,12.4242,7.0415e+06
16.6667,13.0303,7.00937e+06
16.6667,13.6364,6.97731e+06
16.6667,14.2424,6.94533e+06
16.6667,14.8485,6.91343e+06
16.6667,15.4545,6.88159e+06
16.6667,16.0606,6.84983e+06
16.6667,16.6667,6.81815e+06
16.6667,17.2727,6.78653e+06
16.6667,17.8788,6.75499e+06
16.6667,18.4848,6.72353e+06
16.6667,19.0909,6.69214e+06
16.6667,19.697,6.66082e+06
16.6667,20.303,6.62957e+06
16.6667,20.9091,6.5984e+06
16.6667,21.5152,6.5673e+06
16.6667,22.1212,6.53627e+06
16.6667,22.7273,6.50532e+06
16.6667,23.3333,6.47444e+06
16.6667,23.9394,6.44364e+06
16.6667,24.5455,6.41291e+06
16.6667,25.1515,6.38225e+06
16.6667,25.7576,6.35166e+06
16.6667,26.3636,6.32115e+06
16.6667,26.9697,6.29071e+06
16.6667,27.5758,6.26035e+06
16.6667,28.1818,6.23006e+06
16.6667,28.7879,6.19984e+06
16.6667,29.3939,6.1697e+06
16.6667,30,6.13963e+06
17.2727,-30,1.07814e+07
17.2727,-29.3939,1.07417e+07
17.2727,-28.7879,1.0702e+07
17.2727,-28.1818,1.06624e+07
17.2727,-27.5758,1.06228e+07
17.2727,-26.9697,1.05834e+07
17.2727,-26.3636,1.0544e+07
17.2727,-25.7576,1.05046e+07
17.2727,-25.1515,1.04654e+07
17.2727,-24.5455,1.04262e+07
17.2727,-23.9394,1.03871e+07
17.2727,-23.3333,1.03481e+07
17.2727,-22.7273,1.03091e+07
17.2727,-22.1212,1.02703e+07
17.2727,-21.5152,1.02315e+07
17.2727,-20.9091,1.01927e+07
17.2727,-20.303,1.01541e+07
17.2727,-19.697,1.01155e+07
17.2727,-19.0909,1.0077e+07
17.2727,-18.4848,1.00385e+07
17.2727,-17.8788,1.00001e+07
17.2727,-17.2727,9.96185e+06
17.2727,-16.6667,9.92363e+06
17.2727,-16.0606,9.88549e+06
17.2727,-15.4545,9.84741e+06
17.2727,-14.8485,9.80941e+06
17.2727,-14.2424,9.77149e+06
17.2727,-13.6364,9.73363e+06
17.2727,-13.0303,9.69585e+06
17.2727,-12.4242,9.65815e+06
17.2727,-11.8182,9.62052e+06
17.2727,-11.2121,9.58296e+06
17.2727,-10.6061,9.54547e+06
17.2727,-10,9.50806e+06
17.2727,-9.39394,9.47072e+06
17.2727,-8.78788,9.43345e+06
17.2727,-8.18182,9.39626e+06
17.2727,-7.57576,9.35914e+06
17.2727,-6.9697,9.3221e+06
17.2727,-6.36364,9.28513e+06
17.2727,-5.75758,9.24823e+06
17.2727,-5.15152,9.21141e+06
17.2727,-4.54545,9.17466e+06
17.2727,-3.93939,9.13798e+06
17.2727,-3.33333,9.10137e+06
17.2727,-2.72727,9.06484e+06
17.2727,-2.12121,9.02839e+06
17.2727,-1.51515,8.992e+06
17.2727,-0.909091,8.95569e+06
17.2727,-0.30303,8.91946e+06
17.2727,0.30303,8.88329e+06
17.2727,0.909091,8.8472e+06
17.2727,1.51515,8.81119e+06
17.2727,2.12121,8.77524e+06
17.2727,2.72727,8.73937e+06
17.2727,3.33333,8.70358e+06
17.2727,3.93939,8.66785e+06
17.2727,4.54545,8.63221e+06
17.2727,5.15152,8.59663e+06
17.2727,5.75758,8.56113e+06
17.2727,6.36364,8.5257e+06
17.2727,6.9697,8.49034e+06
17.2727,7.57576,8.45506e+06
17.2727,8.18182,8.41985e+06
17.2727,8.78788,8.38472e+06
17.2727,9.39394,8.34966e+06
17.2727,10,8.31467e+06
17.2727,10.6061,8.27976e+06
17.2727,11.2121,8.24491e+06
17.2727,11.8182,8.21015e+06
17.2727,12.4242,8.17545e+06
17.2727,13.0303,8.14083e+06
17.2727,13.6364,8.10629e+06
17.2727,14.2424,8.07181e+06
17.2727,14.8485,8.03741e+06
17.2727,15.4545,8.00308e+06
17.2727,16.0606,7.96883e+06
17.2727,16.6667,7.93465e+06
17.2727,17.2727,7.90055e+06
17.2727,17.8788,7.86651e+06
17.2727,18.4848,7.83255e+06
17.2727,19.0909,7.79867e+06
17.2727,19.697,7.76485e+06
17.2727,20.303,7.73112e+06
17.2727,20.9091,7.69745e+06
17.2727,21.5152,7.66386e+06
17.2727,22.1212,7.63034e+06
17.2727,22.7273,7.59689e+06
17.2727,23.3333,7.56352e+06
17.2727,23.9394,7.53022e+06
17.2727,24.5455,7.497e+06
17.2727,25.1515,7.46385e+06
17.2727,25.7576,7.43077e+06
17.2727,26.3636,7.39777e+06
17.2727,26.9697,7.36483e+06
17.2727,27.5758,7.33198e+06
17.2727,28.1818,7.29919e+06
17.2727,28.7879,7.26648e+06
17.2727,29.3939,7.23385e+06
17.2727,30,7.20128e+06
17.8788,-30,1.22259e+07
17.8788,-29.3939,1.21835e+07
17.8788,-28.7879,1.21413e+07
17.8788,-28.1818,1.20991e+07
17.8788,-27.5758,1.20569e+07
17.8788,-26.9697,1.20149e+07
17.8788,-26.3636,1.19729e+07
17.8788,-25.7576,1.1931e+07
17.8788,-25.1515,1.18892e+07
17.8788,-24.5455,1.18474e+07
17.8788,-23.9394,1.18057e+07
17.8788,-23.3333,1.17641e+07
17.8788,-22.7273,1.17226e+07
17.8788,-22.1212,1.16811e+07
17.8788,-21.5152,1.16397e+07
17.8788,-20.9091,1.15984e+07
17.8788,-20.303,1.15572e+07
17.8788,-19.697,1.1516e+07
17.8788,-19.0909,1.14749e+07
17.8788,-18.4848,1.14339e+07
17.8788,-17.8788,1.13929e+07
17.8788,-17.2727,1.1352e+07
17.8788,-16.6667,1.13112e+07
17.8788,-16.0606,1.12705e+07
17.8788,-15.4545,1.12299e+07
17.8788,-14.8485,1.11893e+07
17.8788,-14.2424,1.11488e+07
17.8788,-13.6364,1.11083e+07
17.8788,-13.0303,1.1068e+07
17.8788,-12.4242,1.10277e+07
17.8788,-11.8182,1.09875e+07
17.8788,-11.2121,1.09473e+07
17.8788,-10.6061,1.09073e+07
17.8788,-10,1.08673e+07
17.8788,-9.39394,1.08273e+07
17.8788,-8.78788,1.07875e+07
17.8788,-8.18182,1.07477e+07
17.8788,-7.57576,1.0708e+07
17.8788,-6.9697,1.06684e+07
17.8788,-6.36364,1.06288e+07
17.8788,-5.75758,1.05894e+07
17.8788,-5.15152,1.055e+07
17.8788,-4.54545,1.05106e+07
17.8788,-3.93939,1.04714e+07
17.8788,-3.33333,1.04322e+07
17.8788,-2.72727,1.03931e+07
17.8788,-2.12121,1.0354e+07
17.8788,-1.51515,1.03151e+07
17.8788,-0.909091,1.02762e+07
17.8788,-0.30303,1.02373e+07
17.8788,0.30303,1.01986e+07
17.8788,0.909091,1.01599e+07
17.8788,1.51515,1.01213e+07
17.8788,2.12121,1.00828e+07
17.8788,2.72727,1.00444e+07
17.8788,3.33333,1.0006e+07
17.8788,3.93939,9.96767e+06
17.8788,4.54545,9.92944e+06
17.8788,5.15152,9.89128e+06
17.8788,5.75758,9.8532e+06
17.8788,6.36364,9.81519e+06
17.8788,6.9697,9.77725e+06
17.8788,7.57576,9.73938e+06
17.8788,8.18182,9.70159e+06
17.8788,8.78788,9.66388e+06
17.8788,9.39394,9.62623e+06
17.8788,10,9.58866e+06
17.8788,10.6061,9.55117e+06
17.8788,11.2121,9.51374e+06
17.8788,11.8182,9.47639e+06
17.8788,12.4242,9.43912e+06
17.8788,13.0303,9.40191e+06
17.8788,13.6364,9.36478e+06
17.8788,14.2424,9.32773e+06
17.8788,14.8485,9.29075e+06
17.8788,15.4545,9.25384e+06
17.8788,16.0606,9.217e+06
17.8788,16.6667,9.18024e+06
17.8788,17.2727,9.14355e+06
17.8788,17.8788,9.10694e+06
17.8788,18.4848,9.07039e+06
17.8788,19.0909,9.03393e+06
17.8788,19.697,8.99753e+06
17.8788,20.303,8.96121e+06
17.8788,20.9091,8.92496e+06
17.8788,21.5152,8.88879e+06
17.8788,22.1212,8.85269e+06
17.8788,22.7273,8.81666e+06
17.8788,23.3333,8.7807e+06
17.8788,23.9394,8.74482e+06
17.8788,24.5455,8.70902e+06
17.8788,25.1515,8.67328e+06
17.8788,25.7576,8.63762e+06
17.8788,26.3636,8.60204e+06
17.8788,26.9697,8.56652e+06
17.8788,27.5758,8.53108e+06
17.8788,28.1818,8.49572e+06
17.8788,28.7879,8.46042e+06
17.8788,29.3939,8.4252e+06
17.8788,30,8.39006e+06
18.4848,-30,1.38156e+07
18.4848,-29.3939,1.37706e+07
18.4848,-28.7879,1.37257e+07
18.4848,-28.1818,1.36808e+07
18.4848,-27.5758,1.3636e+07
18.4848,-26.9697,1.35913e+07
18.4848,-26.3636,1.35466e+07
18.4848,-25.7576,1.35021e+07
18.4848,-25.1515,1.34575e+07
18.4848,-24.5455,1.34131e+07
18.4848,-23.9394,1.33688e+07
18.4848,-23.3333,1.33245e+07
18.4848,-22.7273,1.32803e+07
18.4848,-22.1212,1.32361e+07
18.4848,-21.5152,1.31921e+07
18.4848,-20.9091,1.31481e+07
18.4848,-20.303,1.31042e+07
18.4848,-19.697,1.30603e+07
18.4848,-19.0909,1.30166e+07
18.4848,-18.4848,1.29729e+07
18.4848,-17.8788,1.29292e+07
18.4848,-17.2727,1.28857e+07
18.4848,-16.6667,1.28422e+07
18.4848,-16.0606,1.27988e+07
18.4848,-15.4545,1.27555e+07
18.4848,-14.8485,1.27122e+07
18.4848,-14.2424,1.26691e+07
18.4848,-13.6364,1.2626e+07
18.4848,-13.0303,1.25829e+07
18.4848,-12.4242,1.254e+07
18.4848,-11.8182,1.24971e+07
18.4848,-11.2121,1.24543e+07
18.4848,-10.6061,1.24115e+07
18.4848,-10,1.23689e+07
18.4848,-9.39394,1.23263e+07
18.4848,-8.78788,1.22838e+07
18.4848,-8.18182,1.22413e+07
18.4848,-7.57576,1.21989e+07
18.4848,-6.9697,1.21566e+07
18.4848,-6.36364,1.21144e+07
18.4848,-5.75758,1.20723e+07
18.4848,-5.15152,1.20302e+07
18.4848,-4.54545,1.19882e+07
18.4848,-3.93939,1.19462e+07
18.4848,-3.33333,1.19044e+07
18.4848,-2.72727,1.18626e+07
18.4848,-2.12121,1.18209e+07
18.4848,-1.51515,1.17793e+07
18.4848,-0.909091,1.17377e+07
18.4848,-0.30303,1.16962e+07
18.4848,0.30303,1.16548e+07
18.4848,0.909091,1.16134e+07
18.4848,1.51515,1.15722e+07
18.4848,2.12121,1.1531e+07
18.4848,2.72727,1.14899e+07
18.4848,3.33333,1.14488e+07
18.4848,3.93939,1.14078e+07
18.4848,4.54545,1.13669e+07
18.4848,5.15152,1.13261e+07
18.4848,5.75758,1.12853e+07
18.4848,6.36364,1.12447e+07
18.4848,6.9697,1.1204e+07
18.4848,7.57576,1.11635e+07
18.4848,8.18182,1.11231e+07
18.4848,8.78788,1.10827e+07
18.4848,9.39394,1.10423e+07
18.4848,10,1.10021e+07
18.4848,10.6061,1.09619e+07
18.4848,11.2121,1.09218e+07
18.4848,11.8182,1.08818e+07
18.4848,12.4242,1.08419e+07
18.4848,13.0303,1.0802e+07
18.4848,13.6364,1.07622e+07
18.4848,14.2424,1.07225e+07
18.4848,14.8485,1.06828e+07
18.4848,15.4545,1.06432e+07
18.4848,16.0606,1.06037e+07
18.4848,16.6667,1.05643e+07
18.4848,17.2727,1.05249e+07
18.4848,17.8788,1.04857e+07
18.4848,18.4848,1.04464e+07
18.4848,19.0909,1.04073e+07
18.4848,19.697,1.03682e+07
18.4848,20.303,1.03292e+07
18.4848,20.9091,1.02903e+07
18.4848,21.5152,1.02515e+07
18.4848,22.1212,1.02127e+07
18.4848,22.7273,1.0174e+07
18.4848,23.3333,1.01354e+07
18.4848,23.9394,1.00968e+07
18.4848,24.5455,1.00583e+07
18.4848,25.1515,1.00199e+07
18.4848,25.7576,9.98161e+06
18.4848,26.3636,9.94335e+06
18.4848,26.9697,9.90517e+06
18.4848,27.5758,9.86706e+06
18.4848,28.1818,9.82902e+06
18.4848,28.7879,9.79106e+06
18.4848,29.3939,9.75317e+06
18.4848,30,9.71535e+06
19.0909,-30,1.55604e+07
19.0909,-29.3939,1.55126e+07
19.0909,-28.7879,1.54649e+07
19.0909,-28.1818,1.54173e+07
19.0909,-27.5758,1.53698e+07
19.0909,-26.9697,1.53223e+07
19.0909,-26.3636,1.52749e+07
19.0909,-25.7576,1.52275e+07
19.0909,-25.1515,1.51803e+07
19.0909,-24.5455,1.51331e+07
19.0909,-23.9394,1.5086e+07
19.0909,-23.3333,1.50389e+07
19.0909,-22.7273,1.49919e+07
19.0909,-22.1212,1.4945e+07
19.0909,-21.5152,1.48982e+07
19.0909,-20.9091,1.48515e+07
19.0909,-20.303,1.48048e+07
19.0909,-19.697,1.47582e+07
19.0909,-19.0909,1.47117e+07
19.0909,-18.4848,1.46652e+07
19.0909,-17.8788,1.46188e+07
19.0909,-17.2727,1.45725e+07
19.0909,-16.6667,1.45263e+07
19.0909,-16.0606,1.44801e+07
19.0909,-15.4545,1.4434e+07
19.0909,-14.8485,1.4388e+07
19.0909,-14.2424,1.43421e+07
19.0909,-13.6364,1.42962e+07
19.0909,-13.0303,1.42504e+07
19.0909,-12.4242,1.42047e+07
19.0909,-11.8182,1.41591e+07
19.0909,-11.2121,1.41135e+07
19.0909,-10.6061,1.4068e+07
19.0909,-10,1.40226e+07
19.0909,-9.39394,1.39772e+07
19.0909,-8.78788,1.39319e+07
19.0909,-8.18182,1.38867e+07
19.0909,-7.57576,1.38416e+07
19.0909,-6.9697,1.37965e+07
19.0909,-6.36364,1.37516e+07
19.0909,-5.75758,1.37066e+07
19.0909,-5.15152,1.36618e+07
19.0909,-4.54545,1.3617e+07
19.0909,-3.93939,1.35723e+07
19.0909,-3.33333,1.35277e+07
19.0909,-2.72727,1.34832e+07
19.0909,-2.12121,1.34387e+07
19.0909,-1.51515,1.33943e+07
19.0909,-0.909091,1.335e+07
19.0909,-0.30303,1.33057e+07
19.0909,0.30303,1.32616e+07
19.0909,0.909091,1.32175e+07
19.0909,1.51515,1.31734e+07
19.0909,2.12121,1.31295e+07
19.0909,2.72727,1.30856e+07
19.0909,3.33333,1.30418e+07
19.0909,3.93939,1.2998e+07
19.0909,4.54545,1.29544e+07
19.0909,5.15152,1.29108e+07
19.0909,5.75758,1.28673e+07
19.0909,6.36364,1.28238e+07
19.0909,6.9697,1.27805e+07
19.0909,7.57576,1.27372e+07
19.0909,8.18182,1.26939e+07
19.0909,8.78788,1.26508e+07
19.0909,9.39394,1.26077e+07
19.0909,10,1.25647e+07
19.0909,10.6061,1.25218e+07
19.0909,11.2121,1.24789e+07
19.0909,11.8182,1.24362e+07
19.0909,12.4242,1.23934e+07
19.0909,13.0303,1.23508e+07
19.0909,13.6364,1.23082e+07
19.0909,14.2424,1.22658e+07
19.0909,14.8485,1.22233e+07
19.0909,15.4545,1.2181e+07
19.0909,16.0606,1.21387e+07
19.0909,16.6667,1.20965e+07
19.0909,17.2727,1.20544e+07
19.0909,17.8788,1.20124e+07
19.0909,18.4848,1.19704e+07
19.0909,19.0909,1.19285e+07
19.0909,19.697,1.18867e+07
19.0909,20.303,1.18449e+07
19.0909,20.9091,1.18032e+07
19.0909,21.5152,1.17616e+07
19.0909,22.1212,1.17201e+07
19.0909,22.7273,1.16786e+07
19.0909,23.3333,1.16373e+07
19.0909,23.9394,1.15959e+07
19.0909,24.5455,1.15547e+07
19.0909,25.1515,1.15135e+07
19.0909,25.7576,1.14725e+07
19.0909,26.3636,1.14314e+07
19.0909,26.9697,1.13905e+07
19.0909,27.5758,1.13496e+07
19.0909,28.1818,1.13088e+07
19.0909,28.7879,1.12681e+07
19.0909,29.3939,1.12274e+07
19.0909,30,1.11869e+07
19.697,-30,1.74703e+07
19.697,-29.3939,1.74197e+07
19.697,-28.7879,1.73691e+07
19.697,-28.1818,1.73186e+07
19.697,-27.5758,1.72682e+07
19.697,-26.9697,1.72179e+07
19.697,-26.3636,1.71676e+07
19.697,-25.7576,1.71175e+07
19.697,-25.1515,1.70673e+07
19.697,-24.5455,1.70173e+07
19.697,-23.9394,1.69673e+07
19.697,-23.3333,1.69174e+07
19.697,-22.7273,1.68676e+07
19.697,-22.1212,1.68179e+07
19.697,-21.5152,1.67682e+07
19.697,-20.9091,1.67186e+07
19.697,-20.303,1.66691e+07
19.697,-19.697,1.66196e+07
19.697,-19.0909,1.65703e+07
19.697,-18.4848,1.6521e+07
19.697,-17.8788,1.64717e+07
19.697,-17.2727,1.64226e+07
19.697,-16.6667,1.63735e+07
19.697,-16.0606,1.63245e+07
19.697,-15.4545,1.62755e+07
19.697,-14.8485,1.62267e+07
19.697,-14.2424,1.61779e+07
19.697,-13.6364,1.61292e+07
19.697,-13.0303,1.60805e+07
19.697,-12.4242,1.6032e+07
19.697,-11.8182,1.59835e+07
19.697,-11.2121,1.5935e+07
19.697,-10.6061,1.58867e+07
19.697,-10,1.58384e+07
19.697,-9.39394,1.57902e+07
19.697,-8.78788,1.57421e+07
19.697,-8.18182,1.5694e+07
19.697,-7.57576,1.5646e+07
19.697,-6.9697,1.55981e+07
19.697,-6.36364,1.55503e+07
19.697,-5.75758,1.55025e+07
19.697,-5.15152,1.54549e+07
19.697,-4.54545,1.54072e+07
19.697,-3.93939,1.53597e+07
19.697,-3.33333,1.53122e+07
19.697,-2.72727,1.52648e+07
19.697,-2.12121,1.52175e+07
19.697,-1.51515,1.51703e+07
19.697,-0.909091,1.51231e+07
19.697,-0.30303,1.5076e+07
19.697,0.30303,1.5029e+07
19.697,0.909091,1.4982e+07
19.697,1.51515,1.49351e+07
19.697,2.12121,1.48883e+07
19.697,2.72727,1.48416e+07
19.697,3.33333,1.47949e+07
19.697,3.93939,1.47483e+07
19.697,4.54545,1.47018e+07
19.697,5.15152,1.46554e+07
19.697,5.75758,1.4609e+07
19.697,6.36364,1.45627e+07
19.697,6.9697,1.45165e+07
19.697,7.57576,1.44704e+07
19.697,8.18182,1.44243e+07
19.697,8.78788,1.43783e+07
19.697,9.39394,1.43324e+07
19.697,10,1.42865e+07
19.697,10.6061,1.42408e+07
19.697,11.2121,1.4195e+07
19.697,11.8182,1.41494e+07
19.697,12.4242,1.41039e+07
19.697,13.0303,1.40584e+07
19.697,13.6364,1.4013e+07
19.697,14.2424,1.39676e+07
19.697,14.8485,1.39224e+07
19.697,15.4545,1.38772e+07
19.697,16.0606,1.38321e+07
19.697,16.6667,1.3787e+07
19.697,17.2727,1.3742e+07
19.697,17.8788,1.36971e+07
19.697,18.4848,1.36523e+07
19.697,19.0909,1.36076e+07
19.697,19.697,1.35629e+07
19.697,20.303,1.35183e+07
19.697,20.9091,1.34738e+07
19.697,21.5152,1.34293e+07
19.697,22.1212,1.33849e+07
19.697,22.7273,1.33406e+07
19.697,23.3333,1.32964e+07
19.697,23.9394,1.32522e+07
19.697,24.5455,1.32081e+07
19.697,25.1515,1.31641e+07
19.697,25.7576,1.31202e+07
19.697,26.3636,1.30763e+07
19.697,26.9697,1.30325e+07
19.697,27.5758,1.29888e+07
19.697,28.1818,1.29451e+07
19.697,28.7879,1.29016e+07
19.697,29.3939,1.28581e+07
19.697,30,1.28146e+07
20.303,-30,1.95556e+07
20.303,-29.3939,1.9502e+07
20.303,-28.7879,1.94486e+07
20.303,-28.1818,1.93951e+07
20.303,-27.5758,1.93418e+07
20.303,-26.9697,1.92885e+07
20.303,-26.3636,1.92353e+07
20.303,-25.7576,1.91822e+07
20.303,-25.1515,1.91291e+07
20.303,-24.5455,1.90762e+07
20.303,-23.9394,1.90233e+07
20.303,-23.3333,1.89704e+07
20.303,-22.7273,1.89177e+07
20.303,-22.1212,1.8865e+07
20.303,-21.5152,1.88124e+07
20.303,-20.9091,1.87599e+07
20.303,-20.303,1.87074e+07
20.303,-19.697,1.8655e+07
20.303,-19.0909,1.86027e+07
20.303,-18.4848,1.85504e+07
20.303,-17.8788,1.84983e+07
20.303,-17.2727,1.84462e+07
20.303,-16.6667,1.83942e+07
20.303,-16.0606,1.83422e+07
20.303,-15.4545,1.82903e+07
20.303,-14.8485,1.82385e+07
20.303,-14.2424,1.81868e+07
20.303,-13.6364,1.81351e+07
20.303,-13.0303,1.80836e+07
20.303,-12.4242,1.80321e+07
20.303,-11.8182,1.79806e+07
20.303,-11.2121,1.79293e+07
20.303,-10.6061,1.7878e+07
20.303,-10,1.78268e+07
20.303,-9.39394,1.77756e+07
20.303,-8.78788,1.77245e+07
20.303,-8.18182,1.76736e+07
20.303,-7.57576,1.76226e+07
20.303,-6.9697,1.75718e+07
20.303,-6.36364,1.7521e+07
20.303,-5.75758,1.74703e+07
20.303,-5.15152,1.74197e+07
20.303,-4.54545,1.73691e+07
20.303,-3.93939,1.73187e+07
20.303,-3.33333,1.72683e+07
20.303,-2.72727,1.72179e+07
20.303,-2.12121,1.71677e+07
20.303,-1.51515,1.71175e+07
20.303,-0.909091,1.70674e+07
20.303,-0.30303,1.70173e+07
20.303,0.30303,1.69674e+07
20.303,0.909091,1.69175e+07
20.303,1.51515,1.68676e+07
20.303,2.12121,1.68179e+07
20.303,2.72727,1.67682e+07
20.303,3.33333,1.67186e+07
20.303,3.93939,1.66691e+07
20.303,4.54545,1.66197e+07
20.303,5.15152,1.65703e+07
20.303,5.75758,1.6521e+07
20.303,6.36364,1.64717e+07
20.303,6.9697,1.64226e+07
20.303,7.57576,1.63735e+07
20.303,8.18182,1.63245e+07
20.303,8.78788,1.62756e+07
20.303,9.39394,1.62267e+07
20.303,10,1.61779e+07
20.303,10.6061,1.61292e+07
20.303,11.2121,1.60805e+07
20.303,11.8182,1.6032e+07
20.303,12.4242,1.59835e+07
20.303,13.0303,1.59351e+07
20.303,13.6364,1.58867e+07
20.303,14.2424,1.58384e+07
20.303,14.8485,1.57902e+07
20.303,15.4545,1.57421e+07
20.303,16.0606,1.5694e+07
20.303,16.6667,1.56461e+07
20.303,17.2727,1.55982e+07
20.303,17.8788,1.55503e+07
20.303,18.4848,1.55026e+07
20.303,19.0909,1.54549e+07
20.303,19.697,1.54073e+07
20.303,20.303,1.53597e+07
20.303,20.9091,1.53123e+07
20.303,21.5152,1.52649e+07
20.303,22.1212,1.52175e+07
20.303,22.7273,1.51703e+07
20.303,23.3333,1.51231e+07
20.303,23.9394,1.5076e+07
20.303,24.5455,1.5029e+07
20.303,25.1515,1.4982e+07
20.303,25.7576,1.49352e+07
20.303,26.3636,1.48883e+07
20.303,26.9697,1.48416e+07
20.303,27.5758,1.4795e+07
20.303,28.1818,1.47484e+07
20.303,28.7879,1.47019e+07
20.303,29.3939,1.46554e+07
20.303,30,1.46091e+07
20.9091,-30,2.18271e+07
20.9091,-29.3939,2.17705e+07
20.9091,-28.7879,2.17139e+07
20.9091,-28.1818,2.16575e+07
20.9091,-27.5758,2.16011e+07
20.9091,-26.9697,2.15448e+07
20.9091,-26.3636,2.14886e+07
20.9091,-25.7576,2.14324e+07
20.9091,-25.1515,2.13764e+07
20.9091,-24.5455,2.13204e+07
20.9091,-23.9394,2.12644e+07
20.9091,-23.3333,2.12086e+07
20.9091,-22.7273,2.11528e+07
20.9091,-22.1212,2.10971e+07
20.9091,-21.5152,2.10414e+07
20.9091,-20.9091,2.09859e+07
20.9091,-20.303,2.09304e+07
20.9091,-19.697,2.0875e+07
20.9091,-19.0909,2.08196e+07
20.9091,-18.4848,2.07644e+07
20.9091,-17.8788,2.07092e+07
20.9091,-17.2727,2.0654e+07
20.9091,-16.6667,2.0599e+07
20.9091,-16.0606,2.0544e+07
20.9091,-15.4545,2.04891e+07
20.9091,-14.8485,2.04343e+07
20.9091,-14.2424,2.03795e+07
20.9091,-13.6364,2.03248e+07
20.9091,-13.0303,2.02702e+07
20.9091,-12.4242,2.02157e+07
20.9091,-11.8182,2.01612e+07
20.9091,-11.2121,2.01069e+07
20.9091,-10.6061,2.00525e+07
20.9091,-10,1.99983e+07
20.9091,-9.39394,1.99441e+07
20.9091,-8.78788,1.989e+07
20.9091,-8.18182,1.9836e+07
20.9091,-7.57576,1.97821e+07
20.9091,-6.9697,1.97282e+07
20.9091,-6.36364,1.96744e+07
20.9091,-5.75758,1.96207e+07
20.9091,-5.15152,1.9567e+07
20.9091,-4.54545,1.95134e+07
20.9091,-3.93939,1.94599e+07
20.9091,-3.33333,1.94065e+07
20.9091,-2.72727,1.93531e+07
20.9091,-2.12121,1.92998e+07
20.9091,-1.51515,1.92466e+07
20.9091,-0.909091,1.91935e+07
20.9091,-0.30303,1.91404e+07
20.9091,0.30303,1.90874e+07
20.9091,0.909091,1.90345e+07
20.9091,1.51515,1.89817e+07
20.9091,2.12121,1.89289e+07
20.9091,2.72727,1.88762e+07
20.9091,3.33333,1.88236e+07
20.9091,3.93939,1.8771e+07
20.9091,4.54545,1.87185e+07
20.9091,5.15152,1.86661e+07
20.9091,5.75758,1.86138e+07
20.9091,6.36364,1.85615e+07
20.9091,6.9697,1.85094e+07
20.9091,7.57576,1.84572e+07
20.9091,8.18182,1.84052e+07
20.9091,8.78788,1.83532e+07
20.9091,9.39394,1.83014e+07
20.9091,10,1.82495e+07
20.9091,10.6061,1.81978e+07
20.9091,11.2121,1.81461e+07
20.9091,11.8182,1.80945e+07
20.9091,12.4242,1.8043e+07
20.9091,13.0303,1.79915e+07
20.9091,13.6364,1.79402e+07
20.9091,14.2424,1.78889e+07
20.9091,14.8485,1.78376e+07
20.9091,15.4545,1.77865e+07
20.9091,16.0606,1.77354e+07
20.9091,16.6667,1.76844e+07
20.9091,17.2727,1.76335e+07
20.9091,17.8788,1.75826e+07
20.9091,18.4848,1.75318e+07
20.9091,19.0909,1.74811e+07
20.9091,19.697,1.74304e+07
20.9091,20.303,1.73799e+07
20.9091,20.9091,1.73294e+07
20.9091,21.5152,1.7279e+07
20.9091,22.1212,1.72286e+07
20.9091,22.7273,1.71783e+07
20.9091,23.3333,1.71281e+07
20.9091,23.9394,1.7078e+07
20.9091,24.5455,1.7028e+07
20.9091,25.1515,1.6978e+07
20.9091,25.7576,1.69281e+07
20.9091,26.3636,1.68782e+07
20.9091,26.9697,1.68285e+07
20.9091,27.5758,1.67788e+07
20.9091,28.1818,1.67292e+07
20.9091,28.7879,1.66796e+07
20.9091,29.3939,1.66302e+07
20.9091,30,1.65808e+07
21.5152,-30,2.42956e+07
21.5152,-29.3939,2.42359e+07
21.5152,-28.7879,2.41763e+07
21.5152,-28.1818,2.41167e+07
21.5152,-27.5758,2.40572e+07
21.5152,-26.9697,2.39978e+07
21.5152,-26.3636,2.39385e+07
21.5152,-25.7576,2.38792e+07
21.5152,-25.1515,2.382e+07
21.5152,-24.5455,2.37609e+07
21.5152,-23.9394,2.37019e+07
21.5152,-23.3333,2.36429e+07
21.5152,-22.7273,2.3584e+07
21.5152,-22.1212,2.35251e+07
21.5152,-21.5152,2.34664e+07
21.5152,-20.9091,2.34077e+07
21.5152,-20.303,2.33491e+07
21.5152,-19.697,2.32906e+07
21.5152,-19.0909,2.32321e+07
21.5152,-18.4848,2.31737e+07
21.5152,-17.8788,2.31154e+07
21.5152,-17.2727,2.30572e+07
21.5152,-16.6667,2.2999e+07
21.5152,-16.0606,2.29409e+07
21.5152,-15.4545,2.28829e+07
21.5152,-14.8485,2.28249e+07
21.5152,-14.2424,2.27671e+07
21.5152,-13.6364,2.27093e+07
21.5152,-13.0303,2.26516e+07
21.5152,-12.4242,2.25939e+07
21.5152,-11.8182,2.25363e+07
21.5152,-11.2121,2.24788e+07
21.5152,-10.6061,2.24214e+07
21.5152,-10,2.2364e+07
21.5152,-9.39394,2.23067e+07
21.5152,-8.78788,2.22495e+07
21.5152,-8.18182,2.21924e+07
21.5152,-7.57576,2.21353e+07
21.5152,-6.9697,2.20783e+07
21.5152,-6.36364,2.20214e+07
21.5152,-5.75758,2.19646e+07
21.5152,-5.15152,2.19078e+07
21.5152,-4.54545,2.18511e+07
21.5152,-3.93939,2.17945e+07
21.5152,-3.33333,2.17379e+07
21.5152,-2.72727,2.16815e+07
21.5152,-2.12121,2.16251e+07
21.5152,-1.51515,2.15687e+07
21.5152,-0.909091,2.15125e+07
21.5152,-0.30303,2.14563e+07
21.5152,0.30303,2.14002e+07
21.5152,0.909091,2.13441e+07
21.5152,1.51515,2.12882e+07
21.5152,2.12121,2.12323e+07
21.5152,2.72727,2.11765e+07
21.5152,3.33333,2.11207e+07
21.5152,3.93939,2.10651e+07
21.5152,4.54545,2.10095e+07
21.5152,5.15152,2.09539e+07
21.5152,5.75758,2.08985e+07
21.5152,6.36364,2.08431e+07
21.5152,6.9697,2.07878e+07
21.5152,7.57576,2.07326e+07
21.5152,8.18182,2.06774e+07
21.5152,8.78788,2.06224e+07
21.5152,9.39394,2.05674e+07
21.5152,10,2.05124e+07
21.5152,10.6061,2.04576e+07
21.5152,11.2121,2.04028e+07
21.5152,11.8182,2.03481e+07
21.5152,12.4242,2.02934e+07
21.5152,13.0303,2.02389e+07
21.5152,13.6364,2.01844e+07
21.5152,14.2424,2.01299e+07
21.5152,14.8485,2.00756e+07
21.5152,15.4545,2.00213e+07
21.5152,16.0606,1.99671e+07
21.5152,16.6667,1.9913e+07
21.5152,17.2727,1.98589e+07
21.5152,17.8788,1.9805e+07
21.5152,18.4848,1.97511e+07
21.5152,19.0909,1.96972e+07
21.5152,19.697,1.96435e+07
21.5152,20.303,1.95898e+07
21.5152,20.9091,1.95362e+07
21.5152,21.5152,1.94826e+07
21.5152,22.1212,1.94292e+07
21.5152,22.7273,1.93758e+07
21.5152,23.3333,1.93225e+07
21.5152,23.9394,1.92692e+07
21.5152,24.5455,1.9216e+07
21.5152,25.1515,1.91629e+07
21.5152,25.7576,1.91099e+07
21.5152,26.3636,1.9057e+07
21.5152,26.9697,1.90041e+07
21.5152,27.5758,1.89513e+07
21.5152,28.1818,1.88986e+07
21.5152,28.7879,1.88459e+07
21.5152,29.3939,1.87933e+07
21.5152,30,1.87408e+07
22.1212,-30,2.69727e+07
22.1212,-29.3939,2.69098e+07
22.1212,-28.7879,2.68469e+07
22.1212,-28.1818,2.67842e+07
22.1212,-27.5758,2.67215e+07
22.1212,-26.9697,2.66588e+07
22.1212,-26.3636,2.65963e+07
22.1212,-25.7576,2.65338e+07
22.1212,-25.1515,2.64714e+07
22.1212,-24.5455,2.64091e+07
22.1212,-23.9394,2.63468e+07
22.1212,-23.3333,2.62847e+07
22.1212,-22.7273,2.62226e+07
22.1212,-22.1212,2.61605e+07
22.1212,-21.5152,2.60986e+07
22.1212,-20.9091,2.60367e+07
22.1212,-20.303,2.59749e+07
22.1212,-19.697,2.59131e+07
22.1212,-19.0909,2.58515e+07
22.1212,-18.4848,2.57899e+07
22.1212,-17.8788,2.57284e+07
22.1212,-17.2727,2.56669e+07
22.1212,-16.6667,2.56055e+07
22.1212,-16.0606,2.55442e+07
22.1212,-15.4545,2.5483e+07
22.1212,-14.8485,2.54219e+07
22.1212,-14.2424,2.53608e+07
22.1212,-13.6364,2.52998e+07
22.1212,-13.0303,2.52388e+07
22.1212,-12.4242,2.5178e+07
22.1212,-11.8182,2.51172e+07
22.1212,-11.2121,2.50565e+07
22.1212,-10.6061,2.49959e+07
22.1212,-10,2.49353e+07
22.1212,-9.39394,2.48748e+07
22.1212,-8.78788,2.48144e+07
22.1212,-8.18182,2.4754e+07
22.1212,-7.57576,2.46938e+07
22.1212,-6.9697,2.46336e+07
22.1212,-6.36364,2.45735e+07
22.1212,-5.75758,2.45134e+07
22.1212,-5.15152,2.44534e+07
22.1212,-4.54545,2.43935e+07
22.1212,-3.93939,2.43337e+07
22.1212,-3.33333,2.42739e+07
22.1212,-2.72727,2.42143e+07
22.1212,-2.12121,2.41546e+07
22.1212,-1.51515,2.40951e+07
22.1212,-0.909091,2.40357e+07
22.1212,-0.30303,2.39763e+07
22.1212,0.30303,2.39169e+07
22.1212,0.909091,2.38577e+07
22.1212,1.51515,2.37985e+07
22.1212,2.12121,2.37394e+07
22.1212,2.72727,2.36804e+07
22.1212,3.33333,2.36215e+07
22.1212,3.93939,2.35626e+07
22.1212,4.54545,2.35038e+07
22.1212,5.15152,2.34451e+07
22.1212,5.75758,2.33864e+07
22.1212,6.36364,2.33278e+07
22.1212,6.9697,2.32693e+07
22.1212,7.57576,2.32109e+07
22.1212,8.18182,2.31525e+07
22.1212,8.78788,2.30943e+07
22.1212,9.39394,2.3036e+07
22.1212,10,2.29779e+07
22.1212,10.6061,2.29198e+07
22.1212,11.2121,2.28618e+07
22.1212,11.8182,2.28039e+07
22.1212,12.4242,2.27461e+07
22.1212,13.0303,2.26883e+07
22.1212,13.6364,2.26306e+07
22.1212,14.2424,2.2573e+07
22.1212,14.8485,2.25154e+07
22.1212,15.4545,2.24579e+07
22.1212,16.0606,2.24005e+07
22.1212,16.6667,2.23432e+07
22.1212,17.2727,2.2286e+07
22.1212,17.8788,2.22288e+07
22.1212,18.4848,2.21717e+07
22.1212,19.0909,2.21146e+07
22.1212,19.697,2.20577e+07
22.1212,20.303,2.20008e+07
22.1212,20.9091,2.19439e+07
22.1212,21.5152,2.18872e+07
22.1212,22.1212,2.18305e+07
22.1212,22.7273,2.17739e+07
22.1212,23.3333,2.17174e+07
22.1212,23.9394,2.1661e+07
22.1212,24.5455,2.16046e+07
22.1212,25.1515,2.15483e+07
22.1212,25.7576,2.14921e+07
22.1212,26.3636,2.14359e+07
22.1212,26.9697,2.13798e+07
22.1212,27.5758,2.13238e+07
22.1212,28.1818,2.12679e+07
22.1212,28.7879,2.1212e+07
22.1212,29.3939,2.11562e+07
22.1212,30,2.11005e+07
22.7273,-30,2.98699e+07
22.7273,-29.3939,2.98036e+07
22.7273,-28.7879,2.97375e+07
22.7273,-28.1818,2.96715e+07
22.7273,-27.5758,2.96055e+07
22.7273,-26.9697,2.95395e+07
22.7273,-26.3636,2.94737e+07
22.7273,-25.7576,2.94079e+07
22.7273,-25.1515,2.93422e+07
22.7273,-24.5455,2.92766e+07
22.7273,-23.9394,2.92111e+07
22.7273,-23.3333,2.91456e+07
22.7273,-22.7273,2.90802e+07
22.7273,-22.1212,2.90149e+07
22.7273,-21.5152,2.89496e+07
22.7273,-20.9091,2.88844e+07
22.7273,-20.303,2.88193e+07
22.7273,-19.697,2.87543e+07
22.7273,-19.0909,2.86893e+07
22.7273,-18.4848,2.86244e+07
22.7273,-17.8788,2.85596e+07
22.7273,-17.2727,2.84949e+07
22.7273,-16.6667,2.84302e+07
22.7273,-16.0606,2.83656e+07
22.7273,-15.4545,2.83011e+07
22.7273,-14.8485,2.82367e+07
22.7273,-14.2424,2.81723e+07
22.7273,-13.6364,2.8108e+07
22.7273,-13.0303,2.80438e+07
22.7273,-12.4242,2.79796e+07
22.7273,-11.8182,2.79155e+07
22.7273,-11.2121,2.78515e+07
22.7273,-10.6061,2.77876e+07
22.7273,-10,2.77237e+07
22.7273,-9.39394,2.766e+07
22.7273,-8.78788,2.75962e+07
22.7273,-8.18182,2.75326e+07
22.7273,-7.57576,2.7469e+07
22.7273,-6.9697,2.74056e+07
22.7273,-6.36364,2.73421e+07
22.7273,-5.75758,2.72788e+07
22.7273,-5.15152,2.72155e+07
22.7273,-4.54545,2.71523e+07
22.7273,-3.93939,2.70892e+07
22.7273,-3.33333,2.70261e+07
22.7273,-2.72727,2.69632e+07
22.7273,-2.12121,2.69003e+07
22.7273,-1.51515,2.68374e+07
22.7273,-0.909091,2.67747e+07
22.7273,-0.30303,2.6712e+07
22.7273,0.30303,2.66494e+07
22.7273,0.909091,2.65869e+07
22.7273,1.51515,2.65244e+07
22.7273,2.12121,2.6462e+07
22.7273,2.72727,2.63997e+07
22.7273,3.33333,2.63374e+07
22.7273,3.93939,2.62753e+07
22.7273,4.54545,2.62132e+07
22.7273,5.15152,2.61512e+07
22.7273,5.75758,2.60892e+07
22.7273,6.36364,2.60273e+07
22.7273,6.9697,2.59655e+07
22.7273,7.57576,2.59038e+07
22.7273,8.18182,2.58422e+07
22.7273,8.78788,2.57806e+07
22.7273,9.39394,2.57191e+07
22.7273,10,2.56576e+07
22.7273,10.6061,2.55963e+07
22.7273,11.2121,2.5535e+07
22.7273,11.8182,2.54738e+07
22.7273,12.4242,2.54126e+07
22.7273,13.0303,2.53516e+07
22.7273,13.6364,2.52906e+07
22.7273,14.2424,2.52296e+07
22.7273,14.8485,2.51688e+07
22.7273,15.4545,2.5108e+07
22.7273,16.0606,2.50473e+07
22.7273,16.6667,2.49867e+07
22.7273,17.2727,2.49261e+07
22.7273,17.8788,2.48657e+07
22.7273,18.4848,2.48053e+07
22.7273,19.0909,2.47449e+07
22.7273,19.697,2.46847e+07
22.7273,20.303,2.46245e+07
22.7273,20.9091,2.45644e+07
22.7273,21.5152,2.45043e+07
22.7273,22.1212,2.44444e+07
22.7273,22.7273,2.43845e+07
22.7273,23.3333,2.43247e+07
22.7273,23.9394,2.42649e+07
22.7273,24.5455,2.42052e+07
22.7273,25.1515,2.41456e+07
22.7273,25.7576,2.40861e+07
22.7273,26.3636,2.40267e+07
22.7273,26.9697,2.39673e+07
22.7273,27.5758,2.3908e+07
22.7273,28.1818,2.38488e+07
22.7273,28.7879,2.37896e+07
22.7273,29.3939,2.37305e+07
22.7273,30,2.36715e+07
23.3333,-30,3.29991e+07
23.3333,-29.3939,3.29295e+07
23.3333,-28.7879,3.286e+07
23.3333,-28.1818,3.27906e+07
23.3333,-27.5758,3.27212e+07
23.3333,-26.9697,3.26519e+07
23.3333,-26.3636,3.25827e+07
23.3333,-25.7576,3.25135e+07
23.3333,-25.1515,3.24445e+07
23.3333,-24.5455,3.23754e+07
23.3333,-23.9394,3.23065e+07
23.3333,-23.3333,3.22377e+07
23.3333,-22.7273,3.21689e+07
23.3333,-22.1212,3.21002e+07
23.3333,-21.5152,3.20315e+07
23.3333,-20.9091,3.1963e+07
23.3333,-20.303,3.18945e+07
23.3333,-19.697,3.18261e+07
23.3333,-19.0909,3.17577e+07
23.3333,-18.4848,3.16894e+07
23.3333,-17.8788,3.16212e+07
23.3333,-17.2727,3.15531e+07
23.3333,-16.6667,3.14851e+07
23.3333,-16.0606,3.14171e+07
23.3333,-15.4545,3.13492e+07
23.3333,-14.8485,3.12814e+07
23.3333,-14.2424,3.12136e+07
23.3333,-13.6364,3.11459e+07
23.3333,-13.0303,3.10783e+07
23.3333,-12.4242,3.10108e+07
23.3333,-11.8182,3.09433e+07
23.3333,-11.2121,3.08759e+07
23.3333,-10.6061,3.08086e+07
23.3333,-10,3.07414e+07
23.3333,-9.39394,3.06742e+07
23.3333,-8.78788,3.06071e+07
23.3333,-8.18182,3.05401e+07
23.3333,-7.57576,3.04731e+07
23.3333,-6.9697,3.04063e+07
23.3333,-6.36364,3.03395e+07
23.3333,-5.75758,3.02727e+07
23.3333,-5.15152,3.02061e+07
23.3333,-4.54545,3.01395e+07
23.3333,-3.93939,3.0073e+07
23.3333,-3.33333,3.00065e+07
23.3333,-2.72727,2.99402e+07
23.3333,-2.12121,2.98739e+07
23.3333,-1.51515,2.98077e+07
23.3333,-0.909091,2.97415e+07
23.3333,-0.30303,2.96755e+07
23.3333,0.30303,2.96095e+07
23.3333,0.909091,2.95436e+07
23.3333,1.51515,2.94777e+07
23.3333,2.12121,2.94119e+07
23.3333,2.72727,2.93462e+07
23.3333,3.33333,2.92806e+07
23.3333,3.93939,2.92151e+07
23.3333,4.54545,2.91496e+07
23.3333,5.15152,2.90842e+07
23.3333,5.75758,2.90189e+07
23.3333,6.36364,2.89536e+07
23.3333,6.9697,2.88884e+07
23.3333,7.57576,2.88233e+07
23.3333,8.18182,2.87583e+07
23.3333,8.78788,2.86933e+07
23.3333,9.39394,2.86284e+07
23.3333,10,2.85636e+07
23.3333,10.6061,2.84988e+07
23.3333,11.2121,2.84342e+07
23.3333,11.8182,2.83696e+07
23.3333,12.4242,2.8305e+07
23.3333,13.0303,2.82406e+07
23.3333,13.6364,2.81762e+07
23.3333,14.2424,2.81119e+07
23.3333,14.8485,2.80477e+07
23.3333,15.4545,2.79835e+07
23.3333,16.0606,2.79194e+07
23.3333,16.6667,2.78554e+07
23.3333,17.2727,2.77915e+07
23.3333,17.8788,2.77276e+07
23.3333,18.4848,2.76638e+07
23.3333,19.0909,2.76001e+07
23.3333,19.697,2.75365e+07
23.3333,20.303,2.74729e+07
23.3333,20.9091,2.74094e+07
23.3333,21.5152,2.7346e+07
23.3333,22.1212,2.72827e+07
23.3333,22.7273,2.72194e+07
23.3333,23.3333,2.71562e+07
23.3333,23.9394,2.7093e+07
23.3333,24.5455,2.703e+07
23.3333,25.1515,2.6967e+07
23.3333,25.7576,2.69041e+07
23.3333,26.3636,2.68413e+07
23.3333,26.9697,2.67785e+07
23.3333,27.5758,2.67158e+07
23.3333,28.1818,2.66532e+07
23.3333,28.7879,2.65907e+07
23.3333,29.3939,2.65282e+07
23.3333,30,2.64658e+07
23.9394,-30,3.63728e+07
23.9394,-29.3939,3.62998e+07
23.9394,-28.7879,3.62268e+07
23.9394,-28.1818,3.61539e+07
23.9394,-27.5758,3.6081e+07
23.9394,-26.9697,3.60082e+07
23.9394,-26.3636,3.59355e+07
23.9394,-25.7576,3.58629e+07
23.9394,-25.1515,3.57904e+07
23.9394,-24.5455,3.57179e+07
23.9394,-23.9394,3.56455e+07
23.9394,-23.3333,3.55732e+07
23.9394,-22.7273,3.55009e+07
23.9394,-22.1212,3.54287e+07
23.9394,-21.5152,3.53566e+07
23.9394,-20.9091,3.52846e+07
23.9394,-20.303,3.52126e+07
23.9394,-19.697,3.51407e+07
23.9394,-19.0909,3.50689e+07
23.9394,-18.4848,3.49971e+07
23.9394,-17.8788,3.49255e+07
23.9394,-17.2727,3.48539e+07
23.9394,-16.6667,3.47824e+07
23.9394,-16.0606,3.47109e+07
23.9394,-15.4545,3.46395e+07
23.9394,-14.8485,3.45682e+07
23.9394,-14.2424,3.4497e+07
23.9394,-13.6364,3.44258e+07
23.9394,-13.0303,3.43548e+07
23.9394,-12.4242,3.42838e+07
23.9394,-11.8182,3.42128e+07
23.9394,-11.2121,3.4142e+07
23.9394,-10.6061,3.40712e+07
23.9394,-10,3.40005e+07
23.9394,-9.39394,3.39298e+07
23.9394,-8.78788,3.38592e+07
23.9394,-8.18182,3.37888e+07
23.9394,-7.57576,3.37183e+07
23.9394,-6.9697,3.3648e+07
23.9394,-6.36364,3.35777e+07
23.9394,-5.75758,3.35075e+07
23.9394,-5.15152,3.34374e+07
23.9394,-4.54545,3.33673e+07
23.9394,-3.93939,3.32973e+07
23.9394,-3.33333,3.32274e+07
23.9394,-2.72727,3.31576e+07
23.9394,-2.12121,3.30878e+07
23.9394,-1.51515,3.30182e+07
23.9394,-0.909091,3.29485e+07
23.9394,-0.30303,3.2879e+07
23.9394,0.30303,3.28095e+07
23.9394,0.909091,3.27401e+07
23.9394,1.51515,3.26708e+07
23.9394,2.12121,3.26016e+07
23.9394,2.72727,3.25324e+07
23.9394,3.33333,3.24633e+07
23.9394,3.93939,3.23943e+07
23.9394,4.54545,3.23253e+07
23.9394,5.15152,3.22565e+07
23.9394,5.75758,3.21877e+07
23.9394,6.36364,3.21189e+07
23.9394,6.9697,3.20503e+07
23.9394,7.57576,3.19817e+07
23.9394,8.18182,3.19132e+07
23.9394,8.78788,3.18447e+07
23.9394,9.39394,3.17764e+07
23.9394,10,3.17081e+07
23.9394,10.6061,3.16399e+07
23.9394,11.2121,3.15717e+07
23.9394,11.8182,3.15036e+07
23.9394,12.4242,3.14356e+07
23.9394,13.0303,3.13677e+07
23.9394,13.6364,3.12999e+07
23.9394,14.2424,3.12321e+07
23.9394,14.8485,3.11644e+07
23.9394,15.4545,3.10968e+07
23.9394,16.0606,3.10292e+07
23.9394,16.6667,3.09617e+07
23.9394,17.2727,3.08943e+07
23.9394,17.8788,3.0827e+07
23.9394,18.4848,3.07597e+07
23.9394,19.0909,3.06925e+07
23.9394,19.697,3.06254e+07
23.9394,20.303,3.05584e+07
23.9394,20.9091,3.04914e+07
23.9394,21.5152,3.04245e+07
23.9394,22.1212,3.03577e+07
23.9394,22.7273,3.02909e+07
23.9394,23.3333,3.02243e+07
23.9394,23.9394,3.01577e+07
23.9394,24.5455,3.00911e+07
23.9394,25.1515,3.00247e+07
23.9394,25.7576,2.99583e+07
23.9394,26.3636,2.9892e+07
23.9394,26.9697,2.98258e+07
23.9394,27.5758,2.97596e+07
23.9394,28.1818,2.96935e+07
23.9394,28.7879,2.96275e+07
23.9394,29.3939,2.95616e+07
23.9394,30,2.94957e+07
24.5455,-30,4.00036e+07
24.5455,-29.3939,3.99269e+07
24.5455,-28.7879,3.98504e+07
24.5455,-28.1818,3.97739e+07
24.5455,-27.5758,3.96975e+07
24.5455,-26.9697,3.96212e+07
24.5455,-26.3636,3.95449e+07
24.5455,-25.7576,3.94687e+07
24.5455,-25.1515,3.93926e+07
24.5455,-24.5455,3.93166e+07
24.5455,-23.9394,3.92406e+07
24.5455,-23.3333,3.91647e+07
24.5455,-22.7273,3.90889e+07
24.5455,-22.1212,3.90131e+07
24.5455,-21.5152,3.89375e+07
24.5455,-20.9091,3.88619e+07
24.5455,-20.303,3.87863e+07
24.5455,-19.697,3.87109e+07
24.5455,-19.0909,3.86355e+07
24.5455,-18.4848,3.85602e+07
24.5455,-17.8788,3.8485e+07
24.5455,-17.2727,3.84098e+07
24.5455,-16.6667,3.83347e+07
24.5455,-16.0606,3.82597e+07
24.5455,-15.4545,3.81848e+07
24.5455,-14.8485,3.81099e+07
24.5455,-14.2424,3.80351e+07
24.5455,-13.6364,3.79604e+07
24.5455,-13.0303,3.78858e+07
24.5455,-12.4242,3.78112e+07
24.5455,-11.8182,3.77367e+07
24.5455,-11.2121,3.76623e+07
24.5455,-10.6061,3.75879e+07
24.5455,-10,3.75136e+07
24.5455,-9.39394,3.74394e+07
24.5455,-8.78788,3.73653e+07
24.5455,-8.18182,3.72913e+07
24.5455,-7.57576,3.72173e+07
24.5455,-6.9697,3.71434e+07
24.5455,-6.36364,3.70695e+07
24.5455,-5.75758,3.69958e+07
24.5455,-5.15152,3.69221e+07
24.5455,-4.54545,3.68485e+07
24.5455,-3.93939,3.67749e+07
24.5455,-3.33333,3.67015e+07
24.5455,-2.72727,3.66281e+07
24.5455,-2.12121,3.65547e+07
24.5455,-1.51515,3.64815e+07
24.5455,-0.909091,3.64083e+07
24.5455,-0.30303,3.63352e+07
24.5455,0.30303,3.62622e+07
24.5455,0.909091,3.61892e+07
24.5455,1.51515,3.61163e+07
24.5455,2.12121,3.60435e+07
24.5455,2.72727,3.59708e+07
24.5455,3.33333,3.58981e+07
24.5455,3.93939,3.58256e+07
24.5455,4.54545,3.5753e+07
24.5455,5.15152,3.56806e+07
24.5455,5.75758,3.56082e+07
24.5455,6.36364,3.55359e+07
24.5455,6.9697,3.54637e+07
24.5455,7.57576,3.53916e+07
24.5455,8.18182,3.53195e+07
24.5455,8.78788,3.52475e+07
24.5455,9.39394,3.51756e+07
24.5455,10,3.51037e+07
24.5455,10.6061,3.5032e+07
24.5455,11.2121,3.49602e+07
24.5455,11.8182,3.48886e+07
24.5455,12.4242,3.48171e+07
24.5455,13.0303,3.47456e+07
24.5455,13.6364,3.46742e+07
24.5455,14.2424,3.46028e+07
24.5455,14.8485,3.45316e+07
24.5455,15.4545,3.44604e+07
24.5455,16.0606,3.43892e+07
24.5455,16.6667,3.43182e+07
24.5455,17.2727,3.42472e+07
24.5455,17.8788,3.41763e+07
24.5455,18.4848,3.41055e+07
24.5455,19.0909,3.40348e+07
24.5455,19.697,3.39641e+07
24.5455,20.303,3.38935e+07
24.5455,20.9091,3.38229e+07
24.5455,21.5152,3.37525e+07
24.5455,22.1212,3.36821e+07
24.5455,22.7273,3.36118e+07
24.5455,23.3333,3.35416e+07
24.5455,23.9394,3.34714e+07
24.5455,24.5455,3.34013e+07
24.5455,25.1515,3.33313e+07
24.5455,25.7576,3.32614e+07
24.5455,26.3636,3.31915e+07
24.5455,26.9697,3.31217e+07
24.5455,27.5758,3.3052e+07
24.5455,28.1818,3.29823e+07
24.5455,28.7879,3.29127e+07
24.5455,29.3939,3.28432e+07
24.5455,30,3.27738e+07
25.1515,-30,4.39043e+07
25.1515,-29.3939,4.3824e+07
25.1515,-28.7879,4.37438e+07
25.1515,-28.1818,4.36637e+07
25.1515,-27.5758,4.35836e+07
25.1515,-26.9697,4.35036e+07
25.1515,-26.3636,4.34237e+07
25.1515,-25.7576,4.33439e+07
25.1515,-25.1515,4.32641e+07
25.1515,-24.5455,4.31844e+07
25.1515,-23.9394,4.31048e+07
25.1515,-23.3333,4.30253e+07
25.1515,-22.7273,4.29458e+07
25.1515,-22.1212,4.28664e+07
25.1515,-21.5152,4.27871e+07
25.1515,-20.9091,4.27078e+07
25.1515,-20.303,4.26287e+07
25.1515,-19.697,4.25495e+07
25.1515,-19.0909,4.24705e+07
25.1515,-18.4848,4.23916e+07
25.1515,-17.8788,4.23127e+07
25.1515,-17.2727,4.22339e+07
25.1515,-16.6667,4.21551e+07
25.1515,-16.0606,4.20765e+07
25.1515,-15.4545,4.19979e+07
25.1515,-14.8485,4.19194e+07
25.1515,-14.2424,4.18409e+07
25.1515,-13.6364,4.17626e+07
25.1515,-13.0303,4.16843e+07
25.1515,-12.4242,4.1606e+07
25.1515,-11.8182,4.15279e+07
25.1515,-11.2121,4.14498e+07
25.1515,-10.6061,4.13718e+07
25.1515,-10,4.12939e+07
25.1515,-9.39394,4.1216e+07
25.1515,-8.78788,4.11383e+07
25.1515,-8.18182,4.10606e+07
25.1515,-7.57576,4.09829e+07
25.1515,-6.9697,4.09054e+07
25.1515,-6.36364,4.08279e+07
25.1515,-5.75758,4.07505e+07
25.1515,-5.15152,4.06731e+07
25.1515,-4.54545,4.05959e+07
25.1515,-3.93939,4.05187e+07
25.1515,-3.33333,4.04415e+07
25.1515,-2.72727,4.03645e+07
25.1515,-2.12121,4.02875e+07
25.1515,-1.51515,4.02106e+07
25.1515,-0.909091,4.01338e+07
25.1515,-0.30303,4.0057e+07
25.1515,0.30303,3.99804e+07
25.1515,0.909091,3.99038e+07
25.1515,1.51515,3.98272e+07
25.1515,2.12121,3.97508e+07
25.1515,2.72727,3.96744e+07
25.1515,3.33333,3.95981e+07
25.1515,3.93939,3.95218e+07
25.1515,4.54545,3.94457e+07
25.1515,5.15152,3.93696e+07
25.1515,5.75758,3.92936e+07
25.1515,6.36364,3.92176e+07
25.1515,6.9697,3.91418e+07
25.1515,7.57576,3.9066e+07
25.1515,8.18182,3.89902e+07
25.1515,8.78788,3.89146e+07
25.1515,9.39394,3.8839e+07
25.1515,10,3.87635e+07
25.1515,10.6061,3.86881e+07
25.1515,11.2121,3.86127e+07
25.1515,11.8182,3.85374e+07
25.1515,12.4242,3.84622e+07
25.1515,13.0303,3.83871e+07
25.1515,13.6364,3.8312e+07
25.1515,14.2424,3.8237e+07
25.1515,14.8485,3.81621e+07
25.1515,15.4545,3.80873e+07
25.1515,16.0606,3.80125e+07
25.1515,16.6667,3.79378e+07
25.1515,17.2727,3.78632e+07
25.1515,17.8788,3.77886e+07
25.1515,18.4848,3.77142e+07
25.1515,19.0909,3.76398e+07
25.1515,19.697,3.75654e+07
25.1515,20.303,3.74912e+07
25.1515,20.9091,3.7417e+07
25.1515,21.5152,3.73429e+07
25.1515,22.1212,3.72689e+07
25.1515,22.7273,3.71949e+07
25.1515,23.3333,3.7121e+07
25.1515,23.9394,3.70472e+07
25.1515,24.5455,3.69735e+07
25.1515,25.1515,3.68998e+07
25.1515,25.7576,3.68262e+07
25.1515,26.3636,3.67527e+07
25.1515,26.9697,3.66792e+07
25.1515,27.5758,3.66059e+07
25.1515,28.1818,3.65326e+07
25.1515,28.7879,3.64593e+07
25.1515,29.3939,3.63862e+07
25.1515,30,3.63131e+07
25.7576,-30,4.80883e+07
25.7576,-29.3939,4.80043e+07
25.7576,-28.7879,4.79203e+07
25.7576,-28.1818,4.78364e+07
25.7576,-27.5758,4.77526e+07
25.7576,-26.9697,4.76689e+07
25.7576,-26.3636,4.75853e+07
25.7576,-25.7576,4.75017e+07
25.7576,-25.1515,4.74182e+07
25.7576,-24.5455,4.73348e+07
25.7576,-23.9394,4.72514e+07
25.7576,-23.3333,4.71681e+07
25.7576,-22.7273,4.70849e+07
25.7576,-22.1212,4.70018e+07
25.7576,-21.5152,4.69187e+07
25.7576,-20.9091,4.68357e+07
25.7576,-20.303,4.67528e+07
25.7576,-19.697,4.667e+07
25.7576,-19.0909,4.65872e+07
25.7576,-18.4848,4.65045e+07
25.7576,-17.8788,4.64219e+07
25.7576,-17.2727,4.63393e+07
25.7576,-16.6667,4.62568e+07
25.7576,-16.0606,4.61744e+07
25.7576,-15.4545,4.60921e+07
25.7576,-14.8485,4.60099e+07
25.7576,-14.2424,4.59277e+07
25.7576,-13.6364,4.58456e+07
25.7576,-13.0303,4.57635e+07
25.7576,-12.4242,4.56816e+07
25.7576,-11.8182,4.55997e+07
25.7576,-11.2121,4.55179e+07
25.7576,-10.6061,4.54361e+07
25.7576,-10,4.53545e+07
25.7576,-9.39394,4.52729e+07
25.7576,-8.78788,4.51914e+07
25.7576,-8.18182,4.51099e+07
25.7576,-7.57576,4.50285e+07
25.7576,-6.9697,4.49472e+07
25.7576,-6.36364,4.4866e+07
25.7576,-5.75758,4.47849e+07
25.7576,-5.15152,4.47038e+07
25.7576,-4.54545,4.46228e+07
25.7576,-3.93939,4.45418e+07
25.7576,-3.33333,4.4461e+07
25.7576,-2.72727,4.43802e+07
25.7576,-2.12121,4.42995e+07
25.7576,-1.51515,4.42188e+07
25.7576,-0.909091,4.41383e+07
25.7576,-0.30303,4.40578e+07
25.7576,0.30303,4.39774e+07
25.7576,0.909091,4.3897e+07
25.7576,1.51515,4.38167e+07
25.7576,2.12121,4.37365e+07
25.7576,2.72727,4.36564e+07
25.7576,3.33333,4.35764e+07
25.7576,3.93939,4.34964e+07
25.7576,4.54545,4.34165e+07
25.7576,5.15152,4.33367e+07
25.7576,5.75758,4.32569e+07
25.7576,6.36364,4.31772e+07
25.7576,6.9697,4.30976e+07
25.7576,7.57576,4.30181e+07
25.7576,8.18182,4.29386e+07
25.7576,8.78788,4.28592e+07
25.7576,9.39394,4.27799e+07
25.7576,10,4.27007e+07
25.7576,10.6061,4.26215e+07
25.7576,11.2121,4.25424e+07
25.7576,11.8182,4.24634e+07
25.7576,12.4242,4.23844e+07
25.7576,13.0303,4.23055e+07
25.7576,13.6364,4.22267e+07
25.7576,14.2424,4.2148e+07
25.7576,14.8485,4.20694e+07
25.7576,15.4545,4.19908e+07
25.7576,16.0606,4.19123e+07
25.7576,16.6667,4.18338e+07
25.7576,17.2727,4.17555e+07
25.7576,17.8788,4.16772e+07
25.7576,18.4848,4.1599e+07
25.7576,19.0909,4.15208e+07
25.7576,19.697,4.14428e+07
25.7576,20.303,4.13648e+07
25.7576,20.9091,4.12868e+07
25.7576,21.5152,4.1209e+07
25.7576,22.1212,4.11312e+07
25.7576,22.7273,4.10535e+07
25.7576,23.3333,4.09759e+07
25.7576,23.9394,4.08983e+07
25.7576,24.5455,4.08209e+07
25.7576,25.1515,4.07435e+07
25.7576,25.7576,4.06661e+07
25.7576,26.3636,4.05889e+07
25.7576,26.9697,4.05117e+07
25.7576,27.5758,4.04346e+07
25.7576,28.1818,4.03575e+07
25.7576,28.7879,4.02806e+07
25.7576,29.3939,4.02037e+07
25.7576,30,4.01268e+07
26.3636,-30,5.25691e+07
26.3636,-29.3939,5.24813e+07
26.3636,-28.7879,5.23935e+07
26.3636,-28.1818,5.23058e+07
26.3636,-27.5758,5.22182e+07
26.3636,-26.9697,5.21306e+07
26.3636,-26.3636,5.20432e+07
26.3636,-25.7576,5.19557e+07
26.3636,-25.1515,5.18684e+07
26.3636,-24.5455,5.17812e+07
26.3636,-23.9394,5.1694e+07
26.3636,-23.3333,5.16069e+07
26.3636,-22.7273,5.15198e+07
26.3636,-22.1212,5.14329e+07
26.3636,-21.5152,5.1346e+07
26.3636,-20.9091,5.12591e+07
26.3636,-20.303,5.11724e+07
26.3636,-19.697,5.10857e+07
26.3636,-19.0909,5.09991e+07
26.3636,-18.4848,5.09126e+07
26.3636,-17.8788,5.08262e+07
26.3636,-17.2727,5.07398e+07
26.3636,-16.6667,5.06535e+07
26.3636,-16.0606,5.05672e+07
26.3636,-15.4545,5.04811e+07
26.3636,-14.8485,5.0395e+07
26.3636,-14.2424,5.0309e+07
26.3636,-13.6364,5.0223e+07
26.3636,-13.0303,5.01372e+07
26.3636,-12.4242,5.00514e+07
26.3636,-11.8182,4.99657e+07
26.3636,-11.2121,4.988e+07
26.3636,-10.6061,4.97945e+07
26.3636,-10,4.9709e+07
26.3636,-9.39394,4.96235e+07
26.3636,-8.78788,4.95382e+07
26.3636,-8.18182,4.94529e+07
26.3636,-7.57576,4.93677e+07
26.3636,-6.9697,4.92826e+07
26.3636,-6.36364,4.91975e+07
26.3636,-5.75758,4.91126e+07
26.3636,-5.15152,4.90276e+07
26.3636,-4.54545,4.89428e+07
26.3636,-3.93939,4.8858e+07
26.3636,-3.33333,4.87734e+07
26.3636,-2.72727,4.86887e+07
26.3636,-2.12121,4.86042e+07
26.3636,-1.51515,4.85197e+07
26.3636,-0.909091,4.84353e+07
26.3636,-0.30303,4.8351e+07
26.3636,0.30303,4.82668e+07
26.3636,0.909091,4.81826e+07
26.3636,1.51515,4.80985e+07
26.3636,2.12121,4.80145e+07
26.3636,2.72727,4.79305e+07
26.3636,3.33333,4.78466e+07
26.3636,3.93939,4.77628e+07
26.3636,4.54545,4.76791e+07
26.3636,5.15152,4.75954e+07
26.3636,5.75758,4.75119e+07
26.3636,6.36364,4.74283e+07
26.3636,6.9697,4.73449e+07
26.3636,7.57576,4.72615e+07
26.3636,8.18182,4.71782e+07
26.3636,8.78788,4.7095e+07
26.3636,9.39394,4.70119e+07
26.3636,10,4.69288e+07
26.3636,10.6061,4.68458e+07
26.3636,11.2121,4.67629e+07
26.3636,11.8182,4.668e+07
26.3636,12.4242,4.65973e+07
26.3636,13.0303,4.65145e+07
26.3636,13.6364,4.64319e+07
26.3636,14.2424,4.63494e+07
26.3636,14.8485,4.62669e+07
26.3636,15.4545,4.61845e+07
26.3636,16.0606,4.61021e+07
26.3636,16.6667,4.60199e+07
26.3636,17.2727,4.59377e+07
26.3636,17.8788,4.58556e+07
26.3636,18.4848,4.57735e+07
26.3636,19.0909,4.56915e+07
26.3636,19.697,4.56096e+07
26.3636,20.303,4.55278e+07
26.3636,20.9091,4.54461e+07
26.3636,21.5152,4.53644e+07
26.3636,22.1212,4.52828e+07
26.3636,22.7273,4.52013e+07
26.3636,23.3333,4.51198e+07
26.3636,23.9394,4.50384e+07
26.3636,24.5455,4.49571e+07
26.3636,25.1515,4.48759e+07
26.3636,25.7576,4.47947e+07
26.3636,26.3636,4.47136e+07
26.3636,26.9697,4.46326e+07
26.3636,27.5758,4.45517e+07
26.3636,28.1818,4.44708e+07
26.3636,28.7879,4.439e+07
26.3636,29.3939,4.43093e+07
26.3636,30,4.42286e+07
26.9697,-30,5.73608e+07
26.9697,-29.3939,5.7269e+07
26.9697,-28.7879,5.71773e+07
26.9697,-28.1818,5.70857e+07
26.9697,-27.5758,5.69942e+07
26.9697,-26.9697,5.69027e+07
26.9697,-26.3636,5.68113e+07
26.9697,-25.7576,5.672e+07
26.9697,-25.1515,5.66287e+07
26.9697,-24.5455,5.65375e+07
26.9697,-23.9394,5.64464e+07
26.9697,-23.3333,5.63554e+07
26.9697,-22.7273,5.62644e+07
26.9697,-22.1212,5.61736e+07
26.9697,-21.5152,5.60828e+07
26.9697,-20.9091,5.5992e+07
26.9697,-20.303,5.59014e+07
26.9697,-19.697,5.58108e+07
26.9697,-19.0909,5.57203e+07
26.9697,-18.4848,5.56298e+07
26.9697,-17.8788,5.55394e+07
26.9697,-17.2727,5.54491e+07
26.9697,-16.6667,5.53589e+07
26.9697,-16.0606,5.52688e+07
26.9697,-15.4545,5.51787e+07
26.9697,-14.8485,5.50887e+07
26.9697,-14.2424,5.49988e+07
26.9697,-13.6364,5.49089e+07
26.9697,-13.0303,5.48191e+07
26.9697,-12.4242,5.47294e+07
26.9697,-11.8182,5.46398e+07
26.9697,-11.2121,5.45502e+07
26.9697,-10.6061,5.44607e+07
26.9697,-10,5.43713e+07
26.9697,-9.39394,5.4282e+07
26.9697,-8.78788,5.41927e+07
26.9697,-8.18182,5.41035e+07
26.9697,-7.57576,5.40144e+07
26.9697,-6.9697,5.39254e+07
26.9697,-6.36364,5.38364e+07
26.9697,-5.75758,5.37475e+07
26.9697,-5.15152,5.36587e+07
26.9697,-4.54545,5.35699e+07
26.9697,-3.93939,5.34812e+07
26.9697,-3.33333,5.33926e+07
26.9697,-2.72727,5.33041e+07
26.9697,-2.12121,5.32156e+07
26.9697,-1.51515,5.31272e+07
26.9697,-0.909091,5.30389e+07
26.9697,-0.30303,5.29507e+07
26.9697,0.30303,5.28625e+07
26.9697,0.909091,5.27744e+07
26.9697,1.51515,5.26864e+07
26.9697,2.12121,5.25985e+07
26.9697,2.72727,5.25106e+07
26.9697,3.33333,5.24228e+07
26.9697,3.93939,5.23351e+07
26.9697,4.54545,5.22474e+07
26.9697,5.15152,5.21598e+07
26.9697,5.75758,5.20723e+07
26.9697,6.36364,5.19849e+07
26.9697,6.9697,5.18975e+07
26.9697,7.57576,5.18103e+07
26.9697,8.18182,5.17231e+07
26.9697,8.78788,5.16359e+07
26.9697,9.39394,5.15489e+07
26.9697,10,5.14619e+07
26.9697,10.6061,5.13749e+07
26.9697,11.2121,5.12881e+07
26.9697,11.8182,5.12013e+07
26.9697,12.4242,5.11146e+07
26.9697,13.0303,5.1028e+07
26.9697,13.6364,5.09415e+07
26.9697,14.2424,5.0855e+07
26.9697,14.8485,5.07686e+07
26.9697,15.4545,5.06823e+07
26.9697,16.0606,5.0596e+07
26.9697,16.6667,5.05098e+07
26.9697,17.2727,5.04237e+07
26.9697,17.8788,5.03377e+07
26.9697,18.4848,5.02517e+07
26.9697,19.0909,5.01658e+07
26.9697,19.697,5.008e+07
26.9697,20.303,4.99943e+07
26.9697,20.9091,4.99086e+07
26.9697,21.5152,4.9823e+07
26.9697,22.1212,4.97375e+07
26.9697,22.7273,4.9652e+07
26.9697,23.3333,4.95667e+07
26.9697,23.9394,4.94814e+07
26.9697,24.5455,4.93961e+07
26.9697,25.1515,4.9311e+07
26.9697,25.7576,4.92259e+07
26.9697,26.3636,4.91409e+07
26.9697,26.9697,4.9056e+07
26.9697,27.5758,4.89711e+07
26.9697,28.1818,4.88863e+07
26.9697,28.7879,4.88016e+07
26.9697,29.3939,4.8717e+07
26.9697,30,4.86324e+07
27.5758,-30,6.24775e+07
27.5758,-29.3939,6.23817e+07
27.5758,-28.7879,6.2286e+07
27.5758,-28.1818,6.21904e+07
27.5758,-27.5758,6.20948e+07
27.5758,-26.9697,6.19993e+07
27.5758,-26.3636,6.19039e+07
27.5758,-25.7576,6.18086e+07
27.5758,-25.1515,6.17133e+07
27.5758,-24.5455,6.16182e+07
27.5758,-23.9394,6.1523e+07
27.5758,-23.3333,6.1428e+07
27.5758,-22.7273,6.1333e+07
27.5758,-22.1212,6.12382e+07
27.5758,-21.5152,6.11433e+07
27.5758,-20.9091,6.10486e+07
27.5758,-20.303,6.09539e+07
27.5758,-19.697,6.08593e+07
27.5758,-19.0909,6.07648e+07
27.5758,-18.4848,6.06704e+07
27.5758,-17.8788,6.0576e+07
27.5758,-17.2727,6.04817e+07
27.5758,-16.6667,6.03874e+07
27.5758,-16.0606,6.02933e+07
27.5758,-15.4545,6.01992e+07
27.5758,-14.8485,6.01052e+07
27.5758,-14.2424,6.00113e+07
27.5758,-13.6364,5.99174e+07
27.5758,-13.0303,5.98236e+07
27.5758,-12.4242,5.97299e+07
27.5758,-11.8182,5.96363e+07
27.5758,-11.2121,5.95427e+07
27.5758,-10.6061,5.94492e+07
27.5758,-10,5.93558e+07
27.5758,-9.39394,5.92624e+07
27.5758,-8.78788,5.91692e+07
27.5758,-8.18182,5.9076e+07
27.5758,-7.57576,5.89828e+07
27.5758,-6.9697,5.88898e+07
27.5758,-6.36364,5.87968e+07
27.5758,-5.75758,5.87039e+07
27.5758,-5.15152,5.8611e+07
27.5758,-4.54545,5.85183e+07
27.5758,-3.93939,5.84256e+07
27.5758,-3.33333,5.8333e+07
27.5758,-2.72727,5.82404e+07
27.5758,-2.12121,5.8148e+07
27.5758,-1.51515,5.80556e+07
27.5758,-0.909091,5.79633e+07
27.5758,-0.30303,5.7871e+07
27.5758,0.30303,5.77789e+07
27.5758,0.909091,5.76868e+07
27.5758,1.51515,5.75947e+07
27.5758,2.12121,5.75028e+07
27.5758,2.72727,5.74109e+07
27.5758,3.33333,5.73191e+07
27.5758,3.93939,5.72274e+07
27.5758,4.54545,5.71357e+07
27.5758,5.15152,5.70441e+07
27.5758,5.75758,5.69526e+07
27.5758,6.36364,5.68612e+07
27.5758,6.9697,5.67698e+07
27.5758,7.57576,5.66785e+07
27.5758,8.18182,5.65873e+07
27.5758,8.78788,5.64962e+07
27.5758,9.39394,5.64051e+07
27.5758,10,5.63141e+07
27.5758,10.6061,5.62232e+07
27.5758,11.2121,5.61323e+07
27.5758,11.8182,5.60415e+07
27.5758,12.4242,5.59508e+07
27.5758,13.0303,5.58602e+07
27.5758,13.6364,5.57696e+07
27.5758,14.2424,5.56792e+07
27.5758,14.8485,5.55888e+07
27.5758,15.4545,5.54984e+07
27.5758,16.0606,5.54082e+07
27.5758,16.6667,5.5318e+07
27.5758,17.2727,5.52279e+07
27.5758,17.8788,5.51378e+07
27.5758,18.4848,5.50478e+07
27.5758,19.0909,5.49579e+07
27.5758,19.697,5.48681e+07
27.5758,20.303,5.47784e+07
27.5758,20.9091,5.46887e+07
27.5758,21.5152,5.45991e+07
27.5758,22.1212,5.45096e+07
27.5758,22.7273,5.44201e+07
27.5758,23.3333,5.43307e+07
27.5758,23.9394,5.42414e+07
27.5758,24.5455,5.41522e+07
27.5758,25.1515,5.4063e+07
27.5758,25.7576,5.39739e+07
27.5758,26.3636,5.38849e+07
27.5758,26.9697,5.3796e+07
27.5758,27.5758,5.37071e+07
27.5758,28.1818,5.36183e+07
27.5758,28.7879,5.35296e+07
27.5758,29.3939,5.3441e+07
27.5758,30,5.33524e+07
28.1818,-30,6.79338e+07
28.1818,-29.3939,6.78339e+07
28.1818,-28.7879,6.77341e+07
28.1818,-28.1818,6.76344e+07
28.1818,-27.5758,6.75347e+07
28.1818,-26.9697,6.74351e+07
28.1818,-26.3636,6.73356e+07
28.1818,-25.7576,6.72362e+07
28.1818,-25.1515,6.71369e+07
28.1818,-24.5455,6.70376e+07
28.1818,-23.9394,6.69384e+07
28.1818,-23.3333,6.68392e+07
28.1818,-22.7273,6.67402e+07
28.1818,-22.1212,6.66412e+07
28.1818,-21.5152,6.65423e+07
28.1818,-20.9091,6.64434e+07
28.1818,-20.303,6.63447e+07
28.1818,-19.697,6.6246e+07
28.1818,-19.0909,6.61474e+07
28.1818,-18.4848,6.60488e+07
28.1818,-17.8788,6.59504e+07
28.1818,-17.2727,6.5852e+07
28.1818,-16.6667,6.57536e+07
28.1818,-16.0606,6.56554e+07
28.1818,-15.4545,6.55572e+07
28.1818,-14.8485,6.54591e+07
28.1818,-14.2424,6.53611e+07
28.1818,-13.6364,6.52631e+07
28.1818,-13.0303,6.51652e+07
28.1818,-12.4242,6.50674e+07
28.1818,-11.8182,6.49697e+07
28.1818,-11.2121,6.4872e+07
28.1818,-10.6061,6.47744e+07
28.1818,-10,6.46769e+07
28.1818,-9.39394,6.45795e+07
28.1818,-8.78788,6.44821e+07
28.1818,-8.18182,6.43848e+07
28.1818,-7.57576,6.42876e+07
28.1818,-6.9697,6.41904e+07
28.1818,-6.36364,6.40933e+07
28.1818,-5.75758,6.39963e+07
28.1818,-5.15152,6.38994e+07
28.1818,-4.54545,6.38025e+07
28.1818,-3.93939,6.37058e+07
28.1818,-3.33333,6.36091e+07
28.1818,-2.72727,6.35124e+07
28.1818,-2.12121,6.34159e+07
28.1818,-1.51515,6.33194e+07
28.1818,-0.909091,6.3223e+07
28.1818,-0.30303,6.31266e+07
28.1818,0.30303,6.30303e+07
28.1818,0.909091,6.29341e+07
28.1818,1.51515,6.2838e+07
28.1818,2.12121,6.2742e+07
28.1818,2.72727,6.2646e+07
28.1818,3.33333,6.25501e+07
28.1818,3.93939,6.24543e+07
28.1818,4.54545,6.23585e+07
28.1818,5.15152,6.22628e+07
28.1818,5.75758,6.21672e+07
28.1818,6.36364,6.20717e+07
28.1818,6.9697,6.19762e+07
28.1818,7.57576,6.18808e+07
28.1818,8.18182,6.17855e+07
28.1818,8.78788,6.16903e+07
28.1818,9.39394,6.15951e+07
28.1818,10,6.15e+07
28.1818,10.6061,6.1405e+07
28.1818,11.2121,6.13101e+07
28.1818,11.8182,6.12152e+07
28.1818,12.4242,6.11204e+07
28.1818,13.0303,6.10257e+07
28.1818,13.6364,6.0931e+07
28.1818,14.2424,6.08364e+07
28.1818,14.8485,6.07419e+07
28.1818,15.4545,6.06475e+07
28.1818,16.0606,6.05531e+07
28.1818,16.6667,6.04589e+07
28.1818,17.2727,6.03646e+07
28.1818,17.8788,6.02705e+07
28.1818,18.4848,6.01764e+07
28.1818,19.0909,6.00825e+07
28.1818,19.697,5.99885e+07
28.1818,20.303,5.98947e+07
28.1818,20.9091,5.98009e+07
28.1818,21.5152,5.97072e+07
28.1818,22.1212,5.96136e+07
28.1818,22.7273,5.95201e+07
28.1818,23.3333,5.94266e+07
28.1818,23.9394,5.93332e+07
28.1818,24.5455,5.92398e+07
28.1818,25.1515,5.91466e+07
28.1818,25.7576,5.90534e+07
28.1818,26.3636,5.89603e+07
28.1818,26.9697,5.88673e+07
28.1818,27.5758,5.87743e+07
28.1818,28.1818,5.86814e+07
28.1818,28.7879,5.85886e+07
28.1818,29.3939,5.84958e+07
28.1818,30,5.84032e+07
28.7879,-30,7.37445e+07
28.7879,-29.3939,7.36405e+07
28.7879,-28.7879,7.35365e+07
28.7879,-28.1818,7.34326e+07
28.7879,-27.5758,7.33288e+07
28.7879,-26.9697,7.3225e+07
28.7879,-26.3636,7.31213e+07
28.7879,-25.7576,7.30177e+07
28.7879,-25.1515,7.29142e+07
28.7879,-24.5455,7.28107e+07
28.7879,-23.9394,7.27073e+07
28.7879,-23.3333,7.2604e+07
28.7879,-22.7273,7.25008e+07
28.7879,-22.1212,7.23976e+07
28.7879,-21.5152,7.22945e+07
28.7879,-20.9091,7.21915e+07
28.7879,-20.303,7.20885e+07
28.7879,-19.697,7.19856e+07
28.7879,-19.0909,7.18828e+07
28.7879,-18.4848,7.17801e+07
28.7879,-17.8788,7.16774e+07
28.7879,-17.2727,7.15749e+07
28.7879,-16.6667,7.14723e+07
28.7879,-16.0606,7.13699e+07
28.7879,-15.4545,7.12675e+07
28.7879,-14.8485,7.11653e+07
28.7879,-14.2424,7.1063e+07
28.7879,-13.6364,7.09609e+07
28.7879,-13.0303,7.08588e+07
28.7879,-12.4242,7.07568e+07
28.7879,-11.8182,7.06549e+07
28.7879,-11.2121,7.05531e+07
28.7879,-10.6061,7.04513e+07
28.7879,-10,7.03496e+07
28.7879,-9.39394,7.0248e+07
28.7879,-8.78788,7.01464e+07
28.7879,-8.18182,7.00449e+07
28.7879,-7.57576,6.99435e+07
28.7879,-6.9697,6.98422e+07
28.7879,-6.36364,6.97409e+07
28.7879,-5.75758,6.96397e+07
28.7879,-5.15152,6.95386e+07
28.7879,-4.54545,6.94376e+07
28.7879,-3.93939,6.93366e+07
28.7879,-3.33333,6.92357e+07
28.7879,-2.72727,6.91349e+07
28.7879,-2.12121,6.90341e+07
28.7879,-1.51515,6.89335e+07
28.7879,-0.909091,6.88329e+07
28.7879,-0.30303,6.87323e+07
28.7879,0.30303,6.86319e+07
28.7879,0.909091,6.85315e+07
28.7879,1.51515,6.84312e+07
28.7879,2.12121,6.8331e+07
28.7879,2.72727,6.82308e+07
28.7879,3.33333,6.81307e+07
28.7879,3.93939,6.80307e+07
28.7879,4.54545,6.79308e+07
28.7879,5.15152,6.78309e+07
28.7879,5.75758,6.77311e+07
28.7879,6.36364,6.76314e+07
28.7879,6.9697,6.75317e+07
28.7879,7.57576,6.74322e+07
28.7879,8.18182,6.73327e+07
28.7879,8.78788,6.72332e+07
28.7879,9.39394,6.71339e+07
28.7879,10,6.70346e+07
28.7879,10.6061,6.69354e+07
28.7879,11.2121,6.68363e+07
28.7879,11.8182,6.67372e+07
28.7879,12.4242,6.66382e+07
28.7879,13.0303,6.65393e+07
28.7879,13.6364,6.64405e+07
28.7879,14.2424,6.63417e+07
28.7879,14.8485,6.6243e+07
28.7879,15.4545,6.61444e+07
28.7879,16.0606,6.60459e+07
28.7879,16.6667,6.59474e+07
28.7879,17.2727,6.5849e+07
28.7879,17.8788,6.57507e+07
28.7879,18.4848,6.56524e+07
28.7879,19.0909,6.55543e+07
28.7879,19.697,6.54562e+07
28.7879,20.303,6.53581e+07
28.7879,20.9091,6.52602e+07
28.7879,21.5152,6.51623e+07
28.7879,22.1212,6.50645e+07
28.7879,22.7273,6.49667e+07
28.7879,23.3333,6.48691e+07
28.7879,23.9394,6.47715e+07
28.7879,24.5455,6.4674e+07
28.7879,25.1515,6.45765e+07
28.7879,25.7576,6.44792e+07
28.7879,26.3636,6.43819e+07
28.7879,26.9697,6.42846e+07
28.7879,27.5758,6.41875e+07
28.7879,28.1818,6.40904e+07
28.7879,28.7879,6.39934e+07
28.7879,29.3939,6.38965e+07
28.7879,30,6.37996e+07
29.3939,-30,7.99251e+07
29.3939,-29.3939,7.98167e+07
29.3939,-28.7879,7.97085e+07
29.3939,-28.1818,7.96003e+07
29.3939,-27.5758,7.94922e+07
29.3939,-26.9697,7.93842e+07
29.3939,-26.3636,7.92762e+07
29.3939,-25.7576,7.91683e+07
29.3939,-25.1515,7.90605e+07
29.3939,-24.5455,7.89528e+07
29.3939,-23.9394,7.88451e+07
29.3939,-23.3333,7.87375e+07
29.3939,-22.7273,7.863e+07
29.3939,-22.1212,7.85225e+07
29.3939,-21.5152,7.84152e+07
29.3939,-20.9091,7.83079e+07
29.3939,-20.303,7.82006e+07
29.3939,-19.697,7.80935e+07
29.3939,-19.0909,7.79864e+07
29.3939,-18.4848,7.78794e+07
29.3939,-17.8788,7.77725e+07
29.3939,-17.2727,7.76656e+07
29.3939,-16.6667,7.75588e+07
29.3939,-16.0606,7.74521e+07
29.3939,-15.4545,7.73455e+07
29.3939,-14.8485,7.72389e+07
29.3939,-14.2424,7.71324e+07
29.3939,-13.6364,7.7026e+07
29.3939,-13.0303,7.69197e+07
29.3939,-12.4242,7.68134e+07
29.3939,-11.8182,7.67072e+07
29.3939,-11.2121,7.66011e+07
29.3939,-10.6061,7.6495e+07
29.3939,-10,7.6389e+07
29.3939,-9.39394,7.62831e+07
29.3939,-8.78788,7.61773e+07
29.3939,-8.18182,7.60716e+07
29.3939,-7.57576,7.59659e+07
29.3939,-6.9697,7.58603e+07
29.3939,-6.36364,7.57547e+07
29.3939,-5.75758,7.56493e+07
29.3939,-5.15152,7.55439e+07
29.3939,-4.54545,7.54386e+07
29.3939,-3.93939,7.53333e+07
29.3939,-3.33333,7.52282e+07
29.3939,-2.72727,7.51231e+07
29.3939,-2.12121,7.5018e+07
29.3939,-1.51515,7.49131e+07
29.3939,-0.909091,7.48082e+07
29.3939,-0.30303,7.47034e+07
29.3939,0.30303,7.45987e+07
29.3939,0.909091,7.4494e+07
29.3939,1.51515,7.43895e+07
29.3939,2.12121,7.42849e+07
29.3939,2.72727,7.41805e+07
29.3939,3.33333,7.40761e+07
29.3939,3.93939,7.39719e+07
29.3939,4.54545,7.38676e+07
29.3939,5.15152,7.37635e+07
29.3939,5.75758,7.36594e+07
29.3939,6.36364,7.35554e+07
29.3939,6.9697,7.34515e+07
29.3939,7.57576,7.33477e+07
29.3939,8.18182,7.32439e+07
29.3939,8.78788,7.31402e+07
29.3939,9.39394,7.30366e+07
29.3939,10,7.2933e+07
29.3939,10.6061,7.28296e+07
29.3939,11.2121,7.27261e+07
29.3939,11.8182,7.26228e+07
29.3939,12.4242,7.25196e+07
29.3939,13.0303,7.24164e+07
29.3939,13.6364,7.23133e+07
29.3939,14.2424,7.22102e+07
29.3939,14.8485,7.21073e+07
29.3939,15.4545,7.20044e+07
29.3939,16.0606,7.19016e+07
29.3939,16.6667,7.17988e+07
29.3939,17.2727,7.16961e+07
29.3939,17.8788,7.15935e+07
29.3939,18.4848,7.1491e+07
29.3939,19.0909,7.13886e+07
29.3939,19.697,7.12862e+07
29.3939,20.303,7.11839e+07
29.3939,20.9091,7.10817e+07
29.3939,21.5152,7.09795e+07
29.3939,22.1212,7.08774e+07
29.3939,22.7273,7.07754e+07
29.3939,23.3333,7.06735e+07
29.3939,23.9394,7.05716e+07
29.3939,24.5455,7.04698e+07
29.3939,25.1515,7.03681e+07
29.3939,25.7576,7.02665e+07
29.3939,26.3636,7.01649e+07
29.3939,26.9697,7.00634e+07
29.3939,27.5758,6.9962e+07
29.3939,28.1818,6.98606e+07
29.3939,28.7879,6.97593e+07
29.3939,29.3939,6.96581e+07
29.3939,30,6.9557e+07
30,-30,8.64908e+07
30,-29.3939,8.63782e+07
30,-28.7879,8.62655e+07
30,-28.1818,8.6153e+07
30,-27.5758,8.60405e+07
30,-26.9697,8.59281e+07
30,-26.3636,8.58158e+07
30,-25.7576,8.57035e+07
30,-25.1515,8.55914e+07
30,-24.5455,8.54793e+07
30,-23.9394,8.53672e+07
30,-23.3333,8.52553e+07
30,-22.7273,8.51434e+07
30,-22.1212,8.50316e+07
30,-21.5152,8.49199e+07
30,-20.9091,8.48082e+07
30,-20.303,8.46966e+07
30,-19.697,8.45851e+07
30,-19.0909,8.44737e+07
30,-18.4848,8.43623e+07
30,-17.8788,8.4251e+07
30,-17.2727,8.41398e+07
30,-16.6667,8.40286e+07
30,-16.0606,8.39175e+07
30,-15.4545,8.38065e+07
30,-14.8485,8.36956e+07
30,-14.2424,8.35848e+07
30,-13.6364,8.3474e+07
30,-13.0303,8.33633e+07
30,-12.4242,8.32526e+07
30,-11.8182,8.31421e+07
30,-11.2121,8.30316e+07
30,-10.6061,8.29212e+07
30,-10,8.28108e+07
30,-9.39394,8.27006e+07
30,-8.78788,8.25904e+07
30,-8.18182,8.24803e+07
30,-7.57576,8.23702e+07
30,-6.9697,8.22602e+07
30,-6.36364,8.21503e+07
30,-5.75758,8.20405e+07
30,-5.15152,8.19308e+07
30,-4.54545,8.18211e+07
30,-3.93939,8.17115e+07
30,-3.33333,8.1602e+07
30,-2.72727,8.14925e+07
30,-2.12121,8.13831e+07
30,-1.51515,8.12738e+07
30,-0.909091,8.11646e+07
30,-0.30303,8.10554e+07
30,0.30303,8.09463e+07
30,0.909091,8.08373e+07
30,1.51515,8.07283e+07
30,2.12121,8.06195e+07
30,2.72727,8.05107e+07
30,3.33333,8.0402e+07
30,3.93939,8.02933e+07
30,4.54545,8.01847e+07
30,5.15152,8.00762e+07
30,5.75758,7.99678e+07
30,6.36364,7.98594e+07
30,6.9697,7.97512e+07
30,7.57576,7.96429e+07
30,8.18182,7.95348e+07
30,8.78788,7.94267e+07
30,9.39394,7.93188e+07
30,10,7.92108e+07
30,10.6061,7.9103e+07
30,11.2121,7.89952e+07
30,11.8182,7.88875e+07
30,12.4242,7.87799e+07
30,13.0303,7.86724e+07
30,13.6364,7.85649e+07
30,14.2424,7.84575e+07
30,14.8485,7.83502e+07
30,15.4545,7.82429e+07
30,16.0606,7.81357e+07
30,16.6667,7.80286e+07
30,17.2727,7.79216e+07
30,17.8788,7.78146e+07
30,18.4848,7.77077e+07
30,19.0909,7.76009e+07
30,19.697,7.74942e+07
30,20.303,7.73875e+07
30,20.9091,7.72809e+07
30,21.5152,7.71744e+07
30,22.1212,7.7068e+07
30,22.7273,7.69616e+07
30,23.3333,7.68553e+07
30,23.9394,7.67491e+07
30,24.5455,7.66429e+07
30,25.1515,7.65368e+07
30,25.7576,7.64308e+07
30,26.3636,7.63249e+07
30,26.9697,7.6219e+07
30,27.5758,7.61132e+07
30,28.1818,7.60075e+07
30,28.7879,7.59019e+07
30,29.3939,7.57963e+07
30,30,7.56908e+07
