x,y,f
-100,-100,16.0225
-100,-97.9798,14
-100,-95.9596,15.6906
-100,-93.9394,14.4281
-100,-91.9192,14.1143
-100,-89.899,15.4276
-100,-87.8788,13.6125
-100,-85.8586,13.8608
-100,-83.8384,15.0489
-100,-81.8182,13.6482
-100,-79.798,12.8725
-100,-77.7778,14.0591
-100,-75.7576,14.5076
-100,-73.7374,13.4029
-100,-71.7172,12.3722
-100,-69.697,12.4106
-100,-67.6768,13.0857
-100,-65.6566,13.6578
-100,-63.6364,13.8342
-100,-61.6162,13.7124
-100,-59.596,13.4911
-100,-57.5758,13.3116
-100,-55.5556,13.2332
-100,-53.5354,13.2437
-100,-51.5152,13.2466
-100,-49.4949,13.0388
-100,-47.4747,12.3959
-100,-45.4545,11.418
-100,-43.4343,10.9153
-100,-41.4141,11.7387
-100,-39.3939,12.7398
-100,-37.3737,11.6393
-100,-35.3535,10.6898
-100,-33.3333,12.3827
-100,-31.3131,11.2427
-100,-29.2929,11.1237
-100,-27.2727,11.9412
-100,-25.2525,10.6725
-100,-23.2323,11.7849
-100,-21.2121,11.0662
-100,-19.1919,10.7285
-100,-17.1717,12.1204
-100,-15.1515,10.4832
-100,-13.1313,10.4558
-100,-11.1111,11.81
-100,-9.09091,11.8935
-100,-7.07071,11.0228
-100,-5.05051,10.3166
-100,-3.0303,10.0459
-100,-1.0101,10.001
-100,1.0101,10.001
-100,3.0303,10.0459
-100,5.05051,10.3166
-100,7.07071,11.0228
-100,9.09091,11.8935
-100,11.1111,11.81
-100,13.1313,10.4558
-100,15.1515,10.4832
-100,17.1717,12.1204
-100,19.1919,10.7285
-100,21.2121,11.0662
-100,23.2323,11.7849
-100,25.2525,10.6725
-100,27.2727,11.9412
-100,29.2929,11.1237
-100,31.3131,11.2427
-100,33.3333,12.3827
-100,35.3535,10.6898
-100,37.3737,11.6393
-100,39.3939,12.7398
-100,41.4141,11.7387
-100,43.4343,10.9153
-100,45.4545,11.418
-100,47.4747,12.3959
-100,49.4949,13.0388
-100,51.5152,13.2466
-100,53.5354,13.2437
-100,55.5556,13.2332
-100,57.5758,13.3116
-100,59.596,13.4911
-100,61.6162,13.7124
-100,63.6364,13.8342
-100,65.6566,13.6578
-100,67.6768,13.0857
-100,69.697,12.4106
-100,71.7172,12.3722
-100,73.7374,13.4029
-100,75.7576,14.5076
-100,77.7778,14.0591
-100,79.798,12.8725
-100,81.8182,13.6482
-100,83.8384,15.0489
-100,85.8586,13.8608
-100,87.8788,13.6125
-100,89.899,15.4276
-100,91.9192,14.1143
-100,93.9394,14.4281
-100,95.9596,15.6906
-100,97.9798,14
-100,100,16.0225
-97.9798,-100,14
-97.9798,-97.9798,15.7758
-97.9798,-95.9596,14.093
-97.9798,-93.9394,14.6526
-97.9798,-91.9192,15.0083
-97.9798,-89.899,13.3115
-97.9798,-87.8788,14.9083
-97.9798,-85.8586,14.1879
-97.9798,-83.8384,12.9383
-97.9798,-81.8182,14.358
-97.9798,-79.798,14.291
-97.9798,-77.7778,12.6922
-97.9798,-75.7576,12.7886
-97.9798,-73.7374,13.9634
-97.9798,-71.7172,14.0256
-97.9798,-69.697,12.9626
-97.9798,-67.6768,12.0335
-97.9798,-65.6566,11.8553
-97.9798,-63.6364,12.1925
-97.9798,-61.6162,12.6143
-97.9798,-59.596,12.8885
-97.9798,-57.5758,12.9812
-97.9798,-55.5556,12.9285
-97.9798,-53.5354,12.7449
-97.9798,-51.5152,12.3959
-97.9798,-49.4949,11.8422
-97.9798,-47.4747,11.1779
-97.9798,-45.4545,10.803
-97.9798,-43.4343,11.2662
-97.9798,-41.4141,12.3345
-97.9798,-39.3939,12.3593
-97.9798,-37.3737,10.8215
-97.9798,-35.3535,10.896
-97.9798,-33.3333,12.3489
-97.9798,-31.3131,10.64
-97.9798,-29.2929,11.3202
-97.9798,-27.2727,11.4514
-97.9798,-25.2525,10.7019
-97.9798,-23.2323,11.3996
-97.9798,-21.2121,11.0228
-97.9798,-19.1919,10.4392
-97.9798,-17.1717,11.9331
-97.9798,-15.1515,10.2985
-97.9798,-13.1313,10.2686
-97.9798,-11.1111,11.64
-97.9798,-9.09091,11.6514
-97.9798,-7.07071,10.7268
-97.9798,-5.05051,10.04
-97.9798,-3.0303,9.81665
-97.9798,-1.0101,9.80294
-97.9798,1.0101,9.80294
-97.9798,3.0303,9.81665
-97.9798,5.05051,10.04
-97.9798,7.07071,10.7268
-97.9798,9.09091,11.6514
-97.9798,11.1111,11.64
-97.9798,13.1313,10.2686
-97.9798,15.1515,10.2985
-97.9798,17.1717,11.9331
-97.9798,19.1919,10.4392
-97.9798,21.2121,11.0228
-97.9798,23.2323,11.3996
-97.9798,25.2525,10.7019
-97.9798,27.2727,11.4514
-97.9798,29.2929,11.3202
-97.9798,31.3131,10.64
-97.9798,33.3333,12.3489
-97.9798,35.3535,10.896
-97.9798,37.3737,10.8215
-97.9798,39.3939,12.3593
-97.9798,41.4141,12.3345
-97.9798,43.4343,11.2662
-97.9798,45.4545,10.803
-97.9798,47.4747,11.1779
-97.9798,49.4949,11.8422
-97.9798,51.5152,12.3959
-97.9798,53.5354,12.7449
-97.9798,55.5556,12.9285
-97.9798,57.5758,12.9812
-97.9798,59.596,12.8885
-97.9798,61.6162,12.6143
-97.9798,63.6364,12.1925
-97.9798,65.6566,11.8553
-97.9798,67.6768,12.0335
-97.9798,69.697,12.9626
-97.9798,71.7172,14.0256
-97.9798,73.7374,13.9634
-97.9798,75.7576,12.7886
-97.9798,77.7778,12.6922
-97.9798,79.798,14.291
-97.9798,81.8182,14.358
-97.9798,83.8384,12.9383
-97.9798,85.8586,14.1879
-97.9798,87.8788,14.9083
-97.9798,89.899,13.3115
-97.9798,91.9192,15.0083
-97.9798,93.9394,14.6526
-97.9798,95.9596,14.093
-97.9798,97.9798,15.7758
-97.9798,100,14
-95.9596,-100,15.6906
-95.9596,-97.9798,14.093
-95.9596,-95.9596,14.8354
-95.9596,-93.9394,14.6557
-95.9596,-91.9192,13.5545
-95.9596,-89.899,15.1478
-95.9596,-87.8788,13.2782
-95.9596,-85.8586,13.794
-95.9596,-83.8384,14.6334
-95.9596,-81.8182,12.8202
-95.9596,-79.798,13.1494
-95.9596,-77.7778,14.3428
-95.9596,-75.7576,13.2874
-95.9596,-73.7374,12.1085
-95.9596,-71.7172,12.6819
-95.9596,-69.697,13.6697
-95.9596,-67.6768,13.6304
-95.9596,-65.6566,12.7609
-95.9596,-63.6364,11.8898
-95.9596,-61.6162,11.4331
-95.9596,-59.596,11.3277
-95.9596,-57.5758,11.3561
-95.9596,-55.5556,11.3536
-95.9596,-53.5354,11.2465
-95.9596,-51.5152,11.0368
-95.9596,-49.4949,10.8124
-95.9596,-47.4747,10.7791
-95.9596,-45.4545,11.1968
-95.9596,-43.4343,12.0248
-95.9596,-41.4141,12.4471
-95.9596,-39.3939,11.492
-95.9596,-37.3737,10.3054
-95.9596,-35.3535,11.3202
-95.9596,-33.3333,12.0216
-95.9596,-31.3131,10.1656
-95.9596,-29.2929,11.5206
-95.9596,-27.2727,10.9136
-95.9596,-25.2525,10.7767
-95.9596,-23.2323,10.9868
-95.9596,-21.2121,10.9911
-95.9596,-19.1919,10.1487
-95.9596,-17.1717,11.7433
-95.9596,-15.1515,10.119
-95.9596,-13.1313,10.078
-95.9596,-11.1111,11.4664
-95.9596,-9.09091,11.4065
-95.9596,-7.07071,10.433
-95.9596,-5.05051,9.77313
-95.9596,-3.0303,9.60183
-95.9596,-1.0101,9.6207
-95.9596,1.0101,9.6207
-95.9596,3.0303,9.60183
-95.9596,5.05051,9.77313
-95.9596,7.07071,10.433
-95.9596,9.09091,11.4065
-95.9596,11.1111,11.4664
-95.9596,13.1313,10.078
-95.9596,15.1515,10.119
-95.9596,17.1717,11.7433
-95.9596,19.1919,10.1487
-95.9596,21.2121,10.9911
-95.9596,23.2323,10.9868
-95.9596,25.2525,10.7767
-95.9596,27.2727,10.9136
-95.9596,29.2929,11.5206
-95.9596,31.3131,10.1656
-95.9596,33.3333,12.0216
-95.9596,35.3535,11.3202
-95.9596,37.3737,10.3054
-95.9596,39.3939,11.492
-95.9596,41.4141,12.4471
-95.9596,43.4343,12.0248
-95.9596,45.4545,11.1968
-95.9596,47.4747,10.7791
-95.9596,49.4949,10.8124
-95.9596,51.5152,11.0368
-95.9596,53.5354,11.2465
-95.9596,55.5556,11.3536
-95.9596,57.5758,11.3561
-95.9596,59.596,11.3277
-95.9596,61.6162,11.4331
-95.9596,63.6364,11.8898
-95.9596,65.6566,12.7609
-95.9596,67.6768,13.6304
-95.9596,69.697,13.6697
-95.9596,71.7172,12.6819
-95.9596,73.7374,12.1085
-95.9596,75.7576,13.2874
-95.9596,77.7778,14.3428
-95.9596,79.798,13.1494
-95.9596,81.8182,12.8202
-95.9596,83.8384,14.6334
-95.9596,85.8586,13.794
-95.9596,87.8788,13.2782
-95.9596,89.899,15.1478
-95.9596,91.9192,13.5545
-95.9596,93.9394,14.6557
-95.9596,95.9596,14.8354
-95.9596,97.9798,14.093
-95.9596,100,15.6906
-93.9394,-100,14.4281
-93.9394,-97.9798,14.6526
-93.9394,-95.9596,14.6557
-93.9394,-93.9394,13.6954
-93.9394,-91.9192,15.0468
-93.9394,-89.899,13.0146
-93.9394,-87.8788,14.5189
-93.9394,-85.8586,13.8188
-93.9394,-83.8384,12.7447
-93.9394,-81.8182,14.3497
-93.9394,-79.798,13.3707
-93.9394,-77.7778,12.2289
-93.9394,-75.7576,13.4901
-93.9394,-73.7374,13.827
-93.9394,-71.7172,12.428
-93.9394,-69.697,11.7134
-93.9394,-67.6768,12.3973
-93.9394,-65.6566,13.2325
-93.9394,-63.6364,13.3217
-93.9394,-61.6162,12.791
-93.9394,-59.596,12.1171
-93.9394,-57.5758,11.5908
-93.9394,-55.5556,11.2651
-93.9394,-53.5354,11.0976
-93.9394,-51.5152,11.0638
-93.9394,-49.4949,11.1968
-93.9394,-47.4747,11.5523
-93.9394,-45.4545,12.0667
-93.9394,-43.4343,12.3489
-93.9394,-41.4141,11.7849
-93.9394,-39.3939,10.5249
-93.9394,-37.3737,10.3047
-93.9394,-35.3535,11.7296
-93.9394,-33.3333,11.4044
-93.9394,-31.3131,9.91062
-93.9394,-29.2929,11.6514
-93.9394,-27.2727,10.366
-93.9394,-25.2525,10.8799
-93.9394,-23.2323,10.5543
-93.9394,-21.2121,10.9665
-93.9394,-19.1919,9.8598
-93.9394,-17.1717,11.5493
-93.9394,-15.1515,9.94521
-93.9394,-13.1313,9.88368
-93.9394,-11.1111,11.2892
-93.9394,-9.09091,11.1592
-93.9394,-7.07071,10.1422
-93.9394,-5.05051,9.51668
-93.9394,-3.0303,9.40155
-93.9394,-1.0101,9.45398
-93.9394,1.0101,9.45398
-93.9394,3.0303,9.40155
-93.9394,5.05051,9.51668
-93.9394,7.07071,10.1422
-93.9394,9.09091,11.1592
-93.9394,11.1111,11.2892
-93.9394,13.1313,9.88368
-93.9394,15.1515,9.94521
-93.9394,17.1717,11.5493
-93.9394,19.1919,9.8598
-93.9394,21.2121,10.9665
-93.9394,23.2323,10.5543
-93.9394,25.2525,10.8799
-93.9394,27.2727,10.366
-93.9394,29.2929,11.6514
-93.9394,31.3131,9.91062
-93.9394,33.3333,11.4044
-93.9394,35.3535,11.7296
-93.9394,37.3737,10.3047
-93.9394,39.3939,10.5249
-93.9394,41.4141,11.7849
-93.9394,43.4343,12.3489
-93.9394,45.4545,12.0667
-93.9394,47.4747,11.5523
-93.9394,49.4949,11.1968
-93.9394,51.5152,11.0638
-93.9394,53.5354,11.0976
-93.9394,55.5556,11.2651
-93.9394,57.5758,11.5908
-93.9394,59.596,12.1171
-93.9394,61.6162,12.791
-93.9394,63.6364,13.3217
-93.9394,65.6566,13.2325
-93.9394,67.6768,12.3973
-93.9394,69.697,11.7134
-93.9394,71.7172,12.428
-93.9394,73.7374,13.827
-93.9394,75.7576,13.4901
-93.9394,77.7778,12.2289
-93.9394,79.798,13.3707
-93.9394,81.8182,14.3497
-93.9394,83.8384,12.7447
-93.9394,85.8586,13.8188
-93.9394,87.8788,14.5189
-93.9394,89.899,13.0146
-93.9394,91.9192,15.0468
-93.9394,93.9394,13.6954
-93.9394,95.9596,14.6557
-93.9394,97.9798,14.6526
-93.9394,100,14.4281
-91.9192,-100,14.1143
-91.9192,-97.9798,15.0083
-91.9192,-95.9596,13.5545
-91.9192,-93.9394,15.0468
-91.9192,-91.9192,13.0002
-91.9192,-89.899,14.7545
-91.9192,-87.8788,13.2267
-91.9192,-85.8586,13.3852
-91.9192,-83.8384,14.2876
-91.9192,-81.8182,12.3722
-91.9192,-79.798,13.3319
-91.9192,-77.7778,13.8846
-91.9192,-75.7576,12.1608
-91.9192,-73.7374,12.2466
-91.9192,-71.7172,13.5135
-91.9192,-69.697,13.1491
-91.9192,-67.6768,11.8061
-91.9192,-65.6566,11.3277
-91.9192,-63.6364,11.8846
-91.9192,-61.6162,12.6006
-91.9192,-59.596,12.9092
-91.9192,-57.5758,12.8186
-91.9192,-55.5556,12.5629
-91.9192,-53.5354,12.3345
-91.9192,-51.5152,12.224
-91.9192,-49.4949,12.2404
-91.9192,-47.4747,12.3063
-91.9192,-45.4545,12.2166
-91.9192,-43.4343,11.6779
-91.9192,-41.4141,10.6674
-91.9192,-39.3939,10.001
-91.9192,-37.3737,10.7767
-91.9192,-35.3535,11.843
-91.9192,-33.3333,10.6118
-91.9192,-31.3131,9.92585
-91.9192,-29.2929,11.634
-91.9192,-27.2727,9.8598
-91.9192,-25.2525,10.9857
-91.9192,-23.2323,10.1146
-91.9192,-21.2121,10.9425
-91.9192,-19.1919,9.57608
-91.9192,-17.1717,11.3492
-91.9192,-15.1515,9.77787
-91.9192,-13.1313,9.68529
-91.9192,-11.1111,11.1088
-91.9192,-9.09091,10.9105
-91.9192,-7.07071,9.85528
-91.9192,-5.05051,9.27109
-91.9192,-3.0303,9.21567
-91.9192,-1.0101,9.30221
-91.9192,1.0101,9.30221
-91.9192,3.0303,9.21567
-91.9192,5.05051,9.27109
-91.9192,7.07071,9.85528
-91.9192,9.09091,10.9105
-91.9192,11.1111,11.1088
-91.9192,13.1313,9.68529
-91.9192,15.1515,9.77787
-91.9192,17.1717,11.3492
-91.9192,19.1919,9.57608
-91.9192,21.2121,10.9425
-91.9192,23.2323,10.1146
-91.9192,25.2525,10.9857
-91.9192,27.2727,9.8598
-91.9192,29.2929,11.634
-91.9192,31.3131,9.92585
-91.9192,33.3333,10.6118
-91.9192,35.3535,11.843
-91.9192,37.3737,10.7767
-91.9192,39.3939,10.001
-91.9192,41.4141,10.6674
-91.9192,43.4343,11.6779
-91.9192,45.4545,12.2166
-91.9192,47.4747,12.3063
-91.9192,49.4949,12.2404
-91.9192,51.5152,12.224
-91.9192,53.5354,12.3345
-91.9192,55.5556,12.5629
-91.9192,57.5758,12.8186
-91.9192,59.596,12.9092
-91.9192,61.6162,12.6006
-91.9192,63.6364,11.8846
-91.9192,65.6566,11.3277
-91.9192,67.6768,11.8061
-91.9192,69.697,13.1491
-91.9192,71.7172,13.5135
-91.9192,73.7374,12.2466
-91.9192,75.7576,12.1608
-91.9192,77.7778,13.8846
-91.9192,79.798,13.3319
-91.9192,81.8182,12.3722
-91.9192,83.8384,14.2876
-91.9192,85.8586,13.3852
-91.9192,87.8788,13.2267
-91.9192,89.899,14.7545
-91.9192,91.9192,13.0002
-91.9192,93.9394,15.0468
-91.9192,95.9596,13.5545
-91.9192,97.9798,15.0083
-91.9192,100,14.1143
-89.899,-100,15.4276
-89.899,-97.9798,13.3115
-89.899,-95.9596,15.1478
-89.899,-93.9394,13.0146
-89.899,-91.9192,14.7545
-89.899,-89.899,13.0588
-89.899,-87.8788,13.7837
-89.899,-85.8586,13.8122
-89.899,-83.8384,12.3998
-89.899,-81.8182,14.0928
-89.899,-79.798,12.7493
-89.899,-77.7778,12.1814
-89.899,-75.7576,13.6792
-89.899,-73.7374,12.7609
-89.899,-71.7172,11.5001
-89.899,-69.697,12.3632
-89.899,-67.6768,13.2398
-89.899,-65.6566,12.57
-89.899,-63.6364,11.39
-89.899,-61.6162,10.9016
-89.899,-59.596,11.1546
-89.899,-57.5758,11.6393
-89.899,-55.5556,11.9942
-89.899,-53.5354,12.1384
-89.899,-51.5152,12.1199
-89.899,-49.4949,11.9762
-89.899,-47.4747,11.6779
-89.899,-45.4545,11.1553
-89.899,-43.4343,10.4392
-89.899,-41.4141,9.90617
-89.899,-39.3939,10.2349
-89.899,-37.3737,11.3646
-89.899,-35.3535,11.4664
-89.899,-33.3333,9.8598
-89.899,-31.3131,10.1887
-89.899,-29.2929,11.4041
-89.899,-27.2727,9.45398
-89.899,-25.2525,11.0597
-89.899,-23.2323,9.68529
-89.899,-21.2121,10.9105
-89.899,-19.1919,9.30221
-89.899,-17.1717,11.1408
-89.899,-15.1515,9.61775
-89.899,-13.1313,9.48258
-89.899,-11.1111,10.9253
-89.899,-9.09091,10.6609
-89.899,-7.07071,9.57278
-89.899,-5.05051,9.03667
-89.899,-3.0303,9.04386
-89.899,-1.0101,9.16457
-89.899,1.0101,9.16457
-89.899,3.0303,9.04386
-89.899,5.05051,9.03667
-89.899,7.07071,9.57278
-89.899,9.09091,10.6609
-89.899,11.1111,10.9253
-89.899,13.1313,9.48258
-89.899,15.1515,9.61775
-89.899,17.1717,11.1408
-89.899,19.1919,9.30221
-89.899,21.2121,10.9105
-89.899,23.2323,9.68529
-89.899,25.2525,11.0597
-89.899,27.2727,9.45398
-89.899,29.2929,11.4041
-89.899,31.3131,10.1887
-89.899,33.3333,9.8598
-89.899,35.3535,11.4664
-89.899,37.3737,11.3646
-89.899,39.3939,10.2349
-89.899,41.4141,9.90617
-89.899,43.4343,10.4392
-89.899,45.4545,11.1553
-89.899,47.4747,11.6779
-89.899,49.4949,11.9762
-89.899,51.5152,12.1199
-89.899,53.5354,12.1384
-89.899,55.5556,11.9942
-89.899,57.5758,11.6393
-89.899,59.596,11.1546
-89.899,61.6162,10.9016
-89.899,63.6364,11.39
-89.899,65.6566,12.57
-89.899,67.6768,13.2398
-89.899,69.697,12.3632
-89.899,71.7172,11.5001
-89.899,73.7374,12.7609
-89.899,75.7576,13.6792
-89.899,77.7778,12.1814
-89.899,79.798,12.7493
-89.899,81.8182,14.0928
-89.899,83.8384,12.3998
-89.899,85.8586,13.8122
-89.899,87.8788,13.7837
-89.899,89.899,13.0588
-89.899,91.9192,14.7545
-89.899,93.9394,13.0146
-89.899,95.9596,15.1478
-89.899,97.9798,13.3115
-89.899,100,15.4276
-87.8788,-100,13.6125
-87.8788,-97.9798,14.9083
-87.8788,-95.9596,13.2782
-87.8788,-93.9394,14.5189
-87.8788,-91.9192,13.2267
-87.8788,-89.899,13.7837
-87.8788,-87.8788,13.6115
-87.8788,-85.8586,12.6525
-87.8788,-83.8384,14.1076
-87.8788,-81.8182,12.1032
-87.8788,-79.798,13.1614
-87.8788,-77.7778,13.3456
-87.8788,-75.7576,11.6152
-87.8788,-73.7374,12.6804
-87.8788,-71.7172,13.2437
-87.8788,-69.697,11.6919
-87.8788,-67.6768,11.2213
-87.8788,-65.6566,12.2957
-87.8788,-63.6364,12.85
-87.8788,-61.6162,12.2017
-87.8788,-59.596,11.1968
-87.8788,-57.5758,10.5767
-87.8788,-55.5556,10.4183
-87.8788,-53.5354,10.4757
-87.8788,-51.5152,10.5249
-87.8788,-49.4949,10.4558
-87.8788,-47.4747,10.2482
-87.8788,-45.4545,9.96793
-87.8788,-43.4343,9.81665
-87.8788,-41.4141,10.119
-87.8788,-39.3939,10.9665
-87.8788,-37.3737,11.5493
-87.8788,-35.3535,10.6377
-87.8788,-33.3333,9.40155
-87.8788,-31.3131,10.5833
-87.8788,-29.2929,10.9368
-87.8788,-27.2727,9.20494
-87.8788,-25.2525,11.0614
-87.8788,-23.2323,9.28872
-87.8788,-21.2121,10.8589
-87.8788,-19.1919,9.04386
-87.8788,-17.1717,10.9214
-87.8788,-15.1515,9.46572
-87.8788,-13.1313,9.27529
-87.8788,-11.1111,10.7389
-87.8788,-9.09091,10.4111
-87.8788,-7.07071,9.2953
-87.8788,-5.05051,8.81354
-87.8788,-3.0303,8.88557
-87.8788,-1.0101,9.04004
-87.8788,1.0101,9.04004
-87.8788,3.0303,8.88557
-87.8788,5.05051,8.81354
-87.8788,7.07071,9.2953
-87.8788,9.09091,10.4111
-87.8788,11.1111,10.7389
-87.8788,13.1313,9.27529
-87.8788,15.1515,9.46572
-87.8788,17.1717,10.9214
-87.8788,19.1919,9.04386
-87.8788,21.2121,10.8589
-87.8788,23.2323,9.28872
-87.8788,25.2525,11.0614
-87.8788,27.2727,9.20494
-87.8788,29.2929,10.9368
-87.8788,31.3131,10.5833
-87.8788,33.3333,9.40155
-87.8788,35.3535,10.6377
-87.8788,37.3737,11.5493
-87.8788,39.3939,10.9665
-87.8788,41.4141,10.119
-87.8788,43.4343,9.81665
-87.8788,45.4545,9.96793
-87.8788,47.4747,10.2482
-87.8788,49.4949,10.4558
-87.8788,51.5152,10.5249
-87.8788,53.5354,10.4757
-87.8788,55.5556,10.4183
-87.8788,57.5758,10.5767
-87.8788,59.596,11.1968
-87.8788,61.6162,12.2017
-87.8788,63.6364,12.85
-87.8788,65.6566,12.2957
-87.8788,67.6768,11.2213
-87.8788,69.697,11.6919
-87.8788,71.7172,13.2437
-87.8788,73.7374,12.6804
-87.8788,75.7576,11.6152
-87.8788,77.7778,13.3456
-87.8788,79.798,13.1614
-87.8788,81.8182,12.1032
-87.8788,83.8384,14.1076
-87.8788,85.8586,12.6525
-87.8788,87.8788,13.6115
-87.8788,89.899,13.7837
-87.8788,91.9192,13.2267
-87.8788,93.9394,14.5189
-87.8788,95.9596,13.2782
-87.8788,97.9798,14.9083
-87.8788,100,13.6125
-85.8586,-100,13.8608
-85.8586,-97.9798,14.1879
-85.8586,-95.9596,13.794
-85.8586,-93.9394,13.8188
-85.8586,-91.9192,13.3852
-85.8586,-89.899,13.8122
-85.8586,-87.8788,12.6525
-85.8586,-85.8586,14.0256
-85.8586,-83.8384,12.0003
-85.8586,-81.8182,13.6697
-85.8586,-79.798,12.5049
-85.8586,-77.7778,12.0003
-85.8586,-75.7576,13.4501
-85.8586,-73.7374,11.8715
-85.8586,-71.7172,11.4994
-85.8586,-69.697,12.9147
-85.8586,-67.6768,12.3835
-85.8586,-65.6566,10.9495
-85.8586,-63.6364,11.0006
-85.8586,-61.6162,11.9942
-85.8586,-59.596,12.4471
-85.8586,-57.5758,12.0506
-85.8586,-55.5556,11.3202
-85.8586,-53.5354,10.7019
-85.8586,-51.5152,10.3166
-85.8586,-49.4949,10.1133
-85.8586,-47.4747,10.04
-85.8586,-45.4545,10.119
-85.8586,-43.4343,10.433
-85.8586,-41.4141,10.9857
-85.8586,-39.3939,11.422
-85.8586,-37.3737,11.0003
-85.8586,-35.3535,9.68529
-85.8586,-33.3333,9.40925
-85.8586,-31.3131,10.9112
-85.8586,-29.2929,10.2709
-85.8586,-27.2727,9.15128
-85.8586,-25.2525,10.9491
-85.8586,-23.2323,8.95109
-85.8586,-21.2121,10.774
-85.8586,-19.1919,8.80779
-85.8586,-17.1717,10.6881
-85.8586,-15.1515,9.32273
-85.8586,-13.1313,9.0632
-85.8586,-11.1111,10.5497
-85.8586,-9.09091,10.1618
-85.8586,-7.07071,9.02329
-85.8586,-5.05051,8.60167
-85.8586,-3.0303,8.74006
-85.8586,-1.0101,8.92737
-85.8586,1.0101,8.92737
-85.8586,3.0303,8.74006
-85.8586,5.05051,8.60167
-85.8586,7.07071,9.02329
-85.8586,9.09091,10.1618
-85.8586,11.1111,10.5497
-85.8586,13.1313,9.0632
-85.8586,15.1515,9.32273
-85.8586,17.1717,10.6881
-85.8586,19.1919,8.80779
-85.8586,21.2121,10.774
-85.8586,23.2323,8.95109
-85.8586,25.2525,10.9491
-85.8586,27.2727,9.15128
-85.8586,29.2929,10.2709
-85.8586,31.3131,10.9112
-85.8586,33.3333,9.40925
-85.8586,35.3535,9.68529
-85.8586,37.3737,11.0003
-85.8586,39.3939,11.422
-85.8586,41.4141,10.9857
-85.8586,43.4343,10.433
-85.8586,45.4545,10.119
-85.8586,47.4747,10.04
-85.8586,49.4949,10.1133
-85.8586,51.5152,10.3166
-85.8586,53.5354,10.7019
-85.8586,55.5556,11.3202
-85.8586,57.5758,12.0506
-85.8586,59.596,12.4471
-85.8586,61.6162,11.9942
-85.8586,63.6364,11.0006
-85.8586,65.6566,10.9495
-85.8586,67.6768,12.3835
-85.8586,69.697,12.9147
-85.8586,71.7172,11.4994
-85.8586,73.7374,11.8715
-85.8586,75.7576,13.4501
-85.8586,77.7778,12.0003
-85.8586,79.798,12.5049
-85.8586,81.8182,13.6697
-85.8586,83.8384,12.0003
-85.8586,85.8586,14.0256
-85.8586,87.8788,12.6525
-85.8586,89.899,13.8122
-85.8586,91.9192,13.3852
-85.8586,93.9394,13.8188
-85.8586,95.9596,13.794
-85.8586,97.9798,14.1879
-85.8586,100,13.8608
-83.8384,-100,15.0489
-83.8384,-97.9798,12.9383
-83.8384,-95.9596,14.6334
-83.8384,-93.9394,12.7447
-83.8384,-91.9192,14.2876
-83.8384,-89.899,12.3998
-83.8384,-87.8788,14.1076
-83.8384,-85.8586,12.0003
-83.8384,-83.8384,13.7733
-83.8384,-81.8182,12.1046
-83.8384,-79.798,12.6143
-83.8384,-77.7778,13.0745
-83.8384,-75.7576,11.2999
-83.8384,-73.7374,12.7449
-83.8384,-71.7172,12.5025
-83.8384,-69.697,10.9153
-83.8384,-67.6768,11.8049
-83.8384,-65.6566,12.6459
-83.8384,-63.6364,11.5523
-83.8384,-61.6162,10.4448
-83.8384,-59.596,10.64
-83.8384,-57.5758,11.4514
-83.8384,-55.5556,11.949
-83.8384,-53.5354,11.9331
-83.8384,-51.5152,11.6514
-83.8384,-49.4949,11.3646
-83.8384,-47.4747,11.2066
-83.8384,-45.4545,11.2105
-83.8384,-43.4343,11.3229
-83.8384,-41.4141,11.3492
-83.8384,-39.3939,10.9368
-83.8384,-37.3737,9.92162
-83.8384,-35.3535,9.10179
-83.8384,-33.3333,9.84636
-83.8384,-31.3131,10.9491
-83.8384,-29.2929,9.52148
-83.8384,-27.2727,9.2953
-83.8384,-25.2525,10.6881
-83.8384,-23.2323,8.69988
-83.8384,-21.2121,10.6403
-83.8384,-19.1919,8.60167
-83.8384,-17.1717,10.4376
-83.8384,-15.1515,9.18977
-83.8384,-13.1313,8.84617
-83.8384,-11.1111,10.358
-83.8384,-9.09091,9.91377
-83.8384,-7.07071,8.7571
-83.8384,-5.05051,8.40087
-83.8384,-3.0303,8.60641
-83.8384,-1.0101,8.82513
-83.8384,1.0101,8.82513
-83.8384,3.0303,8.60641
-83.8384,5.05051,8.40087
-83.8384,7.07071,8.7571
-83.8384,9.09091,9.91377
-83.8384,11.1111,10.358
-83.8384,13.1313,8.84617
-83.8384,15.1515,9.18977
-83.8384,17.1717,10.4376
-83.8384,19.1919,8.60167
-83.8384,21.2121,10.6403
-83.8384,23.2323,8.69988
-83.8384,25.2525,10.6881
-83.8384,27.2727,9.2953
-83.8384,29.2929,9.52148
-83.8384,31.3131,10.9491
-83.8384,33.3333,9.84636
-83.8384,35.3535,9.10179
-83.8384,37.3737,9.92162
-83.8384,39.3939,10.9368
-83.8384,41.4141,11.3492
-83.8384,43.4343,11.3229
-83.8384,45.4545,11.2105
-83.8384,47.4747,11.2066
-83.8384,49.4949,11.3646
-83.8384,51.5152,11.6514
-83.8384,53.5354,11.9331
-83.8384,55.5556,11.949
-83.8384,57.5758,11.4514
-83.8384,59.596,10.64
-83.8384,61.6162,10.4448
-83.8384,63.6364,11.5523
-83.8384,65.6566,12.6459
-83.8384,67.6768,11.8049
-83.8384,69.697,10.9153
-83.8384,71.7172,12.5025
-83.8384,73.7374,12.7449
-83.8384,75.7576,11.2999
-83.8384,77.7778,13.0745
-83.8384,79.798,12.6143
-83.8384,81.8182,12.1046
-83.8384,83.8384,13.7733
-83.8384,85.8586,12.0003
-83.8384,87.8788,14.1076
-83.8384,89.899,12.3998
-83.8384,91.9192,14.2876
-83.8384,93.9394,12.7447
-83.8384,95.9596,14.6334
-83.8384,97.9798,12.9383
-83.8384,100,15.0489
-81.8182,-100,13.6482
-81.8182,-97.9798,14.358
-81.8182,-95.9596,12.8202
-81.8182,-93.9394,14.3497
-81.8182,-91.9192,12.3722
-81.8182,-89.899,14.0928
-81.8182,-87.8788,12.1032
-81.8182,-85.8586,13.6697
-81.8182,-83.8384,12.1046
-81.8182,-81.8182,12.8294
-81.8182,-79.798,12.6703
-81.8182,-77.7778,11.5282
-81.8182,-75.7576,13.15
-81.8182,-73.7374,11.39
-81.8182,-71.7172,11.5675
-81.8182,-69.697,12.7398
-81.8182,-67.6768,11.1968
-81.8182,-65.6566,10.6644
-81.8182,-63.6364,11.9412
-81.8182,-61.6162,12.1319
-81.8182,-59.596,10.9472
-81.8182,-57.5758,10.0459
-81.8182,-55.5556,10.0916
-81.8182,-53.5354,10.6118
-81.8182,-51.5152,11.0646
-81.8182,-49.4949,11.2736
-81.8182,-47.4747,11.2892
-81.8182,-45.4545,11.1809
-81.8182,-43.4343,10.9368
-81.8182,-41.4141,10.4644
-81.8182,-39.3939,9.72425
-81.8182,-37.3737,9.04386
-81.8182,-35.3535,9.22663
-81.8182,-33.3333,10.4111
-81.8182,-31.3131,10.5487
-81.8182,-29.2929,8.86716
-81.8182,-27.2727,9.5863
-81.8182,-25.2525,10.2629
-81.8182,-23.2323,8.55952
-81.8182,-21.2121,10.4417
-81.8182,-19.1919,8.43369
-81.8182,-17.1717,10.1664
-81.8182,-15.1515,9.06782
-81.8182,-13.1313,8.62413
-81.8182,-11.1111,10.1639
-81.8182,-9.09091,9.66749
-81.8182,-7.07071,8.49698
-81.8182,-5.05051,8.21079
-81.8182,-3.0303,8.48353
-81.8182,-1.0101,8.73172
-81.8182,1.0101,8.73172
-81.8182,3.0303,8.48353
-81.8182,5.05051,8.21079
-81.8182,7.07071,8.49698
-81.8182,9.09091,9.66749
-81.8182,11.1111,10.1639
-81.8182,13.1313,8.62413
-81.8182,15.1515,9.06782
-81.8182,17.1717,10.1664
-81.8182,19.1919,8.43369
-81.8182,21.2121,10.4417
-81.8182,23.2323,8.55952
-81.8182,25.2525,10.2629
-81.8182,27.2727,9.5863
-81.8182,29.2929,8.86716
-81.8182,31.3131,10.5487
-81.8182,33.3333,10.4111
-81.8182,35.3535,9.22663
-81.8182,37.3737,9.04386
-81.8182,39.3939,9.72425
-81.8182,41.4141,10.4644
-81.8182,43.4343,10.9368
-81.8182,45.4545,11.1809
-81.8182,47.4747,11.2892
-81.8182,49.4949,11.2736
-81.8182,51.5152,11.0646
-81.8182,53.5354,10.6118
-81.8182,55.5556,10.0916
-81.8182,57.5758,10.0459
-81.8182,59.596,10.9472
-81.8182,61.6162,12.1319
-81.8182,63.6364,11.9412
-81.8182,65.6566,10.6644
-81.8182,67.6768,11.1968
-81.8182,69.697,12.7398
-81.8182,71.7172,11.5675
-81.8182,73.7374,11.39
-81.8182,75.7576,13.15
-81.8182,77.7778,11.5282
-81.8182,79.798,12.6703
-81.8182,81.8182,12.8294
-81.8182,83.8384,12.1046
-81.8182,85.8586,13.6697
-81.8182,87.8788,12.1032
-81.8182,89.899,14.0928
-81.8182,91.9192,12.3722
-81.8182,93.9394,14.3497
-81.8182,95.9596,12.8202
-81.8182,97.9798,14.358
-81.8182,100,13.6482
-79.798,-100,12.8725
-79.798,-97.9798,14.291
-79.798,-95.9596,13.1494
-79.798,-93.9394,13.3707
-79.798,-91.9192,13.3319
-79.798,-89.899,12.7493
-79.798,-87.8788,13.1614
-79.798,-85.8586,12.5049
-79.798,-83.8384,12.6143
-79.798,-81.8182,12.6703
-79.798,-79.798,11.6903
-79.798,-77.7778,13.0534
-79.798,-75.7576,11.0227
-79.798,-73.7374,12.4506
-79.798,-71.7172,11.9756
-79.798,-69.697,10.6441
-79.798,-67.6768,12.1384
-79.798,-65.6566,11.8526
-79.798,-63.6364,10.2893
-79.798,-61.6162,10.6674
-79.798,-59.596,11.7826
-79.798,-57.5758,11.6514
-79.798,-55.5556,10.6128
-79.798,-53.5354,9.77313
-79.798,-51.5152,9.50476
-79.798,-49.4949,9.57608
-79.798,-47.4747,9.68529
-79.798,-45.4545,9.66967
-79.798,-43.4343,9.48258
-79.798,-41.4141,9.16457
-79.798,-39.3939,8.90043
-79.798,-37.3737,9.06771
-79.798,-35.3535,9.90789
-79.798,-33.3333,10.6403
-79.798,-31.3131,9.74834
-79.798,-29.2929,8.5009
-79.798,-27.2727,9.91377
-79.798,-25.2525,9.68891
-79.798,-23.2323,8.54511
-79.798,-21.2121,10.1639
-79.798,-19.1919,8.31189
-79.798,-17.1717,9.87107
-79.798,-15.1515,8.95774
-79.798,-13.1313,8.39715
-79.798,-11.1111,9.96734
-79.798,-9.09091,9.42364
-79.798,-7.07071,8.24306
-79.798,-5.05051,8.03097
-79.798,-3.0303,8.37018
-79.798,-1.0101,8.64541
-79.798,1.0101,8.64541
-79.798,3.0303,8.37018
-79.798,5.05051,8.03097
-79.798,7.07071,8.24306
-79.798,9.09091,9.42364
-79.798,11.1111,9.96734
-79.798,13.1313,8.39715
-79.798,15.1515,8.95774
-79.798,17.1717,9.87107
-79.798,19.1919,8.31189
-79.798,21.2121,10.1639
-79.798,23.2323,8.54511
-79.798,25.2525,9.68891
-79.798,27.2727,9.91377
-79.798,29.2929,8.5009
-79.798,31.3131,9.74834
-79.798,33.3333,10.6403
-79.798,35.3535,9.90789
-79.798,37.3737,9.06771
-79.798,39.3939,8.90043
-79.798,41.4141,9.16457
-79.798,43.4343,9.48258
-79.798,45.4545,9.66967
-79.798,47.4747,9.68529
-79.798,49.4949,9.57608
-79.798,51.5152,9.50476
-79.798,53.5354,9.77313
-79.798,55.5556,10.6128
-79.798,57.5758,11.6514
-79.798,59.596,11.7826
-79.798,61.6162,10.6674
-79.798,63.6364,10.2893
-79.798,65.6566,11.8526
-79.798,67.6768,12.1384
-79.798,69.697,10.6441
-79.798,71.7172,11.9756
-79.798,73.7374,12.4506
-79.798,75.7576,11.0227
-79.798,77.7778,13.0534
-79.798,79.798,11.6903
-79.798,81.8182,12.6703
-79.798,83.8384,12.6143
-79.798,85.8586,12.5049
-79.798,87.8788,13.1614
-79.798,89.899,12.7493
-79.798,91.9192,13.3319
-79.798,93.9394,13.3707
-79.798,95.9596,13.1494
-79.798,97.9798,14.291
-79.798,100,12.8725
-77.7778,-100,14.0591
-77.7778,-97.9798,12.6922
-77.7778,-95.9596,14.3428
-77.7778,-93.9394,12.2289
-77.7778,-91.9192,13.8846
-77.7778,-89.899,12.1814
-77.7778,-87.8788,13.3456
-77.7778,-85.8586,12.0003
-77.7778,-83.8384,13.0745
-77.7778,-81.8182,11.5282
-77.7778,-79.798,13.0534
-77.7778,-77.7778,11.0001
-77.7778,-75.7576,12.7477
-77.7778,-73.7374,11.2662
-77.7778,-71.7172,11.2962
-77.7778,-69.697,12.3659
-77.7778,-67.6768,10.4995
-77.7778,-65.6566,10.9609
-77.7778,-63.6364,12.0486
-77.7778,-61.6162,10.7767
-77.7778,-59.596,9.80294
-77.7778,-57.5758,10.5543
-77.7778,-55.5556,11.4302
-77.7778,-53.5354,11.3229
-77.7778,-51.5152,10.5833
-77.7778,-49.4949,9.85528
-77.7778,-47.4747,9.39227
-77.7778,-45.4545,9.15128
-77.7778,-43.4343,9.04385
-77.7778,-41.4141,9.06771
-77.7778,-39.3939,9.32273
-77.7778,-37.3737,9.88538
-77.7778,-35.3535,10.463
-77.7778,-33.3333,10.1922
-77.7778,-31.3131,8.82513
-77.7778,-29.2929,8.54511
-77.7778,-27.2727,10.1207
-77.7778,-25.2525,9.02397
-77.7778,-23.2323,8.65451
-77.7778,-21.2121,9.79739
-77.7778,-19.1919,8.24306
-77.7778,-17.1717,9.54877
-77.7778,-15.1515,8.86015
-77.7778,-13.1313,8.16546
-77.7778,-11.1111,9.76835
-77.7778,-9.09091,9.1828
-77.7778,-7.07071,7.99538
-77.7778,-5.05051,7.86077
-77.7778,-3.0303,8.265
-77.7778,-1.0101,8.56436
-77.7778,1.0101,8.56436
-77.7778,3.0303,8.265
-77.7778,5.05051,7.86077
-77.7778,7.07071,7.99538
-77.7778,9.09091,9.1828
-77.7778,11.1111,9.76835
-77.7778,13.1313,8.16546
-77.7778,15.1515,8.86015
-77.7778,17.1717,9.54877
-77.7778,19.1919,8.24306
-77.7778,21.2121,9.79739
-77.7778,23.2323,8.65451
-77.7778,25.2525,9.02397
-77.7778,27.2727,10.1207
-77.7778,29.2929,8.54511
-77.7778,31.3131,8.82513
-77.7778,33.3333,10.1922
-77.7778,35.3535,10.463
-77.7778,37.3737,9.88538
-77.7778,39.3939,9.32273
-77.7778,41.4141,9.06771
-77.7778,43.4343,9.04385
-77.7778,45.4545,9.15128
-77.7778,47.4747,9.39227
-77.7778,49.4949,9.85528
-77.7778,51.5152,10.5833
-77.7778,53.5354,11.3229
-77.7778,55.5556,11.4302
-77.7778,57.5758,10.5543
-77.7778,59.596,9.80294
-77.7778,61.6162,10.7767
-77.7778,63.6364,12.0486
-77.7778,65.6566,10.9609
-77.7778,67.6768,10.4995
-77.7778,69.697,12.3659
-77.7778,71.7172,11.2962
-77.7778,73.7374,11.2662
-77.7778,75.7576,12.7477
-77.7778,77.7778,11.0001
-77.7778,79.798,13.0534
-77.7778,81.8182,11.5282
-77.7778,83.8384,13.0745
-77.7778,85.8586,12.0003
-77.7778,87.8788,13.3456
-77.7778,89.899,12.1814
-77.7778,91.9192,13.8846
-77.7778,93.9394,12.2289
-77.7778,95.9596,14.3428
-77.7778,97.9798,12.6922
-77.7778,100,14.0591
-75.7576,-100,14.5076
-75.7576,-97.9798,12.7886
-75.7576,-95.9596,13.2874
-75.7576,-93.9394,13.4901
-75.7576,-91.9192,12.1608
-75.7576,-89.899,13.6792
-75.7576,-87.8788,11.6152
-75.7576,-85.8586,13.4501
-75.7576,-83.8384,11.2999
-75.7576,-81.8182,13.15
-75.7576,-79.798,11.0227
-75.7576,-77.7778,12.7477
-75.7576,-75.7576,11.0638
-75.7576,-73.7374,11.7682
-75.7576,-71.7172,11.855
-75.7576,-69.697,10.3617
-75.7576,-67.6768,12.0216
-75.7576,-65.6566,11.0228
-75.7576,-63.6364,9.96793
-75.7576,-61.6162,11.3467
-75.7576,-59.596,11.4065
-75.7576,-57.5758,9.94521
-75.7576,-55.5556,9.45398
-75.7576,-53.5354,10.1857
-75.7576,-51.5152,10.9179
-75.7576,-49.4949,11.0483
-75.7576,-47.4747,10.7637
-75.7576,-45.4545,10.4111
-75.7576,-43.4343,10.1896
-75.7576,-41.4141,10.1618
-75.7576,-39.3939,10.3008
-75.7576,-37.3737,10.4351
-75.7576,-35.3535,10.1664
-75.7576,-33.3333,9.17213
-75.7576,-31.3131,8.21079
-75.7576,-29.2929,8.95774
-75.7576,-27.2727,10.0459
-75.7576,-25.2525,8.37018
-75.7576,-23.2323,8.86015
-75.7576,-21.2121,9.34202
-75.7576,-19.1919,8.23112
-75.7576,-17.1717,9.19752
-75.7576,-15.1515,8.77522
-75.7576,-13.1313,7.92954
-75.7576,-11.1111,9.56677
-75.7576,-9.09091,8.94558
-75.7576,-7.07071,7.75384
-75.7576,-5.05051,7.69947
-75.7576,-3.0303,8.16654
-75.7576,-1.0101,8.48664
-75.7576,1.0101,8.48664
-75.7576,3.0303,8.16654
-75.7576,5.05051,7.69947
-75.7576,7.07071,7.75384
-75.7576,9.09091,8.94558
-75.7576,11.1111,9.56677
-75.7576,13.1313,7.92954
-75.7576,15.1515,8.77522
-75.7576,17.1717,9.19752
-75.7576,19.1919,8.23112
-75.7576,21.2121,9.34202
-75.7576,23.2323,8.86015
-75.7576,25.2525,8.37018
-75.7576,27.2727,10.0459
-75.7576,29.2929,8.95774
-75.7576,31.3131,8.21079
-75.7576,33.3333,9.17213
-75.7576,35.3535,10.1664
-75.7576,37.3737,10.4351
-75.7576,39.3939,10.3008
-75.7576,41.4141,10.1618
-75.7576,43.4343,10.1896
-75.7576,45.4545,10.4111
-75.7576,47.4747,10.7637
-75.7576,49.4949,11.0483
-75.7576,51.5152,10.9179
-75.7576,53.5354,10.1857
-75.7576,55.5556,9.45398
-75.7576,57.5758,9.94521
-75.7576,59.596,11.4065
-75.7576,61.6162,11.3467
-75.7576,63.6364,9.96793
-75.7576,65.6566,11.0228
-75.7576,67.6768,12.0216
-75.7576,69.697,10.3617
-75.7576,71.7172,11.855
-75.7576,73.7374,11.7682
-75.7576,75.7576,11.0638
-75.7576,77.7778,12.7477
-75.7576,79.798,11.0227
-75.7576,81.8182,13.15
-75.7576,83.8384,11.2999
-75.7576,85.8586,13.4501
-75.7576,87.8788,11.6152
-75.7576,89.899,13.6792
-75.7576,91.9192,12.1608
-75.7576,93.9394,13.4901
-75.7576,95.9596,13.2874
-75.7576,97.9798,12.7886
-75.7576,100,14.5076
-73.7374,-100,13.4029
-73.7374,-97.9798,13.9634
-73.7374,-95.9596,12.1085
-73.7374,-93.9394,13.827
-73.7374,-91.9192,12.2466
-73.7374,-89.899,12.7609
-73.7374,-87.8788,12.6804
-73.7374,-85.8586,11.8715
-73.7374,-83.8384,12.7449
-73.7374,-81.8182,11.39
-73.7374,-79.798,12.4506
-73.7374,-77.7778,11.2662
-73.7374,-75.7576,11.7682
-73.7374,-73.7374,11.6179
-73.7374,-71.7172,10.64
-73.7374,-69.697,12.1204
-73.7374,-67.6768,10.1534
-73.7374,-65.6566,10.9868
-73.7374,-63.6364,11.5495
-73.7374,-61.6162,9.77313
-73.7374,-59.596,10.1146
-73.7374,-57.5758,11.3003
-73.7374,-55.5556,10.6777
-73.7374,-53.5354,9.39227
-73.7374,-51.5152,9.04386
-73.7374,-49.4949,9.52148
-73.7374,-47.4747,10.087
-73.7374,-45.4545,10.3839
-73.7374,-43.4343,10.4376
-73.7374,-41.4141,10.358
-73.7374,-39.3939,10.1664
-73.7374,-37.3737,9.75958
-73.7374,-35.3535,9.02397
-73.7374,-33.3333,8.21095
-73.7374,-31.3131,8.24306
-73.7374,-29.2929,9.48475
-73.7374,-27.2727,9.5937
-73.7374,-25.2525,7.86077
-73.7374,-23.2323,9.10316
-73.7374,-21.2121,8.81185
-73.7374,-19.1919,8.27493
-73.7374,-17.1717,8.81716
-73.7374,-15.1515,8.70246
-73.7374,-13.1313,7.69016
-73.7374,-11.1111,9.36231
-73.7374,-9.09091,8.71253
-73.7374,-7.07071,7.51828
-73.7374,-5.05051,7.54624
-73.7374,-3.0303,8.07325
-73.7374,-1.0101,8.41029
-73.7374,1.0101,8.41029
-73.7374,3.0303,8.07325
-73.7374,5.05051,7.54624
-73.7374,7.07071,7.51828
-73.7374,9.09091,8.71253
-73.7374,11.1111,9.36231
-73.7374,13.1313,7.69016
-73.7374,15.1515,8.70246
-73.7374,17.1717,8.81716
-73.7374,19.1919,8.27493
-73.7374,21.2121,8.81185
-73.7374,23.2323,9.10316
-73.7374,25.2525,7.86077
-73.7374,27.2727,9.5937
-73.7374,29.2929,9.48475
-73.7374,31.3131,8.24306
-73.7374,33.3333,8.21095
-73.7374,35.3535,9.02397
-73.7374,37.3737,9.75958
-73.7374,39.3939,10.1664
-73.7374,41.4141,10.358
-73.7374,43.4343,10.4376
-73.7374,45.4545,10.3839
-73.7374,47.4747,10.087
-73.7374,49.4949,9.52148
-73.7374,51.5152,9.04386
-73.7374,53.5354,9.39227
-73.7374,55.5556,10.6777
-73.7374,57.5758,11.3003
-73.7374,59.596,10.1146
-73.7374,61.6162,9.77313
-73.7374,63.6364,11.5495
-73.7374,65.6566,10.9868
-73.7374,67.6768,10.1534
-73.7374,69.697,12.1204
-73.7374,71.7172,10.64
-73.7374,73.7374,11.6179
-73.7374,75.7576,11.7682
-73.7374,77.7778,11.2662
-73.7374,79.798,12.4506
-73.7374,81.8182,11.39
-73.7374,83.8384,12.7449
-73.7374,85.8586,11.8715
-73.7374,87.8788,12.6804
-73.7374,89.899,12.7609
-73.7374,91.9192,12.2466
-73.7374,93.9394,13.827
-73.7374,95.9596,12.1085
-73.7374,97.9798,13.9634
-73.7374,100,13.4029
-71.7172,-100,12.3722
-71.7172,-97.9798,14.0256
-71.7172,-95.9596,12.6819
-71.7172,-93.9394,12.428
-71.7172,-91.9192,13.5135
-71.7172,-89.899,11.5001
-71.7172,-87.8788,13.2437
-71.7172,-85.8586,11.4994
-71.7172,-83.8384,12.5025
-71.7172,-81.8182,11.5675
-71.7172,-79.798,11.9756
-71.7172,-77.7778,11.2962
-71.7172,-75.7576,11.855
-71.7172,-73.7374,10.64
-71.7172,-71.7172,12.0287
-71.7172,-69.697,10.001
-71.7172,-67.6768,11.64
-71.7172,-65.6566,10.6128
-71.7172,-63.6364,9.8598
-71.7172,-61.6162,11.4041
-71.7172,-59.596,10.3068
-71.7172,-57.5758,9.21567
-71.7172,-55.5556,10.2709
-71.7172,-53.5354,10.9491
-71.7172,-51.5152,10.1484
-71.7172,-49.4949,9.06876
-71.7172,-47.4747,8.60167
-71.7172,-45.4545,8.65132
-71.7172,-43.4343,8.82513
-71.7172,-41.4141,8.8789
-71.7172,-39.3939,8.73172
-71.7172,-37.3737,8.39715
-71.7172,-35.3535,8.03097
-71.7172,-33.3333,8.04831
-71.7172,-31.3131,8.85772
-71.7172,-29.2929,9.72784
-71.7172,-27.2727,8.81185
-71.7172,-25.2525,7.62495
-71.7172,-23.2323,9.2941
-71.7172,-21.2121,8.23982
-71.7172,-19.1919,8.36571
-71.7172,-17.1717,8.41029
-71.7172,-15.1515,8.64031
-71.7172,-13.1313,7.44856
-71.7172,-11.1111,9.15451
-71.7172,-9.09091,8.48424
-71.7172,-7.07071,7.28845
-71.7172,-5.05051,7.40015
-71.7172,-3.0303,7.98356
-71.7172,-1.0101,8.3333
-71.7172,1.0101,8.3333
-71.7172,3.0303,7.98356
-71.7172,5.05051,7.40015
-71.7172,7.07071,7.28845
-71.7172,9.09091,8.48424
-71.7172,11.1111,9.15451
-71.7172,13.1313,7.44856
-71.7172,15.1515,8.64031
-71.7172,17.1717,8.41029
-71.7172,19.1919,8.36571
-71.7172,21.2121,8.23982
-71.7172,23.2323,9.2941
-71.7172,25.2525,7.62495
-71.7172,27.2727,8.81185
-71.7172,29.2929,9.72784
-71.7172,31.3131,8.85772
-71.7172,33.3333,8.04831
-71.7172,35.3535,8.03097
-71.7172,37.3737,8.39715
-71.7172,39.3939,8.73172
-71.7172,41.4141,8.8789
-71.7172,43.4343,8.82513
-71.7172,45.4545,8.65132
-71.7172,47.4747,8.60167
-71.7172,49.4949,9.06876
-71.7172,51.5152,10.1484
-71.7172,53.5354,10.9491
-71.7172,55.5556,10.2709
-71.7172,57.5758,9.21567
-71.7172,59.596,10.3068
-71.7172,61.6162,11.4041
-71.7172,63.6364,9.8598
-71.7172,65.6566,10.6128
-71.7172,67.6768,11.64
-71.7172,69.697,10.001
-71.7172,71.7172,12.0287
-71.7172,73.7374,10.64
-71.7172,75.7576,11.855
-71.7172,77.7778,11.2962
-71.7172,79.798,11.9756
-71.7172,81.8182,11.5675
-71.7172,83.8384,12.5025
-71.7172,85.8586,11.4994
-71.7172,87.8788,13.2437
-71.7172,89.899,11.5001
-71.7172,91.9192,13.5135
-71.7172,93.9394,12.428
-71.7172,95.9596,12.6819
-71.7172,97.9798,14.0256
-71.7172,100,12.3722
-69.697,-100,12.4106
-69.697,-97.9798,12.9626
-69.697,-95.9596,13.6697
-69.697,-93.9394,11.7134
-69.697,-91.9192,13.1491
-69.697,-89.899,12.3632
-69.697,-87.8788,11.6919
-69.697,-85.8586,12.9147
-69.697,-83.8384,10.9153
-69.697,-81.8182,12.7398
-69.697,-79.798,10.6441
-69.697,-77.7778,12.3659
-69.697,-75.7576,10.3617
-69.697,-73.7374,12.1204
-69.697,-71.7172,10.001
-69.697,-69.697,11.7709
-69.697,-67.6768,10.119
-69.697,-65.6566,10.5624
-69.697,-63.6364,11.1592
-69.697,-61.6162,9.3183
-69.697,-59.596,10.4644
-69.697,-57.5758,10.8589
-69.697,-55.5556,9.22663
-69.697,-53.5354,9.04004
-69.697,-51.5152,10.1553
-69.697,-49.4949,10.5429
-69.697,-47.4747,9.91377
-69.697,-45.4545,9.06782
-69.697,-43.4343,8.49698
-69.697,-41.4141,8.21008
-69.697,-39.3939,8.07542
-69.697,-37.3737,8.04831
-69.697,-35.3535,8.23112
-69.697,-33.3333,8.77522
-69.697,-31.3131,9.47827
-69.697,-29.2929,9.35981
-69.697,-27.2727,7.93284
-69.697,-25.2525,7.73164
-69.697,-23.2323,9.32536
-69.697,-21.2121,7.68028
-69.697,-19.1919,8.48424
-69.697,-17.1717,7.98356
-69.697,-15.1515,8.58571
-69.697,-13.1313,7.20653
-69.697,-11.1111,8.9427
-69.697,-9.09091,8.26129
-69.697,-7.07071,7.06398
-69.697,-5.05051,7.26021
-69.697,-3.0303,7.89585
-69.697,-1.0101,8.25371
-69.697,1.0101,8.25371
-69.697,3.0303,7.89585
-69.697,5.05051,7.26021
-69.697,7.07071,7.06398
-69.697,9.09091,8.26129
-69.697,11.1111,8.9427
-69.697,13.1313,7.20653
-69.697,15.1515,8.58571
-69.697,17.1717,7.98356
-69.697,19.1919,8.48424
-69.697,21.2121,7.68028
-69.697,23.2323,9.32536
-69.697,25.2525,7.73164
-69.697,27.2727,7.93284
-69.697,29.2929,9.35981
-69.697,31.3131,9.47827
-69.697,33.3333,8.77522
-69.697,35.3535,8.23112
-69.697,37.3737,8.04831
-69.697,39.3939,8.07542
-69.697,41.4141,8.21008
-69.697,43.4343,8.49698
-69.697,45.4545,9.06782
-69.697,47.4747,9.91377
-69.697,49.4949,10.5429
-69.697,51.5152,10.1553
-69.697,53.5354,9.04004
-69.697,55.5556,9.22663
-69.697,57.5758,10.8589
-69.697,59.596,10.4644
-69.697,61.6162,9.3183
-69.697,63.6364,11.1592
-69.697,65.6566,10.5624
-69.697,67.6768,10.119
-69.697,69.697,11.7709
-69.697,71.7172,10.001
-69.697,73.7374,12.1204
-69.697,75.7576,10.3617
-69.697,77.7778,12.3659
-69.697,79.798,10.6441
-69.697,81.8182,12.7398
-69.697,83.8384,10.9153
-69.697,85.8586,12.9147
-69.697,87.8788,11.6919
-69.697,89.899,12.3632
-69.697,91.9192,13.1491
-69.697,93.9394,11.7134
-69.697,95.9596,13.6697
-69.697,97.9798,12.9626
-69.697,100,12.4106
-67.6768,-100,13.0857
-67.6768,-97.9798,12.0335
-67.6768,-95.9596,13.6304
-67.6768,-93.9394,12.3973
-67.6768,-91.9192,11.8061
-67.6768,-89.899,13.2398
-67.6768,-87.8788,11.2213
-67.6768,-85.8586,12.3835
-67.6768,-83.8384,11.8049
-67.6768,-81.8182,11.1968
-67.6768,-79.798,12.1384
-67.6768,-77.7778,10.4995
-67.6768,-75.7576,12.0216
-67.6768,-73.7374,10.1534
-67.6768,-71.7172,11.64
-67.6768,-69.697,10.119
-67.6768,-67.6768,10.8233
-67.6768,-65.6566,10.6883
-67.6768,-63.6364,9.49431
-67.6768,-61.6162,11.1408
-67.6768,-59.596,9.57278
-67.6768,-57.5758,9.27529
-67.6768,-55.5556,10.6881
-67.6768,-53.5354,9.88538
-67.6768,-51.5152,8.55952
-67.6768,-49.4949,8.82513
-67.6768,-47.4747,9.75958
-67.6768,-45.4545,10.1405
-67.6768,-43.4343,9.90459
-67.6768,-41.4141,9.48475
-67.6768,-39.3939,9.1828
-67.6768,-37.3737,9.10316
-67.6768,-35.3535,9.24613
-67.6768,-33.3333,9.47477
-67.6768,-31.3131,9.36231
-67.6768,-29.2929,8.41029
-67.6768,-27.2727,7.3201
-67.6768,-25.2525,8.12674
-67.6768,-23.2323,9.09962
-67.6768,-21.2121,7.20653
-67.6768,-19.1919,8.59868
-67.6768,-17.1717,7.54902
-67.6768,-15.1515,8.5336
-67.6768,-13.1313,6.96661
-67.6768,-11.1111,8.72595
-67.6768,-9.09091,8.04428
-67.6768,-7.07071,6.84445
-67.6768,-5.05051,7.12538
-67.6768,-3.0303,7.80853
-67.6768,-1.0101,8.16958
-67.6768,1.0101,8.16958
-67.6768,3.0303,7.80853
-67.6768,5.05051,7.12538
-67.6768,7.07071,6.84445
-67.6768,9.09091,8.04428
-67.6768,11.1111,8.72595
-67.6768,13.1313,6.96661
-67.6768,15.1515,8.5336
-67.6768,17.1717,7.54902
-67.6768,19.1919,8.59868
-67.6768,21.2121,7.20653
-67.6768,23.2323,9.09962
-67.6768,25.2525,8.12674
-67.6768,27.2727,7.3201
-67.6768,29.2929,8.41029
-67.6768,31.3131,9.36231
-67.6768,33.3333,9.47477
-67.6768,35.3535,9.24613
-67.6768,37.3737,9.10316
-67.6768,39.3939,9.1828
-67.6768,41.4141,9.48475
-67.6768,43.4343,9.90459
-67.6768,45.4545,10.1405
-67.6768,47.4747,9.75958
-67.6768,49.4949,8.82513
-67.6768,51.5152,8.55952
-67.6768,53.5354,9.88538
-67.6768,55.5556,10.6881
-67.6768,57.5758,9.27529
-67.6768,59.596,9.57278
-67.6768,61.6162,11.1408
-67.6768,63.6364,9.49431
-67.6768,65.6566,10.6883
-67.6768,67.6768,10.8233
-67.6768,69.697,10.119
-67.6768,71.7172,11.64
-67.6768,73.7374,10.1534
-67.6768,75.7576,12.0216
-67.6768,77.7778,10.4995
-67.6768,79.798,12.1384
-67.6768,81.8182,11.1968
-67.6768,83.8384,11.8049
-67.6768,85.8586,12.3835
-67.6768,87.8788,11.2213
-67.6768,89.899,13.2398
-67.6768,91.9192,11.8061
-67.6768,93.9394,12.3973
-67.6768,95.9596,13.6304
-67.6768,97.9798,12.0335
-67.6768,100,13.0857
-65.6566,-100,13.6578
-65.6566,-97.9798,11.8553
-65.6566,-95.9596,12.7609
-65.6566,-93.9394,13.2325
-65.6566,-91.9192,11.3277
-65.6566,-89.899,12.57
-65.6566,-87.8788,12.2957
-65.6566,-85.8586,10.9495
-65.6566,-83.8384,12.6459
-65.6566,-81.8182,10.6644
-65.6566,-79.798,11.8526
-65.6566,-77.7778,10.9609
-65.6566,-75.7576,11.0228
-65.6566,-73.7374,10.9868
-65.6566,-71.7172,10.6128
-65.6566,-69.697,10.5624
-65.6566,-67.6768,10.6883
-65.6566,-65.6566,9.68529
-65.6566,-63.6364,11.0614
-65.6566,-61.6162,9.03667
-65.6566,-59.596,10.3459
-65.6566,-57.5758,10.1896
-65.6566,-55.5556,8.60167
-65.6566,-53.5354,9.68296
-65.6566,-51.5152,10.3042
-65.6566,-49.4949,9.05013
-65.6566,-47.4747,8.11217
-65.6566,-45.4545,8.37018
-65.6566,-43.4343,9.04051
-65.6566,-41.4141,9.46187
-65.6566,-39.3939,9.56677
-65.6566,-37.3737,9.50872
-65.6566,-35.3535,9.36231
-65.6566,-33.3333,9.0316
-65.6566,-31.3131,8.32876
-65.6566,-29.2929,7.40015
-65.6566,-27.2727,7.28465
-65.6566,-25.2525,8.59868
-65.6566,-23.2323,8.57393
-65.6566,-21.2121,6.89988
-65.6566,-19.1919,8.66412
-65.6566,-17.1717,7.12538
-65.6566,-15.1515,8.47633
-65.6566,-13.1313,6.73226
-65.6566,-11.1111,8.503
-65.6566,-9.09091,7.83384
-65.6566,-7.07071,6.62937
-65.6566,-5.05051,6.99458
-65.6566,-3.0303,7.72002
-65.6566,-1.0101,8.07907
-65.6566,1.0101,8.07907
-65.6566,3.0303,7.72002
-65.6566,5.05051,6.99458
-65.6566,7.07071,6.62937
-65.6566,9.09091,7.83384
-65.6566,11.1111,8.503
-65.6566,13.1313,6.73226
-65.6566,15.1515,8.47633
-65.6566,17.1717,7.12538
-65.6566,19.1919,8.66412
-65.6566,21.2121,6.89988
-65.6566,23.2323,8.57393
-65.6566,25.2525,8.59868
-65.6566,27.2727,7.28465
-65.6566,29.2929,7.40015
-65.6566,31.3131,8.32876
-65.6566,33.3333,9.0316
-65.6566,35.3535,9.36231
-65.6566,37.3737,9.50872
-65.6566,39.3939,9.56677
-65.6566,41.4141,9.46187
-65.6566,43.4343,9.04051
-65.6566,45.4545,8.37018
-65.6566,47.4747,8.11217
-65.6566,49.4949,9.05013
-65.6566,51.5152,10.3042
-65.6566,53.5354,9.68296
-65.6566,55.5556,8.60167
-65.6566,57.5758,10.1896
-65.6566,59.596,10.3459
-65.6566,61.6162,9.03667
-65.6566,63.6364,11.0614
-65.6566,65.6566,9.68529
-65.6566,67.6768,10.6883
-65.6566,69.697,10.5624
-65.6566,71.7172,10.6128
-65.6566,73.7374,10.9868
-65.6566,75.7576,11.0228
-65.6566,77.7778,10.9609
-65.6566,79.798,11.8526
-65.6566,81.8182,10.6644
-65.6566,83.8384,12.6459
-65.6566,85.8586,10.9495
-65.6566,87.8788,12.2957
-65.6566,89.899,12.57
-65.6566,91.9192,11.3277
-65.6566,93.9394,13.2325
-65.6566,95.9596,12.7609
-65.6566,97.9798,11.8553
-65.6566,100,13.6578
-63.6364,-100,13.8342
-63.6364,-97.9798,12.1925
-63.6364,-95.9596,11.8898
-63.6364,-93.9394,13.3217
-63.6364,-91.9192,11.8846
-63.6364,-89.899,11.39
-63.6364,-87.8788,12.85
-63.6364,-85.8586,11.0006
-63.6364,-83.8384,11.5523
-63.6364,-81.8182,11.9412
-63.6364,-79.798,10.2893
-63.6364,-77.7778,12.0486
-63.6364,-75.7576,9.96793
-63.6364,-73.7374,11.5495
-63.6364,-71.7172,9.8598
-63.6364,-69.697,11.1592
-63.6364,-67.6768,9.49431
-63.6364,-65.6566,11.0614
-63.6364,-63.6364,8.99996
-63.6364,-61.6162,10.7389
-63.6364,-59.596,9.32273
-63.6364,-57.5758,9.17314
-63.6364,-55.5556,10.4351
-63.6364,-53.5354,8.78132
-63.6364,-51.5152,8.48353
-63.6364,-49.4949,9.79739
-63.6364,-47.4747,9.72647
-63.6364,-45.4545,8.529
-63.6364,-43.4343,7.74661
-63.6364,-41.4141,7.69947
-63.6364,-39.3939,7.93284
-63.6364,-37.3737,8.07325
-63.6364,-35.3535,7.98639
-63.6364,-33.3333,7.65864
-63.6364,-31.3131,7.20653
-63.6364,-29.2929,7.06398
-63.6364,-27.2727,7.82495
-63.6364,-25.2525,8.82046
-63.6364,-23.2323,7.80853
-63.6364,-21.2121,6.8274
-63.6364,-19.1919,8.62585
-63.6364,-17.1717,6.73868
-63.6364,-15.1515,8.40307
-63.6364,-13.1313,6.50808
-63.6364,-11.1111,8.27224
-63.6364,-9.09091,7.63063
-63.6364,-7.07071,6.41821
-63.6364,-5.05051,6.8667
-63.6364,-3.0303,7.62882
-63.6364,-1.0101,7.98042
-63.6364,1.0101,7.98042
-63.6364,3.0303,7.62882
-63.6364,5.05051,6.8667
-63.6364,7.07071,6.41821
-63.6364,9.09091,7.63063
-63.6364,11.1111,8.27224
-63.6364,13.1313,6.50808
-63.6364,15.1515,8.40307
-63.6364,17.1717,6.73868
-63.6364,19.1919,8.62585
-63.6364,21.2121,6.8274
-63.6364,23.2323,7.80853
-63.6364,25.2525,8.82046
-63.6364,27.2727,7.82495
-63.6364,29.2929,7.06398
-63.6364,31.3131,7.20653
-63.6364,33.3333,7.65864
-63.6364,35.3535,7.98639
-63.6364,37.3737,8.07325
-63.6364,39.3939,7.93284
-63.6364,41.4141,7.69947
-63.6364,43.4343,7.74661
-63.6364,45.4545,8.529
-63.6364,47.4747,9.72647
-63.6364,49.4949,9.79739
-63.6364,51.5152,8.48353
-63.6364,53.5354,8.78132
-63.6364,55.5556,10.4351
-63.6364,57.5758,9.17314
-63.6364,59.596,9.32273
-63.6364,61.6162,10.7389
-63.6364,63.6364,8.99996
-63.6364,65.6566,11.0614
-63.6364,67.6768,9.49431
-63.6364,69.697,11.1592
-63.6364,71.7172,9.8598
-63.6364,73.7374,11.5495
-63.6364,75.7576,9.96793
-63.6364,77.7778,12.0486
-63.6364,79.798,10.2893
-63.6364,81.8182,11.9412
-63.6364,83.8384,11.5523
-63.6364,85.8586,11.0006
-63.6364,87.8788,12.85
-63.6364,89.899,11.39
-63.6364,91.9192,11.8846
-63.6364,93.9394,13.3217
-63.6364,95.9596,11.8898
-63.6364,97.9798,12.1925
-63.6364,100,13.8342
-61.6162,-100,13.7124
-61.6162,-97.9798,12.6143
-61.6162,-95.9596,11.4331
-61.6162,-93.9394,12.791
-61.6162,-91.9192,12.6006
-61.6162,-89.899,10.9016
-61.6162,-87.8788,12.2017
-61.6162,-85.8586,11.9942
-61.6162,-83.8384,10.4448
-61.6162,-81.8182,12.1319
-61.6162,-79.798,10.6674
-61.6162,-77.7778,10.7767
-61.6162,-75.7576,11.3467
-61.6162,-73.7374,9.77313
-61.6162,-71.7172,11.4041
-61.6162,-69.697,9.3183
-61.6162,-67.6768,11.1408
-61.6162,-65.6566,9.03667
-61.6162,-63.6364,10.7389
-61.6162,-61.6162,9.06876
-61.6162,-59.596,9.74834
-61.6162,-57.5758,9.91377
-61.6162,-55.5556,8.3223
-61.6162,-53.5354,9.87107
-61.6162,-51.5152,9.42364
-61.6162,-49.4949,7.92549
-61.6162,-47.4747,8.56436
-61.6162,-45.4545,9.56677
-61.6162,-43.4343,9.2941
-61.6162,-41.4141,8.36571
-61.6162,-39.3939,7.64255
-61.6162,-37.3737,7.28845
-61.6162,-35.3535,7.13246
-61.6162,-33.3333,7.06398
-61.6162,-31.3131,7.16697
-61.6162,-29.2929,7.66498
-61.6162,-27.2727,8.47633
-61.6162,-25.2525,8.503
-61.6162,-23.2323,6.99458
-61.6162,-21.2121,7.00865
-61.6162,-19.1919,8.42827
-61.6162,-17.1717,6.42161
-61.6162,-15.1515,8.2995
-61.6162,-13.1313,6.29999
-61.6162,-11.1111,8.03164
-61.6162,-9.09091,7.43536
-61.6162,-7.07071,6.21036
-61.6162,-5.05051,6.74063
-61.6162,-3.0303,7.53349
-61.6162,-1.0101,7.87203
-61.6162,1.0101,7.87203
-61.6162,3.0303,7.53349
-61.6162,5.05051,6.74063
-61.6162,7.07071,6.21036
-61.6162,9.09091,7.43536
-61.6162,11.1111,8.03164
-61.6162,13.1313,6.29999
-61.6162,15.1515,8.2995
-61.6162,17.1717,6.42161
-61.6162,19.1919,8.42827
-61.6162,21.2121,7.00865
-61.6162,23.2323,6.99458
-61.6162,25.2525,8.503
-61.6162,27.2727,8.47633
-61.6162,29.2929,7.66498
-61.6162,31.3131,7.16697
-61.6162,33.3333,7.06398
-61.6162,35.3535,7.13246
-61.6162,37.3737,7.28845
-61.6162,39.3939,7.64255
-61.6162,41.4141,8.36571
-61.6162,43.4343,9.2941
-61.6162,45.4545,9.56677
-61.6162,47.4747,8.56436
-61.6162,49.4949,7.92549
-61.6162,51.5152,9.42364
-61.6162,53.5354,9.87107
-61.6162,55.5556,8.3223
-61.6162,57.5758,9.91377
-61.6162,59.596,9.74834
-61.6162,61.6162,9.06876
-61.6162,63.6364,10.7389
-61.6162,65.6566,9.03667
-61.6162,67.6768,11.1408
-61.6162,69.697,9.3183
-61.6162,71.7172,11.4041
-61.6162,73.7374,9.77313
-61.6162,75.7576,11.3467
-61.6162,77.7778,10.7767
-61.6162,79.798,10.6674
-61.6162,81.8182,12.1319
-61.6162,83.8384,10.4448
-61.6162,85.8586,11.9942
-61.6162,87.8788,12.2017
-61.6162,89.899,10.9016
-61.6162,91.9192,12.6006
-61.6162,93.9394,12.791
-61.6162,95.9596,11.4331
-61.6162,97.9798,12.6143
-61.6162,100,13.7124
-59.596,-100,13.4911
-59.596,-97.9798,12.8885
-59.596,-95.9596,11.3277
-59.596,-93.9394,12.1171
-59.596,-91.9192,12.9092
-59.596,-89.899,11.1546
-59.596,-87.8788,11.1968
-59.596,-85.8586,12.4471
-59.596,-83.8384,10.64
-59.596,-81.8182,10.9472
-59.596,-79.798,11.7826
-59.596,-77.7778,9.80294
-59.596,-75.7576,11.4065
-59.596,-73.7374,10.1146
-59.596,-71.7172,10.3068
-59.596,-69.697,10.4644
-59.596,-67.6768,9.57278
-59.596,-65.6566,10.3459
-59.596,-63.6364,9.32273
-59.596,-61.6162,9.74834
-59.596,-59.596,9.62424
-59.596,-57.5758,8.62413
-59.596,-55.5556,10.1347
-59.596,-53.5354,8.24306
-59.596,-51.5152,8.72151
-59.596,-49.4949,9.72784
-59.596,-47.4747,8.27493
-59.596,-45.4545,7.54043
-59.596,-43.4343,8.41029
-59.596,-41.4141,9.15451
-59.596,-39.3939,9.07186
-59.596,-37.3737,8.59868
-59.596,-35.3535,8.19758
-59.596,-33.3333,8.04428
-59.596,-31.3131,8.1667
-59.596,-29.2929,8.47112
-59.596,-27.2727,8.52271
-59.596,-25.2525,7.62692
-59.596,-23.2323,6.42161
-59.596,-21.2121,7.37896
-59.596,-19.1919,8.03164
-59.596,-17.1717,6.21036
-59.596,-15.1515,8.14787
-59.596,-13.1313,6.11534
-59.596,-11.1111,7.77869
-59.596,-9.09091,7.2488
-59.596,-7.07071,6.00523
-59.596,-5.05051,6.61528
-59.596,-3.0303,7.43272
-59.596,-1.0101,7.75246
-59.596,1.0101,7.75246
-59.596,3.0303,7.43272
-59.596,5.05051,6.61528
-59.596,7.07071,6.00523
-59.596,9.09091,7.2488
-59.596,11.1111,7.77869
-59.596,13.1313,6.11534
-59.596,15.1515,8.14787
-59.596,17.1717,6.21036
-59.596,19.1919,8.03164
-59.596,21.2121,7.37896
-59.596,23.2323,6.42161
-59.596,25.2525,7.62692
-59.596,27.2727,8.52271
-59.596,29.2929,8.47112
-59.596,31.3131,8.1667
-59.596,33.3333,8.04428
-59.596,35.3535,8.19758
-59.596,37.3737,8.59868
-59.596,39.3939,9.07186
-59.596,41.4141,9.15451
-59.596,43.4343,8.41029
-59.596,45.4545,7.54043
-59.596,47.4747,8.27493
-59.596,49.4949,9.72784
-59.596,51.5152,8.72151
-59.596,53.5354,8.24306
-59.596,55.5556,10.1347
-59.596,57.5758,8.62413
-59.596,59.596,9.62424
-59.596,61.6162,9.74834
-59.596,63.6364,9.32273
-59.596,65.6566,10.3459
-59.596,67.6768,9.57278
-59.596,69.697,10.4644
-59.596,71.7172,10.3068
-59.596,73.7374,10.1146
-59.596,75.7576,11.4065
-59.596,77.7778,9.80294
-59.596,79.798,11.7826
-59.596,81.8182,10.9472
-59.596,83.8384,10.64
-59.596,85.8586,12.4471
-59.596,87.8788,11.1968
-59.596,89.899,11.1546
-59.596,91.9192,12.9092
-59.596,93.9394,12.1171
-59.596,95.9596,11.3277
-59.596,97.9798,12.8885
-59.596,100,13.4911
-57.5758,-100,13.3116
-57.5758,-97.9798,12.9812
-57.5758,-95.9596,11.3561
-57.5758,-93.9394,11.5908
-57.5758,-91.9192,12.8186
-57.5758,-89.899,11.6393
-57.5758,-87.8788,10.5767
-57.5758,-85.8586,12.0506
-57.5758,-83.8384,11.4514
-57.5758,-81.8182,10.0459
-57.5758,-79.798,11.6514
-57.5758,-77.7778,10.5543
-57.5758,-75.7576,9.94521
-57.5758,-73.7374,11.3003
-57.5758,-71.7172,9.21567
-57.5758,-69.697,10.8589
-57.5758,-67.6768,9.27529
-57.5758,-65.6566,10.1896
-57.5758,-63.6364,9.17314
-57.5758,-61.6162,9.91377
-57.5758,-59.596,8.62413
-57.5758,-57.5758,10.0318
-57.5758,-55.5556,8.00235
-57.5758,-53.5354,9.5937
-57.5758,-51.5152,8.77522
-57.5758,-49.4949,7.69947
-57.5758,-47.4747,9.17167
-57.5758,-45.4545,8.9528
-57.5758,-43.4343,7.48964
-57.5758,-41.4141,7.20653
-57.5758,-39.3939,7.89585
-57.5758,-37.3737,8.4905
-57.5758,-35.3535,8.67757
-57.5758,-33.3333,8.63657
-57.5758,-31.3131,8.52271
-57.5758,-29.2929,8.27224
-57.5758,-27.2727,7.62882
-57.5758,-25.2525,6.60171
-57.5758,-23.2323,6.35208
-57.5758,-21.2121,7.76827
-57.5758,-19.1919,7.43611
-57.5758,-17.1717,6.13772
-57.5758,-15.1515,7.92812
-57.5758,-13.1313,5.96286
-57.5758,-11.1111,7.51047
-57.5758,-9.09091,7.07176
-57.5758,-7.07071,5.80219
-57.5758,-5.05051,6.48957
-57.5758,-3.0303,7.3253
-57.5758,-1.0101,7.62042
-57.5758,1.0101,7.62042
-57.5758,3.0303,7.3253
-57.5758,5.05051,6.48957
-57.5758,7.07071,5.80219
-57.5758,9.09091,7.07176
-57.5758,11.1111,7.51047
-57.5758,13.1313,5.96286
-57.5758,15.1515,7.92812
-57.5758,17.1717,6.13772
-57.5758,19.1919,7.43611
-57.5758,21.2121,7.76827
-57.5758,23.2323,6.35208
-57.5758,25.2525,6.60171
-57.5758,27.2727,7.62882
-57.5758,29.2929,8.27224
-57.5758,31.3131,8.52271
-57.5758,33.3333,8.63657
-57.5758,35.3535,8.67757
-57.5758,37.3737,8.4905
-57.5758,39.3939,7.89585
-57.5758,41.4141,7.20653
-57.5758,43.4343,7.48964
-57.5758,45.4545,8.9528
-57.5758,47.4747,9.17167
-57.5758,49.4949,7.69947
-57.5758,51.5152,8.77522
-57.5758,53.5354,9.5937
-57.5758,55.5556,8.00235
-57.5758,57.5758,10.0318
-57.5758,59.596,8.62413
-57.5758,61.6162,9.91377
-57.5758,63.6364,9.17314
-57.5758,65.6566,10.1896
-57.5758,67.6768,9.27529
-57.5758,69.697,10.8589
-57.5758,71.7172,9.21567
-57.5758,73.7374,11.3003
-57.5758,75.7576,9.94521
-57.5758,77.7778,10.5543
-57.5758,79.798,11.6514
-57.5758,81.8182,10.0459
-57.5758,83.8384,11.4514
-57.5758,85.8586,12.0506
-57.5758,87.8788,10.5767
-57.5758,89.899,11.6393
-57.5758,91.9192,12.8186
-57.5758,93.9394,11.5908
-57.5758,95.9596,11.3561
-57.5758,97.9798,12.9812
-57.5758,100,13.3116
-55.5556,-100,13.2332
-55.5556,-97.9798,12.9285
-55.5556,-95.9596,11.3536
-55.5556,-93.9394,11.2651
-55.5556,-91.9192,12.5629
-55.5556,-89.899,11.9942
-55.5556,-87.8788,10.4183
-55.5556,-85.8586,11.3202
-55.5556,-83.8384,11.949
-55.5556,-81.8182,10.0916
-55.5556,-79.798,10.6128
-55.5556,-77.7778,11.4302
-55.5556,-75.7576,9.45398
-55.5556,-73.7374,10.6777
-55.5556,-71.7172,10.2709
-55.5556,-69.697,9.22663
-55.5556,-67.6768,10.6881
-55.5556,-65.6566,8.60167
-55.5556,-63.6364,10.4351
-55.5556,-61.6162,8.3223
-55.5556,-59.596,10.1347
-55.5556,-57.5758,8.00235
-55.5556,-55.5556,9.76835
-55.5556,-53.5354,8.1384
-55.5556,-51.5152,8.48664
-55.5556,-49.4949,9.26918
-55.5556,-47.4747,7.42295
-55.5556,-45.4545,7.98356
-55.5556,-43.4343,9.04463
-55.5556,-41.4141,8.19758
-55.5556,-39.3939,7.02067
-55.5556,-37.3737,6.73226
-55.5556,-35.3535,6.99458
-55.5556,-33.3333,7.24017
-55.5556,-31.3131,7.23634
-55.5556,-29.2929,6.94049
-55.5556,-27.2727,6.42326
-55.5556,-25.2525,6.11534
-55.5556,-23.2323,6.81965
-55.5556,-21.2121,7.92586
-55.5556,-19.1919,6.70815
-55.5556,-17.1717,6.22122
-55.5556,-15.1515,7.62042
-55.5556,-13.1313,5.85224
-55.5556,-11.1111,7.22364
-55.5556,-9.09091,6.90508
-55.5556,-7.07071,5.60064
-55.5556,-5.05051,6.36246
-55.5556,-3.0303,7.2102
-55.5556,-1.0101,7.47488
-55.5556,1.0101,7.47488
-55.5556,3.0303,7.2102
-55.5556,5.05051,6.36246
-55.5556,7.07071,5.60064
-55.5556,9.09091,6.90508
-55.5556,11.1111,7.22364
-55.5556,13.1313,5.85224
-55.5556,15.1515,7.62042
-55.5556,17.1717,6.22122
-55.5556,19.1919,6.70815
-55.5556,21.2121,7.92586
-55.5556,23.2323,6.81965
-55.5556,25.2525,6.11534
-55.5556,27.2727,6.42326
-55.5556,29.2929,6.94049
-55.5556,31.3131,7.23634
-55.5556,33.3333,7.24017
-55.5556,35.3535,6.99458
-55.5556,37.3737,6.73226
-55.5556,39.3939,7.02067
-55.5556,41.4141,8.19758
-55.5556,43.4343,9.04463
-55.5556,45.4545,7.98356
-55.5556,47.4747,7.42295
-55.5556,49.4949,9.26918
-55.5556,51.5152,8.48664
-55.5556,53.5354,8.1384
-55.5556,55.5556,9.76835
-55.5556,57.5758,8.00235
-55.5556,59.596,10.1347
-55.5556,61.6162,8.3223
-55.5556,63.6364,10.4351
-55.5556,65.6566,8.60167
-55.5556,67.6768,10.6881
-55.5556,69.697,9.22663
-55.5556,71.7172,10.2709
-55.5556,73.7374,10.6777
-55.5556,75.7576,9.45398
-55.5556,77.7778,11.4302
-55.5556,79.798,10.6128
-55.5556,81.8182,10.0916
-55.5556,83.8384,11.949
-55.5556,85.8586,11.3202
-55.5556,87.8788,10.4183
-55.5556,89.899,11.9942
-55.5556,91.9192,12.5629
-55.5556,93.9394,11.2651
-55.5556,95.9596,11.3536
-55.5556,97.9798,12.9285
-55.5556,100,13.2332
-53.5354,-100,13.2437
-53.5354,-97.9798,12.7449
-53.5354,-95.9596,11.2465
-53.5354,-93.9394,11.0976
-53.5354,-91.9192,12.3345
-53.5354,-89.899,12.1384
-53.5354,-87.8788,10.4757
-53.5354,-85.8586,10.7019
-53.5354,-83.8384,11.9331
-53.5354,-81.8182,10.6118
-53.5354,-79.798,9.77313
-53.5354,-77.7778,11.3229
-53.5354,-75.7576,10.1857
-53.5354,-73.7374,9.39227
-53.5354,-71.7172,10.9491
-53.5354,-69.697,9.04004
-53.5354,-67.6768,9.88538
-53.5354,-65.6566,9.68296
-53.5354,-63.6364,8.78132
-53.5354,-61.6162,9.87107
-53.5354,-59.596,8.24306
-53.5354,-57.5758,9.5937
-53.5354,-55.5556,8.1384
-53.5354,-53.5354,8.81716
-53.5354,-51.5152,8.71253
-53.5354,-49.4949,7.44856
-53.5354,-47.4747,9.09962
-53.5354,-45.4545,7.89302
-53.5354,-43.4343,6.96661
-53.5354,-41.4141,8.16958
-53.5354,-39.3939,8.62585
-53.5354,-37.3737,7.77988
-53.5354,-35.3535,6.85517
-53.5354,-33.3333,6.38774
-53.5354,-31.3131,6.21036
-53.5354,-29.2929,6.11534
-53.5354,-27.2727,6.13772
-53.5354,-25.2525,6.56436
-53.5354,-23.2323,7.46856
-53.5354,-21.2121,7.62042
-53.5354,-19.1919,5.99591
-53.5354,-17.1717,6.44654
-53.5354,-15.1515,7.2102
-53.5354,-13.1313,5.79313
-53.5354,-11.1111,6.91468
-53.5354,-9.09091,6.74956
-53.5354,-7.07071,5.40003
-53.5354,-5.05051,6.23294
-53.5354,-3.0303,7.08655
-53.5354,-1.0101,7.31499
-53.5354,1.0101,7.31499
-53.5354,3.0303,7.08655
-53.5354,5.05051,6.23294
-53.5354,7.07071,5.40003
-53.5354,9.09091,6.74956
-53.5354,11.1111,6.91468
-53.5354,13.1313,5.79313
-53.5354,15.1515,7.2102
-53.5354,17.1717,6.44654
-53.5354,19.1919,5.99591
-53.5354,21.2121,7.62042
-53.5354,23.2323,7.46856
-53.5354,25.2525,6.56436
-53.5354,27.2727,6.13772
-53.5354,29.2929,6.11534
-53.5354,31.3131,6.21036
-53.5354,33.3333,6.38774
-53.5354,35.3535,6.85517
-53.5354,37.3737,7.77988
-53.5354,39.3939,8.62585
-53.5354,41.4141,8.16958
-53.5354,43.4343,6.96661
-53.5354,45.4545,7.89302
-53.5354,47.4747,9.09962
-53.5354,49.4949,7.44856
-53.5354,51.5152,8.71253
-53.5354,53.5354,8.81716
-53.5354,55.5556,8.1384
-53.5354,57.5758,9.5937
-53.5354,59.596,8.24306
-53.5354,61.6162,9.87107
-53.5354,63.6364,8.78132
-53.5354,65.6566,9.68296
-53.5354,67.6768,9.88538
-53.5354,69.697,9.04004
-53.5354,71.7172,10.9491
-53.5354,73.7374,9.39227
-53.5354,75.7576,10.1857
-53.5354,77.7778,11.3229
-53.5354,79.798,9.77313
-53.5354,81.8182,10.6118
-53.5354,83.8384,11.9331
-53.5354,85.8586,10.7019
-53.5354,87.8788,10.4757
-53.5354,89.899,12.1384
-53.5354,91.9192,12.3345
-53.5354,93.9394,11.0976
-53.5354,95.9596,11.2465
-53.5354,97.9798,12.7449
-53.5354,100,13.2437
-51.5152,-100,13.2466
-51.5152,-97.9798,12.3959
-51.5152,-95.9596,11.0368
-51.5152,-93.9394,11.0638
-51.5152,-91.9192,12.224
-51.5152,-89.899,12.1199
-51.5152,-87.8788,10.5249
-51.5152,-85.8586,10.3166
-51.5152,-83.8384,11.6514
-51.5152,-81.8182,11.0646
-51.5152,-79.798,9.50476
-51.5152,-77.7778,10.5833
-51.5152,-75.7576,10.9179
-51.5152,-73.7374,9.04386
-51.5152,-71.7172,10.1484
-51.5152,-69.697,10.1553
-51.5152,-67.6768,8.55952
-51.5152,-65.6566,10.3042
-51.5152,-63.6364,8.48353
-51.5152,-61.6162,9.42364
-51.5152,-59.596,8.72151
-51.5152,-57.5758,8.77522
-51.5152,-55.5556,8.48664
-51.5152,-53.5354,8.71253
-51.5152,-51.5152,7.68028
-51.5152,-49.4949,9.07186
-51.5152,-47.4747,7.06398
-51.5152,-45.4545,8.16888
-51.5152,-43.4343,8.47633
-51.5152,-41.4141,6.79336
-51.5152,-39.3939,6.89067
-51.5152,-37.3737,7.98042
-51.5152,-35.3535,8.23963
-51.5152,-33.3333,7.76827
-51.5152,-31.3131,7.2488
-51.5152,-29.2929,6.99626
-51.5152,-27.2727,7.07176
-51.5152,-25.2525,7.42902
-51.5152,-23.2323,7.64853
-51.5152,-21.2121,6.81104
-51.5152,-19.1919,5.51071
-51.5152,-17.1717,6.74956
-51.5152,-15.1515,6.69597
-51.5152,-13.1313,5.79328
-51.5152,-11.1111,6.58026
-51.5152,-9.09091,6.60589
-51.5152,-7.07071,5.19988
-51.5152,-5.05051,6.10005
-51.5152,-3.0303,6.95364
-51.5152,-1.0101,7.14014
-51.5152,1.0101,7.14014
-51.5152,3.0303,6.95364
-51.5152,5.05051,6.10005
-51.5152,7.07071,5.19988
-51.5152,9.09091,6.60589
-51.5152,11.1111,6.58026
-51.5152,13.1313,5.79328
-51.5152,15.1515,6.69597
-51.5152,17.1717,6.74956
-51.5152,19.1919,5.51071
-51.5152,21.2121,6.81104
-51.5152,23.2323,7.64853
-51.5152,25.2525,7.42902
-51.5152,27.2727,7.07176
-51.5152,29.2929,6.99626
-51.5152,31.3131,7.2488
-51.5152,33.3333,7.76827
-51.5152,35.3535,8.23963
-51.5152,37.3737,7.98042
-51.5152,39.3939,6.89067
-51.5152,41.4141,6.79336
-51.5152,43.4343,8.47633
-51.5152,45.4545,8.16888
-51.5152,47.4747,7.06398
-51.5152,49.4949,9.07186
-51.5152,51.5152,7.68028
-51.5152,53.5354,8.71253
-51.5152,55.5556,8.48664
-51.5152,57.5758,8.77522
-51.5152,59.596,8.72151
-51.5152,61.6162,9.42364
-51.5152,63.6364,8.48353
-51.5152,65.6566,10.3042
-51.5152,67.6768,8.55952
-51.5152,69.697,10.1553
-51.5152,71.7172,10.1484
-51.5152,73.7374,9.04386
-51.5152,75.7576,10.9179
-51.5152,77.7778,10.5833
-51.5152,79.798,9.50476
-51.5152,81.8182,11.0646
-51.5152,83.8384,11.6514
-51.5152,85.8586,10.3166
-51.5152,87.8788,10.5249
-51.5152,89.899,12.1199
-51.5152,91.9192,12.224
-51.5152,93.9394,11.0638
-51.5152,95.9596,11.0368
-51.5152,97.9798,12.3959
-51.5152,100,13.2466
-49.4949,-100,13.0388
-49.4949,-97.9798,11.8422
-49.4949,-95.9596,10.8124
-49.4949,-93.9394,11.1968
-49.4949,-91.9192,12.2404
-49.4949,-89.899,11.9762
-49.4949,-87.8788,10.4558
-49.4949,-85.8586,10.1133
-49.4949,-83.8384,11.3646
-49.4949,-81.8182,11.2736
-49.4949,-79.798,9.57608
-49.4949,-77.7778,9.85528
-49.4949,-75.7576,11.0483
-49.4949,-73.7374,9.52148
-49.4949,-71.7172,9.06876
-49.4949,-69.697,10.5429
-49.4949,-67.6768,8.82513
-49.4949,-65.6566,9.05013
-49.4949,-63.6364,9.79739
-49.4949,-61.6162,7.92549
-49.4949,-59.596,9.72784
-49.4949,-57.5758,7.69947
-49.4949,-55.5556,9.26918
-49.4949,-53.5354,7.44856
-49.4949,-51.5152,9.07186
-49.4949,-49.4949,6.99989
-49.4949,-47.4747,8.72595
-49.4949,-45.4545,7.41215
-49.4949,-43.4343,6.99458
-49.4949,-41.4141,8.42827
-49.4949,-39.3939,7.37896
-49.4949,-37.3737,6.21036
-49.4949,-35.3535,6.63114
-49.4949,-33.3333,7.43272
-49.4949,-31.3131,7.7658
-49.4949,-29.2929,7.74767
-49.4949,-27.2727,7.64853
-49.4949,-25.2525,7.47488
-49.4949,-23.2323,6.91468
-49.4949,-21.2121,5.80271
-49.4949,-19.1919,5.44971
-49.4949,-17.1717,7.00581
-49.4949,-15.1515,6.10005
-49.4949,-13.1313,5.85527
-49.4949,-11.1111,6.21802
-49.4949,-9.09091,6.47451
-49.4949,-7.07071,4.99987
-49.4949,-5.05051,5.96287
-49.4949,-3.0303,6.81099
-49.4949,-1.0101,6.94998
-49.4949,1.0101,6.94998
-49.4949,3.0303,6.81099
-49.4949,5.05051,5.96287
-49.4949,7.07071,4.99987
-49.4949,9.09091,6.47451
-49.4949,11.1111,6.21802
-49.4949,13.1313,5.85527
-49.4949,15.1515,6.10005
-49.4949,17.1717,7.00581
-49.4949,19.1919,5.44971
-49.4949,21.2121,5.80271
-49.4949,23.2323,6.91468
-49.4949,25.2525,7.47488
-49.4949,27.2727,7.64853
-49.4949,29.2929,7.74767
-49.4949,31.3131,7.7658
-49.4949,33.3333,7.43272
-49.4949,35.3535,6.63114
-49.4949,37.3737,6.21036
-49.4949,39.3939,7.37896
-49.4949,41.4141,8.42827
-49.4949,43.4343,6.99458
-49.4949,45.4545,7.41215
-49.4949,47.4747,8.72595
-49.4949,49.4949,6.99989
-49.4949,51.5152,9.07186
-49.4949,53.5354,7.44856
-49.4949,55.5556,9.26918
-49.4949,57.5758,7.69947
-49.4949,59.596,9.72784
-49.4949,61.6162,7.92549
-49.4949,63.6364,9.79739
-49.4949,65.6566,9.05013
-49.4949,67.6768,8.82513
-49.4949,69.697,10.5429
-49.4949,71.7172,9.06876
-49.4949,73.7374,9.52148
-49.4949,75.7576,11.0483
-49.4949,77.7778,9.85528
-49.4949,79.798,9.57608
-49.4949,81.8182,11.2736
-49.4949,83.8384,11.3646
-49.4949,85.8586,10.1133
-49.4949,87.8788,10.4558
-49.4949,89.899,11.9762
-49.4949,91.9192,12.2404
-49.4949,93.9394,11.1968
-49.4949,95.9596,10.8124
-49.4949,97.9798,11.8422
-49.4949,100,13.0388
-47.4747,-100,12.3959
-47.4747,-97.9798,11.1779
-47.4747,-95.9596,10.7791
-47.4747,-93.9394,11.5523
-47.4747,-91.9192,12.3063
-47.4747,-89.899,11.6779
-47.4747,-87.8788,10.2482
-47.4747,-85.8586,10.04
-47.4747,-83.8384,11.2066
-47.4747,-81.8182,11.2892
-47.4747,-79.798,9.68529
-47.4747,-77.7778,9.39227
-47.4747,-75.7576,10.7637
-47.4747,-73.7374,10.087
-47.4747,-71.7172,8.60167
-47.4747,-69.697,9.91377
-47.4747,-67.6768,9.75958
-47.4747,-65.6566,8.11217
-47.4747,-63.6364,9.72647
-47.4747,-61.6162,8.56436
-47.4747,-59.596,8.27493
-47.4747,-57.5758,9.17167
-47.4747,-55.5556,7.42295
-47.4747,-53.5354,9.09962
-47.4747,-51.5152,7.06398
-47.4747,-49.4949,8.72595
-47.4747,-47.4747,7.07377
-47.4747,-45.4545,7.72002
-47.4747,-43.4343,8.0013
-47.4747,-41.4141,6.29999
-47.4747,-39.3939,7.53349
-47.4747,-37.3737,7.92015
-47.4747,-35.3535,6.56436
-47.4747,-33.3333,5.80219
-47.4747,-31.3131,5.99591
-47.4747,-29.2929,6.36246
-47.4747,-27.2727,6.46987
-47.4747,-25.2525,6.23294
-47.4747,-23.2323,5.67529
-47.4747,-21.2121,5.19988
-47.4747,-19.1919,5.85527
-47.4747,-17.1717,7.04395
-47.4747,-15.1515,5.48018
-47.4747,-13.1313,5.97167
-47.4747,-11.1111,5.82772
-47.4747,-9.09091,6.35525
-47.4747,-7.07071,4.79989
-47.4747,-5.05051,5.82052
-47.4747,-3.0303,6.65829
-47.4747,-1.0101,6.7444
-47.4747,1.0101,6.7444
-47.4747,3.0303,6.65829
-47.4747,5.05051,5.82052
-47.4747,7.07071,4.79989
-47.4747,9.09091,6.35525
-47.4747,11.1111,5.82772
-47.4747,13.1313,5.97167
-47.4747,15.1515,5.48018
-47.4747,17.1717,7.04395
-47.4747,19.1919,5.85527
-47.4747,21.2121,5.19988
-47.4747,23.2323,5.67529
-47.4747,25.2525,6.23294
-47.4747,27.2727,6.46987
-47.4747,29.2929,6.36246
-47.4747,31.3131,5.99591
-47.4747,33.3333,5.80219
-47.4747,35.3535,6.56436
-47.4747,37.3737,7.92015
-47.4747,39.3939,7.53349
-47.4747,41.4141,6.29999
-47.4747,43.4343,8.0013
-47.4747,45.4545,7.72002
-47.4747,47.4747,7.07377
-47.4747,49.4949,8.72595
-47.4747,51.5152,7.06398
-47.4747,53.5354,9.09962
-47.4747,55.5556,7.42295
-47.4747,57.5758,9.17167
-47.4747,59.596,8.27493
-47.4747,61.6162,8.56436
-47.4747,63.6364,9.72647
-47.4747,65.6566,8.11217
-47.4747,67.6768,9.75958
-47.4747,69.697,9.91377
-47.4747,71.7172,8.60167
-47.4747,73.7374,10.087
-47.4747,75.7576,10.7637
-47.4747,77.7778,9.39227
-47.4747,79.798,9.68529
-47.4747,81.8182,11.2892
-47.4747,83.8384,11.2066
-47.4747,85.8586,10.04
-47.4747,87.8788,10.2482
-47.4747,89.899,11.6779
-47.4747,91.9192,12.3063
-47.4747,93.9394,11.5523
-47.4747,95.9596,10.7791
-47.4747,97.9798,11.1779
-47.4747,100,12.3959
-45.4545,-100,11.418
-45.4545,-97.9798,10.803
-45.4545,-95.9596,11.1968
-45.4545,-93.9394,12.0667
-45.4545,-91.9192,12.2166
-45.4545,-89.899,11.1553
-45.4545,-87.8788,9.96793
-45.4545,-85.8586,10.119
-45.4545,-83.8384,11.2105
-45.4545,-81.8182,11.1809
-45.4545,-79.798,9.66967
-45.4545,-77.7778,9.15128
-45.4545,-75.7576,10.4111
-45.4545,-73.7374,10.3839
-45.4545,-71.7172,8.65132
-45.4545,-69.697,9.06782
-45.4545,-67.6768,10.1405
-45.4545,-65.6566,8.37018
-45.4545,-63.6364,8.529
-45.4545,-61.6162,9.56677
-45.4545,-59.596,7.54043
-45.4545,-57.5758,8.9528
-45.4545,-55.5556,7.98356
-45.4545,-53.5354,7.89302
-45.4545,-51.5152,8.16888
-45.4545,-49.4949,7.41215
-45.4545,-47.4747,7.72002
-45.4545,-45.4545,7.63063
-45.4545,-43.4343,6.60171
-45.4545,-41.4141,8.14787
-45.4545,-39.3939,6.42617
-45.4545,-37.3737,6.31474
-45.4545,-35.3535,7.62042
-45.4545,-33.3333,7.30688
-45.4545,-31.3131,6.18839
-45.4545,-29.2929,5.51885
-45.4545,-27.2727,5.30234
-45.4545,-25.2525,5.19988
-45.4545,-23.2323,5.14913
-45.4545,-21.2121,5.48256
-45.4545,-19.1919,6.47037
-45.4545,-17.1717,6.70348
-45.4545,-15.1515,4.93608
-45.4545,-13.1313,6.11857
-45.4545,-11.1111,5.41318
-45.4545,-9.09091,6.247
-45.4545,-7.07071,4.60015
-45.4545,-5.05051,5.67211
-45.4545,-3.0303,6.49548
-45.4545,-1.0101,6.52353
-45.4545,1.0101,6.52353
-45.4545,3.0303,6.49548
-45.4545,5.05051,5.67211
-45.4545,7.07071,4.60015
-45.4545,9.09091,6.247
-45.4545,11.1111,5.41318
-45.4545,13.1313,6.11857
-45.4545,15.1515,4.93608
-45.4545,17.1717,6.70348
-45.4545,19.1919,6.47037
-45.4545,21.2121,5.48256
-45.4545,23.2323,5.14913
-45.4545,25.2525,5.19988
-45.4545,27.2727,5.30234
-45.4545,29.2929,5.51885
-45.4545,31.3131,6.18839
-45.4545,33.3333,7.30688
-45.4545,35.3535,7.62042
-45.4545,37.3737,6.31474
-45.4545,39.3939,6.42617
-45.4545,41.4141,8.14787
-45.4545,43.4343,6.60171
-45.4545,45.4545,7.63063
-45.4545,47.4747,7.72002
-45.4545,49.4949,7.41215
-45.4545,51.5152,8.16888
-45.4545,53.5354,7.89302
-45.4545,55.5556,7.98356
-45.4545,57.5758,8.9528
-45.4545,59.596,7.54043
-45.4545,61.6162,9.56677
-45.4545,63.6364,8.529
-45.4545,65.6566,8.37018
-45.4545,67.6768,10.1405
-45.4545,69.697,9.06782
-45.4545,71.7172,8.65132
-45.4545,73.7374,10.3839
-45.4545,75.7576,10.4111
-45.4545,77.7778,9.15128
-45.4545,79.798,9.66967
-45.4545,81.8182,11.1809
-45.4545,83.8384,11.2105
-45.4545,85.8586,10.119
-45.4545,87.8788,9.96793
-45.4545,89.899,11.1553
-45.4545,91.9192,12.2166
-45.4545,93.9394,12.0667
-45.4545,95.9596,11.1968
-45.4545,97.9798,10.803
-45.4545,100,11.418
-43.4343,-100,10.9153
-43.4343,-97.9798,11.2662
-43.4343,-95.9596,12.0248
-43.4343,-93.9394,12.3489
-43.4343,-91.9192,11.6779
-43.4343,-89.899,10.4392
-43.4343,-87.8788,9.81665
-43.4343,-85.8586,10.433
-43.4343,-83.8384,11.3229
-43.4343,-81.8182,10.9368
-43.4343,-79.798,9.48258
-43.4343,-77.7778,9.04385
-43.4343,-75.7576,10.1896
-43.4343,-73.7374,10.4376
-43.4343,-71.7172,8.82513
-43.4343,-69.697,8.49698
-43.4343,-67.6768,9.90459
-43.4343,-65.6566,9.04051
-43.4343,-63.6364,7.74661
-43.4343,-61.6162,9.2941
-43.4343,-59.596,8.41029
-43.4343,-57.5758,7.48964
-43.4343,-55.5556,9.04463
-43.4343,-53.5354,6.96661
-43.4343,-51.5152,8.47633
-43.4343,-49.4949,6.99458
-43.4343,-47.4747,8.0013
-43.4343,-45.4545,6.60171
-43.4343,-43.4343,8.0348
-43.4343,-41.4141,6.00523
-43.4343,-39.3939,7.51047
-43.4343,-37.3737,7.04158
-43.4343,-35.3535,5.60064
-43.4343,-33.3333,6.46987
-43.4343,-31.3131,7.31499
-43.4343,-29.2929,7.00581
-43.4343,-27.2727,6.35833
-43.4343,-25.2525,5.97228
-43.4343,-23.2323,5.97167
-43.4343,-21.2121,6.35525
-43.4343,-19.1919,6.7444
-43.4343,-17.1717,5.94612
-43.4343,-15.1515,4.60015
-43.4343,-13.1313,6.24875
-43.4343,-11.1111,4.98505
-43.4343,-9.09091,6.14697
-43.4343,-7.07071,4.40135
-43.4343,-5.05051,5.51676
-43.4343,-3.0303,6.3227
-43.4343,-1.0101,6.28778
-43.4343,1.0101,6.28778
-43.4343,3.0303,6.3227
-43.4343,5.05051,5.51676
-43.4343,7.07071,4.40135
-43.4343,9.09091,6.14697
-43.4343,11.1111,4.98505
-43.4343,13.1313,6.24875
-43.4343,15.1515,4.60015
-43.4343,17.1717,5.94612
-43.4343,19.1919,6.7444
-43.4343,21.2121,6.35525
-43.4343,23.2323,5.97167
-43.4343,25.2525,5.97228
-43.4343,27.2727,6.35833
-43.4343,29.2929,7.00581
-43.4343,31.3131,7.31499
-43.4343,33.3333,6.46987
-43.4343,35.3535,5.60064
-43.4343,37.3737,7.04158
-43.4343,39.3939,7.51047
-43.4343,41.4141,6.00523
-43.4343,43.4343,8.0348
-43.4343,45.4545,6.60171
-43.4343,47.4747,8.0013
-43.4343,49.4949,6.99458
-43.4343,51.5152,8.47633
-43.4343,53.5354,6.96661
-43.4343,55.5556,9.04463
-43.4343,57.5758,7.48964
-43.4343,59.596,8.41029
-43.4343,61.6162,9.2941
-43.4343,63.6364,7.74661
-43.4343,65.6566,9.04051
-43.4343,67.6768,9.90459
-43.4343,69.697,8.49698
-43.4343,71.7172,8.82513
-43.4343,73.7374,10.4376
-43.4343,75.7576,10.1896
-43.4343,77.7778,9.04385
-43.4343,79.798,9.48258
-43.4343,81.8182,10.9368
-43.4343,83.8384,11.3229
-43.4343,85.8586,10.433
-43.4343,87.8788,9.81665
-43.4343,89.899,10.4392
-43.4343,91.9192,11.6779
-43.4343,93.9394,12.3489
-43.4343,95.9596,12.0248
-43.4343,97.9798,11.2662
-43.4343,100,10.9153
-41.4141,-100,11.7387
-41.4141,-97.9798,12.3345
-41.4141,-95.9596,12.4471
-41.4141,-93.9394,11.7849
-41.4141,-91.9192,10.6674
-41.4141,-89.899,9.90617
-41.4141,-87.8788,10.119
-41.4141,-85.8586,10.9857
-41.4141,-83.8384,11.3492
-41.4141,-81.8182,10.4644
-41.4141,-79.798,9.16457
-41.4141,-77.7778,9.06771
-41.4141,-75.7576,10.1618
-41.4141,-73.7374,10.358
-41.4141,-71.7172,8.8789
-41.4141,-69.697,8.21008
-41.4141,-67.6768,9.48475
-41.4141,-65.6566,9.46187
-41.4141,-63.6364,7.69947
-41.4141,-61.6162,8.36571
-41.4141,-59.596,9.15451
-41.4141,-57.5758,7.20653
-41.4141,-55.5556,8.19758
-41.4141,-53.5354,8.16958
-41.4141,-51.5152,6.79336
-41.4141,-49.4949,8.42827
-41.4141,-47.4747,6.29999
-41.4141,-45.4545,8.14787
-41.4141,-43.4343,6.00523
-41.4141,-41.4141,7.7658
-41.4141,-39.3939,6.16831
-41.4141,-37.3737,6.36246
-41.4141,-35.3535,7.39976
-41.4141,-33.3333,5.79328
-41.4141,-31.3131,5.31691
-41.4141,-29.2929,6.21802
-41.4141,-27.2727,6.81099
-41.4141,-25.2525,6.8499
-41.4141,-23.2323,6.7444
-41.4141,-21.2121,6.63477
-41.4141,-19.1919,6.17768
-41.4141,-17.1717,4.98505
-41.4141,-15.1515,4.59626
-41.4141,-13.1313,6.28778
-41.4141,-11.1111,4.56427
-41.4141,-9.09091,6.04972
-41.4141,-7.07071,4.20488
-41.4141,-5.05051,5.35353
-41.4141,-3.0303,6.14031
-41.4141,-1.0101,6.03777
-41.4141,1.0101,6.03777
-41.4141,3.0303,6.14031
-41.4141,5.05051,5.35353
-41.4141,7.07071,4.20488
-41.4141,9.09091,6.04972
-41.4141,11.1111,4.56427
-41.4141,13.1313,6.28778
-41.4141,15.1515,4.59626
-41.4141,17.1717,4.98505
-41.4141,19.1919,6.17768
-41.4141,21.2121,6.63477
-41.4141,23.2323,6.7444
-41.4141,25.2525,6.8499
-41.4141,27.2727,6.81099
-41.4141,29.2929,6.21802
-41.4141,31.3131,5.31691
-41.4141,33.3333,5.79328
-41.4141,35.3535,7.39976
-41.4141,37.3737,6.36246
-41.4141,39.3939,6.16831
-41.4141,41.4141,7.7658
-41.4141,43.4343,6.00523
-41.4141,45.4545,8.14787
-41.4141,47.4747,6.29999
-41.4141,49.4949,8.42827
-41.4141,51.5152,6.79336
-41.4141,53.5354,8.16958
-41.4141,55.5556,8.19758
-41.4141,57.5758,7.20653
-41.4141,59.596,9.15451
-41.4141,61.6162,8.36571
-41.4141,63.6364,7.69947
-41.4141,65.6566,9.46187
-41.4141,67.6768,9.48475
-41.4141,69.697,8.21008
-41.4141,71.7172,8.8789
-41.4141,73.7374,10.358
-41.4141,75.7576,10.1618
-41.4141,77.7778,9.06771
-41.4141,79.798,9.16457
-41.4141,81.8182,10.4644
-41.4141,83.8384,11.3492
-41.4141,85.8586,10.9857
-41.4141,87.8788,10.119
-41.4141,89.899,9.90617
-41.4141,91.9192,10.6674
-41.4141,93.9394,11.7849
-41.4141,95.9596,12.4471
-41.4141,97.9798,12.3345
-41.4141,100,11.7387
-39.3939,-100,12.7398
-39.3939,-97.9798,12.3593
-39.3939,-95.9596,11.492
-39.3939,-93.9394,10.5249
-39.3939,-91.9192,10.001
-39.3939,-89.899,10.2349
-39.3939,-87.8788,10.9665
-39.3939,-85.8586,11.422
-39.3939,-83.8384,10.9368
-39.3939,-81.8182,9.72425
-39.3939,-79.798,8.90043
-39.3939,-77.7778,9.32273
-39.3939,-75.7576,10.3008
-39.3939,-73.7374,10.1664
-39.3939,-71.7172,8.73172
-39.3939,-69.697,8.07542
-39.3939,-67.6768,9.1828
-39.3939,-65.6566,9.56677
-39.3939,-63.6364,7.93284
-39.3939,-61.6162,7.64255
-39.3939,-59.596,9.07186
-39.3939,-57.5758,7.89585
-39.3939,-55.5556,7.02067
-39.3939,-53.5354,8.62585
-39.3939,-51.5152,6.89067
-39.3939,-49.4949,7.37896
-39.3939,-47.4747,7.53349
-39.3939,-45.4545,6.42617
-39.3939,-43.4343,7.51047
-39.3939,-41.4141,6.16831
-39.3939,-39.3939,6.81104
-39.3939,-37.3737,6.74956
-39.3939,-35.3535,5.38408
-39.3939,-33.3333,6.95364
-39.3939,-31.3131,6.47451
-39.3939,-29.2929,5.06929
-39.3939,-27.2727,4.93608
-39.3939,-25.2525,5.41318
-39.3939,-23.2323,5.67211
-39.3939,-21.2121,5.52514
-39.3939,-19.1919,4.95496
-39.3939,-17.1717,4.31087
-39.3939,-15.1515,4.95526
-39.3939,-13.1313,6.14031
-39.3939,-11.1111,4.18585
-39.3939,-9.09091,5.94583
-39.3939,-7.07071,4.01319
-39.3939,-5.05051,5.18137
-39.3939,-3.0303,5.94893
-39.3939,-1.0101,5.77438
-39.3939,1.0101,5.77438
-39.3939,3.0303,5.94893
-39.3939,5.05051,5.18137
-39.3939,7.07071,4.01319
-39.3939,9.09091,5.94583
-39.3939,11.1111,4.18585
-39.3939,13.1313,6.14031
-39.3939,15.1515,4.95526
-39.3939,17.1717,4.31087
-39.3939,19.1919,4.95496
-39.3939,21.2121,5.52514
-39.3939,23.2323,5.67211
-39.3939,25.2525,5.41318
-39.3939,27.2727,4.93608
-39.3939,29.2929,5.06929
-39.3939,31.3131,6.47451
-39.3939,33.3333,6.95364
-39.3939,35.3535,5.38408
-39.3939,37.3737,6.74956
-39.3939,39.3939,6.81104
-39.3939,41.4141,6.16831
-39.3939,43.4343,7.51047
-39.3939,45.4545,6.42617
-39.3939,47.4747,7.53349
-39.3939,49.4949,7.37896
-39.3939,51.5152,6.89067
-39.3939,53.5354,8.62585
-39.3939,55.5556,7.02067
-39.3939,57.5758,7.89585
-39.3939,59.596,9.07186
-39.3939,61.6162,7.64255
-39.3939,63.6364,7.93284
-39.3939,65.6566,9.56677
-39.3939,67.6768,9.1828
-39.3939,69.697,8.07542
-39.3939,71.7172,8.73172
-39.3939,73.7374,10.1664
-39.3939,75.7576,10.3008
-39.3939,77.7778,9.32273
-39.3939,79.798,8.90043
-39.3939,81.8182,9.72425
-39.3939,83.8384,10.9368
-39.3939,85.8586,11.422
-39.3939,87.8788,10.9665
-39.3939,89.899,10.2349
-39.3939,91.9192,10.001
-39.3939,93.9394,10.5249
-39.3939,95.9596,11.492
-39.3939,97.9798,12.3593
-39.3939,100,12.7398
-37.3737,-100,11.6393
-37.3737,-97.9798,10.8215
-37.3737,-95.9596,10.3054
-37.3737,-93.9394,10.3047
-37.3737,-91.9192,10.7767
-37.3737,-89.899,11.3646
-37.3737,-87.8788,11.5493
-37.3737,-85.8586,11.0003
-37.3737,-83.8384,9.92162
-37.3737,-81.8182,9.04386
-37.3737,-79.798,9.06771
-37.3737,-77.7778,9.88538
-37.3737,-75.7576,10.4351
-37.3737,-73.7374,9.75958
-37.3737,-71.7172,8.39715
-37.3737,-69.697,8.04831
-37.3737,-67.6768,9.10316
-37.3737,-65.6566,9.50872
-37.3737,-63.6364,8.07325
-37.3737,-61.6162,7.28845
-37.3737,-59.596,8.59868
-37.3737,-57.5758,8.4905
-37.3737,-55.5556,6.73226
-37.3737,-53.5354,7.77988
-37.3737,-51.5152,7.98042
-37.3737,-49.4949,6.21036
-37.3737,-47.4747,7.92015
-37.3737,-45.4545,6.31474
-37.3737,-43.4343,7.04158
-37.3737,-41.4141,6.36246
-37.3737,-39.3939,6.74956
-37.3737,-37.3737,5.67529
-37.3737,-35.3535,7.08712
-37.3737,-33.3333,5.12862
-37.3737,-31.3131,5.82772
-37.3737,-29.2929,6.7444
-37.3737,-27.2727,5.73075
-37.3737,-25.2525,4.72145
-37.3737,-23.2323,4.40135
-37.3737,-21.2121,4.31087
-37.3737,-19.1919,4.20488
-37.3737,-17.1717,4.42773
-37.3737,-15.1515,5.5047
-37.3737,-13.1313,5.71775
-37.3737,-11.1111,3.90085
-37.3737,-9.09091,5.82017
-37.3737,-7.07071,3.83015
-37.3737,-5.05051,4.99902
-37.3737,-3.0303,5.74938
-37.3737,-1.0101,5.49867
-37.3737,1.0101,5.49867
-37.3737,3.0303,5.74938
-37.3737,5.05051,4.99902
-37.3737,7.07071,3.83015
-37.3737,9.09091,5.82017
-37.3737,11.1111,3.90085
-37.3737,13.1313,5.71775
-37.3737,15.1515,5.5047
-37.3737,17.1717,4.42773
-37.3737,19.1919,4.20488
-37.3737,21.2121,4.31087
-37.3737,23.2323,4.40135
-37.3737,25.2525,4.72145
-37.3737,27.2727,5.73075
-37.3737,29.2929,6.7444
-37.3737,31.3131,5.82772
-37.3737,33.3333,5.12862
-37.3737,35.3535,7.08712
-37.3737,37.3737,5.67529
-37.3737,39.3939,6.74956
-37.3737,41.4141,6.36246
-37.3737,43.4343,7.04158
-37.3737,45.4545,6.31474
-37.3737,47.4747,7.92015
-37.3737,49.4949,6.21036
-37.3737,51.5152,7.98042
-37.3737,53.5354,7.77988
-37.3737,55.5556,6.73226
-37.3737,57.5758,8.4905
-37.3737,59.596,8.59868
-37.3737,61.6162,7.28845
-37.3737,63.6364,8.07325
-37.3737,65.6566,9.50872
-37.3737,67.6768,9.10316
-37.3737,69.697,8.04831
-37.3737,71.7172,8.39715
-37.3737,73.7374,9.75958
-37.3737,75.7576,10.4351
-37.3737,77.7778,9.88538
-37.3737,79.798,9.06771
-37.3737,81.8182,9.04386
-37.3737,83.8384,9.92162
-37.3737,85.8586,11.0003
-37.3737,87.8788,11.5493
-37.3737,89.899,11.3646
-37.3737,91.9192,10.7767
-37.3737,93.9394,10.3047
-37.3737,95.9596,10.3054
-37.3737,97.9798,10.8215
-37.3737,100,11.6393
-35.3535,-100,10.6898
-35.3535,-97.9798,10.896
-35.3535,-95.9596,11.3202
-35.3535,-93.9394,11.7296
-35.3535,-91.9192,11.843
-35.3535,-89.899,11.4664
-35.3535,-87.8788,10.6377
-35.3535,-85.8586,9.68529
-35.3535,-83.8384,9.10179
-35.3535,-81.8182,9.22663
-35.3535,-79.798,9.90789
-35.3535,-77.7778,10.463
-35.3535,-75.7576,10.1664
-35.3535,-73.7374,9.02397
-35.3535,-71.7172,8.03097
-35.3535,-69.697,8.23112
-35.3535,-67.6768,9.24613
-35.3535,-65.6566,9.36231
-35.3535,-63.6364,7.98639
-35.3535,-61.6162,7.13246
-35.3535,-59.596,8.19758
-35.3535,-57.5758,8.67757
-35.3535,-55.5556,6.99458
-35.3535,-53.5354,6.85517
-35.3535,-51.5152,8.23963
-35.3535,-49.4949,6.63114
-35.3535,-47.4747,6.56436
-35.3535,-45.4545,7.62042
-35.3535,-43.4343,5.60064
-35.3535,-41.4141,7.39976
-35.3535,-39.3939,5.38408
-35.3535,-37.3737,7.08712
-35.3535,-35.3535,4.99987
-35.3535,-33.3333,6.70348
-35.3535,-31.3131,5.57836
-35.3535,-29.2929,4.73894
-35.3535,-27.2727,6.0499
-35.3535,-25.2525,6.28778
-35.3535,-23.2323,5.56214
-35.3535,-21.2121,4.99104
-35.3535,-19.1919,4.87796
-35.3535,-17.1717,5.2583
-35.3535,-15.1515,5.82017
-35.3535,-13.1313,4.99902
-35.3535,-11.1111,3.77254
-35.3535,-9.09091,5.6501
-35.3535,-7.07071,3.6617
-35.3535,-5.05051,4.80491
-35.3535,-3.0303,5.54273
-35.3535,-1.0101,5.21195
-35.3535,1.0101,5.21195
-35.3535,3.0303,5.54273
-35.3535,5.05051,4.80491
-35.3535,7.07071,3.6617
-35.3535,9.09091,5.6501
-35.3535,11.1111,3.77254
-35.3535,13.1313,4.99902
-35.3535,15.1515,5.82017
-35.3535,17.1717,5.2583
-35.3535,19.1919,4.87796
-35.3535,21.2121,4.99104
-35.3535,23.2323,5.56214
-35.3535,25.2525,6.28778
-35.3535,27.2727,6.0499
-35.3535,29.2929,4.73894
-35.3535,31.3131,5.57836
-35.3535,33.3333,6.70348
-35.3535,35.3535,4.99987
-35.3535,37.3737,7.08712
-35.3535,39.3939,5.38408
-35.3535,41.4141,7.39976
-35.3535,43.4343,5.60064
-35.3535,45.4545,7.62042
-35.3535,47.4747,6.56436
-35.3535,49.4949,6.63114
-35.3535,51.5152,8.23963
-35.3535,53.5354,6.85517
-35.3535,55.5556,6.99458
-35.3535,57.5758,8.67757
-35.3535,59.596,8.19758
-35.3535,61.6162,7.13246
-35.3535,63.6364,7.98639
-35.3535,65.6566,9.36231
-35.3535,67.6768,9.24613
-35.3535,69.697,8.23112
-35.3535,71.7172,8.03097
-35.3535,73.7374,9.02397
-35.3535,75.7576,10.1664
-35.3535,77.7778,10.463
-35.3535,79.798,9.90789
-35.3535,81.8182,9.22663
-35.3535,83.8384,9.10179
-35.3535,85.8586,9.68529
-35.3535,87.8788,10.6377
-35.3535,89.899,11.4664
-35.3535,91.9192,11.843
-35.3535,93.9394,11.7296
-35.3535,95.9596,11.3202
-35.3535,97.9798,10.896
-35.3535,100,10.6898
-33.3333,-100,12.3827
-33.3333,-97.9798,12.3489
-33.3333,-95.9596,12.0216
-33.3333,-93.9394,11.4044
-33.3333,-91.9192,10.6118
-33.3333,-89.899,9.8598
-33.3333,-87.8788,9.40155
-33.3333,-85.8586,9.40925
-33.3333,-83.8384,9.84636
-33.3333,-81.8182,10.4111
-33.3333,-79.798,10.6403
-33.3333,-77.7778,10.1922
-33.3333,-75.7576,9.17213
-33.3333,-73.7374,8.21095
-33.3333,-71.7172,8.04831
-33.3333,-69.697,8.77522
-33.3333,-67.6768,9.47477
-33.3333,-65.6566,9.0316
-33.3333,-63.6364,7.65864
-33.3333,-61.6162,7.06398
-33.3333,-59.596,8.04428
-33.3333,-57.5758,8.63657
-33.3333,-55.5556,7.24017
-33.3333,-53.5354,6.38774
-33.3333,-51.5152,7.76827
-33.3333,-49.4949,7.43272
-33.3333,-47.4747,5.80219
-33.3333,-45.4545,7.30688
-33.3333,-43.4343,6.46987
-33.3333,-41.4141,5.79328
-33.3333,-39.3939,6.95364
-33.3333,-37.3737,5.12862
-33.3333,-35.3535,6.70348
-33.3333,-33.3333,5.07881
-33.3333,-31.3131,5.67211
-33.3333,-29.2929,6.14697
-33.3333,-27.2727,4.39859
-33.3333,-25.2525,4.76366
-33.3333,-23.2323,5.74451
-33.3333,-21.2121,5.94893
-33.3333,-19.1919,5.82017
-33.3333,-17.1717,5.74938
-33.3333,-15.1515,5.41043
-33.3333,-13.1313,4.11995
-33.3333,-11.1111,3.85904
-33.3333,-9.09091,5.40463
-33.3333,-7.07071,3.51651
-33.3333,-5.05051,4.59702
-33.3333,-3.0303,5.33029
-33.3333,-1.0101,4.91569
-33.3333,1.0101,4.91569
-33.3333,3.0303,5.33029
-33.3333,5.05051,4.59702
-33.3333,7.07071,3.51651
-33.3333,9.09091,5.40463
-33.3333,11.1111,3.85904
-33.3333,13.1313,4.11995
-33.3333,15.1515,5.41043
-33.3333,17.1717,5.74938
-33.3333,19.1919,5.82017
-33.3333,21.2121,5.94893
-33.3333,23.2323,5.74451
-33.3333,25.2525,4.76366
-33.3333,27.2727,4.39859
-33.3333,29.2929,6.14697
-33.3333,31.3131,5.67211
-33.3333,33.3333,5.07881
-33.3333,35.3535,6.70348
-33.3333,37.3737,5.12862
-33.3333,39.3939,6.95364
-33.3333,41.4141,5.79328
-33.3333,43.4343,6.46987
-33.3333,45.4545,7.30688
-33.3333,47.4747,5.80219
-33.3333,49.4949,7.43272
-33.3333,51.5152,7.76827
-33.3333,53.5354,6.38774
-33.3333,55.5556,7.24017
-33.3333,57.5758,8.63657
-33.3333,59.596,8.04428
-33.3333,61.6162,7.06398
-33.3333,63.6364,7.65864
-33.3333,65.6566,9.0316
-33.3333,67.6768,9.47477
-33.3333,69.697,8.77522
-33.3333,71.7172,8.04831
-33.3333,73.7374,8.21095
-33.3333,75.7576,9.17213
-33.3333,77.7778,10.1922
-33.3333,79.798,10.6403
-33.3333,81.8182,10.4111
-33.3333,83.8384,9.84636
-33.3333,85.8586,9.40925
-33.3333,87.8788,9.40155
-33.3333,89.899,9.8598
-33.3333,91.9192,10.6118
-33.3333,93.9394,11.4044
-33.3333,95.9596,12.0216
-33.3333,97.9798,12.3489
-33.3333,100,12.3827
-31.3131,-100,11.2427
-31.3131,-97.9798,10.64
-31.3131,-95.9596,10.1656
-31.3131,-93.9394,9.91062
-31.3131,-91.9192,9.92585
-31.3131,-89.899,10.1887
-31.3131,-87.8788,10.5833
-31.3131,-85.8586,10.9112
-31.3131,-83.8384,10.9491
-31.3131,-81.8182,10.5487
-31.3131,-79.798,9.74834
-31.3131,-77.7778,8.82513
-31.3131,-75.7576,8.21079
-31.3131,-73.7374,8.24306
-31.3131,-71.7172,8.85772
-31.3131,-69.697,9.47827
-31.3131,-67.6768,9.36231
-31.3131,-65.6566,8.32876
-31.3131,-63.6364,7.20653
-31.3131,-61.6162,7.16697
-31.3131,-59.596,8.1667
-31.3131,-57.5758,8.52271
-31.3131,-55.5556,7.23634
-31.3131,-53.5354,6.21036
-31.3131,-51.5152,7.2488
-31.3131,-49.4949,7.7658
-31.3131,-47.4747,5.99591
-31.3131,-45.4545,6.18839
-31.3131,-43.4343,7.31499
-31.3131,-41.4141,5.31691
-31.3131,-39.3939,6.47451
-31.3131,-37.3737,5.82772
-31.3131,-35.3535,5.57836
-31.3131,-33.3333,5.67211
-31.3131,-31.3131,5.637
-31.3131,-29.2929,4.56427
-31.3131,-27.2727,6.14031
-31.3131,-25.2525,4.87796
-31.3131,-23.2323,3.90085
-31.3131,-21.2121,4.34783
-31.3131,-19.1919,4.81926
-31.3131,-17.1717,4.80491
-31.3131,-15.1515,4.25305
-31.3131,-13.1313,3.43517
-31.3131,-11.1111,4.17256
-31.3131,-9.09091,5.04656
-31.3131,-7.07071,3.40676
-31.3131,-5.05051,4.37263
-31.3131,-3.0303,5.11361
-31.3131,-1.0101,4.61149
-31.3131,1.0101,4.61149
-31.3131,3.0303,5.11361
-31.3131,5.05051,4.37263
-31.3131,7.07071,3.40676
-31.3131,9.09091,5.04656
-31.3131,11.1111,4.17256
-31.3131,13.1313,3.43517
-31.3131,15.1515,4.25305
-31.3131,17.1717,4.80491
-31.3131,19.1919,4.81926
-31.3131,21.2121,4.34783
-31.3131,23.2323,3.90085
-31.3131,25.2525,4.87796
-31.3131,27.2727,6.14031
-31.3131,29.2929,4.56427
-31.3131,31.3131,5.637
-31.3131,33.3333,5.67211
-31.3131,35.3535,5.57836
-31.3131,37.3737,5.82772
-31.3131,39.3939,6.47451
-31.3131,41.4141,5.31691
-31.3131,43.4343,7.31499
-31.3131,45.4545,6.18839
-31.3131,47.4747,5.99591
-31.3131,49.4949,7.7658
-31.3131,51.5152,7.2488
-31.3131,53.5354,6.21036
-31.3131,55.5556,7.23634
-31.3131,57.5758,8.52271
-31.3131,59.596,8.1667
-31.3131,61.6162,7.16697
-31.3131,63.6364,7.20653
-31.3131,65.6566,8.32876
-31.3131,67.6768,9.36231
-31.3131,69.697,9.47827
-31.3131,71.7172,8.85772
-31.3131,73.7374,8.24306
-31.3131,75.7576,8.21079
-31.3131,77.7778,8.82513
-31.3131,79.798,9.74834
-31.3131,81.8182,10.5487
-31.3131,83.8384,10.9491
-31.3131,85.8586,10.9112
-31.3131,87.8788,10.5833
-31.3131,89.899,10.1887
-31.3131,91.9192,9.92585
-31.3131,93.9394,9.91062
-31.3131,95.9596,10.1656
-31.3131,97.9798,10.64
-31.3131,100,11.2427
-29.2929,-100,11.1237
-29.2929,-97.9798,11.3202
-29.2929,-95.9596,11.5206
-29.2929,-93.9394,11.6514
-29.2929,-91.9192,11.634
-29.2929,-89.899,11.4041
-29.2929,-87.8788,10.9368
-29.2929,-85.8586,10.2709
-29.2929,-83.8384,9.52148
-29.2929,-81.8182,8.86716
-29.2929,-79.798,8.5009
-29.2929,-77.7778,8.54511
-29.2929,-75.7576,8.95774
-29.2929,-73.7374,9.48475
-29.2929,-71.7172,9.72784
-29.2929,-69.697,9.35981
-29.2929,-67.6768,8.41029
-29.2929,-65.6566,7.40015
-29.2929,-63.6364,7.06398
-29.2929,-61.6162,7.66498
-29.2929,-59.596,8.47112
-29.2929,-57.5758,8.27224
-29.2929,-55.5556,6.94049
-29.2929,-53.5354,6.11534
-29.2929,-51.5152,6.99626
-29.2929,-49.4949,7.74767
-29.2929,-47.4747,6.36246
-29.2929,-45.4545,5.51885
-29.2929,-43.4343,7.00581
-29.2929,-41.4141,6.21802
-29.2929,-39.3939,5.06929
-29.2929,-37.3737,6.7444
-29.2929,-35.3535,4.73894
-29.2929,-33.3333,6.14697
-29.2929,-31.3131,4.56427
-29.2929,-29.2929,6.03777
-29.2929,-27.2727,4.01319
-29.2929,-25.2525,5.32077
-29.2929,-23.2323,5.49867
-29.2929,-21.2121,4.11682
-29.2929,-19.1919,3.50995
-29.2929,-17.1717,3.43517
-29.2929,-15.1515,3.30627
-29.2929,-13.1313,3.40676
-29.2929,-11.1111,4.61149
-29.2929,-9.09091,4.54245
-29.2929,-7.07071,3.34839
-29.2929,-5.05051,4.12815
-29.2929,-3.0303,4.89452
-29.2929,-1.0101,4.30114
-29.2929,1.0101,4.30114
-29.2929,3.0303,4.89452
-29.2929,5.05051,4.12815
-29.2929,7.07071,3.34839
-29.2929,9.09091,4.54245
-29.2929,11.1111,4.61149
-29.2929,13.1313,3.40676
-29.2929,15.1515,3.30627
-29.2929,17.1717,3.43517
-29.2929,19.1919,3.50995
-29.2929,21.2121,4.11682
-29.2929,23.2323,5.49867
-29.2929,25.2525,5.32077
-29.2929,27.2727,4.01319
-29.2929,29.2929,6.03777
-29.2929,31.3131,4.56427
-29.2929,33.3333,6.14697
-29.2929,35.3535,4.73894
-29.2929,37.3737,6.7444
-29.2929,39.3939,5.06929
-29.2929,41.4141,6.21802
-29.2929,43.4343,7.00581
-29.2929,45.4545,5.51885
-29.2929,47.4747,6.36246
-29.2929,49.4949,7.74767
-29.2929,51.5152,6.99626
-29.2929,53.5354,6.11534
-29.2929,55.5556,6.94049
-29.2929,57.5758,8.27224
-29.2929,59.596,8.47112
-29.2929,61.6162,7.66498
-29.2929,63.6364,7.06398
-29.2929,65.6566,7.40015
-29.2929,67.6768,8.41029
-29.2929,69.697,9.35981
-29.2929,71.7172,9.72784
-29.2929,73.7374,9.48475
-29.2929,75.7576,8.95774
-29.2929,77.7778,8.54511
-29.2929,79.798,8.5009
-29.2929,81.8182,8.86716
-29.2929,83.8384,9.52148
-29.2929,85.8586,10.2709
-29.2929,87.8788,10.9368
-29.2929,89.899,11.4041
-29.2929,91.9192,11.634
-29.2929,93.9394,11.6514
-29.2929,95.9596,11.5206
-29.2929,97.9798,11.3202
-29.2929,100,11.1237
-27.2727,-100,11.9412
-27.2727,-97.9798,11.4514
-27.2727,-95.9596,10.9136
-27.2727,-93.9394,10.366
-27.2727,-91.9192,9.8598
-27.2727,-89.899,9.45398
-27.2727,-87.8788,9.20494
-27.2727,-85.8586,9.15128
-27.2727,-83.8384,9.2953
-27.2727,-81.8182,9.5863
-27.2727,-79.798,9.91377
-27.2727,-77.7778,10.1207
-27.2727,-75.7576,10.0459
-27.2727,-73.7374,9.5937
-27.2727,-71.7172,8.81185
-27.2727,-69.697,7.93284
-27.2727,-67.6768,7.3201
-27.2727,-65.6566,7.28465
-27.2727,-63.6364,7.82495
-27.2727,-61.6162,8.47633
-27.2727,-59.596,8.52271
-27.2727,-57.5758,7.62882
-27.2727,-55.5556,6.42326
-27.2727,-53.5354,6.13772
-27.2727,-51.5152,7.07176
-27.2727,-49.4949,7.64853
-27.2727,-47.4747,6.46987
-27.2727,-45.4545,5.30234
-27.2727,-43.4343,6.35833
-27.2727,-41.4141,6.81099
-27.2727,-39.3939,4.93608
-27.2727,-37.3737,5.73075
-27.2727,-35.3535,6.0499
-27.2727,-33.3333,4.39859
-27.2727,-31.3131,6.14031
-27.2727,-29.2929,4.01319
-27.2727,-27.2727,5.76321
-27.2727,-25.2525,4.22643
-27.2727,-23.2323,4.11995
-27.2727,-21.2121,5.40463
-27.2727,-19.1919,4.91569
-27.2727,-17.1717,4.08752
-27.2727,-15.1515,3.80418
-27.2727,-13.1313,4.14816
-27.2727,-11.1111,4.89452
-27.2727,-9.09091,3.8875
-27.2727,-7.07071,3.36007
-27.2727,-5.05051,3.85884
-27.2727,-3.0303,4.67512
-27.2727,-1.0101,3.9865
-27.2727,1.0101,3.9865
-27.2727,3.0303,4.67512
-27.2727,5.05051,3.85884
-27.2727,7.07071,3.36007
-27.2727,9.09091,3.8875
-27.2727,11.1111,4.89452
-27.2727,13.1313,4.14816
-27.2727,15.1515,3.80418
-27.2727,17.1717,4.08752
-27.2727,19.1919,4.91569
-27.2727,21.2121,5.40463
-27.2727,23.2323,4.11995
-27.2727,25.2525,4.22643
-27.2727,27.2727,5.76321
-27.2727,29.2929,4.01319
-27.2727,31.3131,6.14031
-27.2727,33.3333,4.39859
-27.2727,35.3535,6.0499
-27.2727,37.3737,5.73075
-27.2727,39.3939,4.93608
-27.2727,41.4141,6.81099
-27.2727,43.4343,6.35833
-27.2727,45.4545,5.30234
-27.2727,47.4747,6.46987
-27.2727,49.4949,7.64853
-27.2727,51.5152,7.07176
-27.2727,53.5354,6.13772
-27.2727,55.5556,6.42326
-27.2727,57.5758,7.62882
-27.2727,59.596,8.52271
-27.2727,61.6162,8.47633
-27.2727,63.6364,7.82495
-27.2727,65.6566,7.28465
-27.2727,67.6768,7.3201
-27.2727,69.697,7.93284
-27.2727,71.7172,8.81185
-27.2727,73.7374,9.5937
-27.2727,75.7576,10.0459
-27.2727,77.7778,10.1207
-27.2727,79.798,9.91377
-27.2727,81.8182,9.5863
-27.2727,83.8384,9.2953
-27.2727,85.8586,9.15128
-27.2727,87.8788,9.20494
-27.2727,89.899,9.45398
-27.2727,91.9192,9.8598
-27.2727,93.9394,10.366
-27.2727,95.9596,10.9136
-27.2727,97.9798,11.4514
-27.2727,100,11.9412
-25.2525,-100,10.6725
-25.2525,-97.9798,10.7019
-25.2525,-95.9596,10.7767
-25.2525,-93.9394,10.8799
-25.2525,-91.9192,10.9857
-25.2525,-89.899,11.0597
-25.2525,-87.8788,11.0614
-25.2525,-85.8586,10.9491
-25.2525,-83.8384,10.6881
-25.2525,-81.8182,10.2629
-25.2525,-79.798,9.68891
-25.2525,-77.7778,9.02397
-25.2525,-75.7576,8.37018
-25.2525,-73.7374,7.86077
-25.2525,-71.7172,7.62495
-25.2525,-69.697,7.73164
-25.2525,-67.6768,8.12674
-25.2525,-65.6566,8.59868
-25.2525,-63.6364,8.82046
-25.2525,-61.6162,8.503
-25.2525,-59.596,7.62692
-25.2525,-57.5758,6.60171
-25.2525,-55.5556,6.11534
-25.2525,-53.5354,6.56436
-25.2525,-51.5152,7.42902
-25.2525,-49.4949,7.47488
-25.2525,-47.4747,6.23294
-25.2525,-45.4545,5.19988
-25.2525,-43.4343,5.97228
-25.2525,-41.4141,6.8499
-25.2525,-39.3939,5.41318
-25.2525,-37.3737,4.72145
-25.2525,-35.3535,6.28778
-25.2525,-33.3333,4.76366
-25.2525,-31.3131,4.87796
-25.2525,-29.2929,5.32077
-25.2525,-27.2727,4.22643
-25.2525,-25.2525,4.80491
-25.2525,-23.2323,4.82108
-25.2525,-21.2121,3.30627
-25.2525,-19.1919,4.37263
-25.2525,-17.1717,5.02569
-25.2525,-15.1515,4.89452
-25.2525,-13.1313,4.81883
-25.2525,-11.1111,4.60694
-25.2525,-9.09091,3.15312
-25.2525,-7.07071,3.45817
-25.2525,-5.05051,3.55878
-25.2525,-3.0303,4.45783
-25.2525,-1.0101,3.66954
-25.2525,1.0101,3.66954
-25.2525,3.0303,4.45783
-25.2525,5.05051,3.55878
-25.2525,7.07071,3.45817
-25.2525,9.09091,3.15312
-25.2525,11.1111,4.60694
-25.2525,13.1313,4.81883
-25.2525,15.1515,4.89452
-25.2525,17.1717,5.02569
-25.2525,19.1919,4.37263
-25.2525,21.2121,3.30627
-25.2525,23.2323,4.82108
-25.2525,25.2525,4.80491
-25.2525,27.2727,4.22643
-25.2525,29.2929,5.32077
-25.2525,31.3131,4.87796
-25.2525,33.3333,4.76366
-25.2525,35.3535,6.28778
-25.2525,37.3737,4.72145
-25.2525,39.3939,5.41318
-25.2525,41.4141,6.8499
-25.2525,43.4343,5.97228
-25.2525,45.4545,5.19988
-25.2525,47.4747,6.23294
-25.2525,49.4949,7.47488
-25.2525,51.5152,7.42902
-25.2525,53.5354,6.56436
-25.2525,55.5556,6.11534
-25.2525,57.5758,6.60171
-25.2525,59.596,7.62692
-25.2525,61.6162,8.503
-25.2525,63.6364,8.82046
-25.2525,65.6566,8.59868
-25.2525,67.6768,8.12674
-25.2525,69.697,7.73164
-25.2525,71.7172,7.62495
-25.2525,73.7374,7.86077
-25.2525,75.7576,8.37018
-25.2525,77.7778,9.02397
-25.2525,79.798,9.68891
-25.2525,81.8182,10.2629
-25.2525,83.8384,10.6881
-25.2525,85.8586,10.9491
-25.2525,87.8788,11.0614
-25.2525,89.899,11.0597
-25.2525,91.9192,10.9857
-25.2525,93.9394,10.8799
-25.2525,95.9596,10.7767
-25.2525,97.9798,10.7019
-25.2525,100,10.6725
-23.2323,-100,11.7849
-23.2323,-97.9798,11.3996
-23.2323,-95.9596,10.9868
-23.2323,-93.9394,10.5543
-23.2323,-91.9192,10.1146
-23.2323,-89.899,9.68529
-23.2323,-87.8788,9.28872
-23.2323,-85.8586,8.95109
-23.2323,-83.8384,8.69988
-23.2323,-81.8182,8.55952
-23.2323,-79.798,8.54511
-23.2323,-77.7778,8.65451
-23.2323,-75.7576,8.86015
-23.2323,-73.7374,9.10316
-23.2323,-71.7172,9.2941
-23.2323,-69.697,9.32536
-23.2323,-67.6768,9.09962
-23.2323,-65.6566,8.57393
-23.2323,-63.6364,7.80853
-23.2323,-61.6162,6.99458
-23.2323,-59.596,6.42161
-23.2323,-57.5758,6.35208
-23.2323,-55.5556,6.81965
-23.2323,-53.5354,7.46856
-23.2323,-51.5152,7.64853
-23.2323,-49.4949,6.91468
-23.2323,-47.4747,5.67529
-23.2323,-45.4545,5.14913
-23.2323,-43.4343,5.97167
-23.2323,-41.4141,6.7444
-23.2323,-39.3939,5.67211
-23.2323,-37.3737,4.40135
-23.2323,-35.3535,5.56214
-23.2323,-33.3333,5.74451
-23.2323,-31.3131,3.90085
-23.2323,-29.2929,5.49867
-23.2323,-27.2727,4.11995
-23.2323,-25.2525,4.82108
-23.2323,-23.2323,3.67033
-23.2323,-21.2121,5.11361
-23.2323,-19.1919,3.34839
-23.2323,-17.1717,3.12007
-23.2323,-15.1515,3.85884
-23.2323,-13.1313,4.05682
-23.2323,-11.1111,3.55878
-23.2323,-9.09091,2.54837
-23.2323,-7.07071,3.64337
-23.2323,-5.05051,3.22135
-23.2323,-3.0303,4.24537
-23.2323,-1.0101,3.35226
-23.2323,1.0101,3.35226
-23.2323,3.0303,4.24537
-23.2323,5.05051,3.22135
-23.2323,7.07071,3.64337
-23.2323,9.09091,2.54837
-23.2323,11.1111,3.55878
-23.2323,13.1313,4.05682
-23.2323,15.1515,3.85884
-23.2323,17.1717,3.12007
-23.2323,19.1919,3.34839
-23.2323,21.2121,5.11361
-23.2323,23.2323,3.67033
-23.2323,25.2525,4.82108
-23.2323,27.2727,4.11995
-23.2323,29.2929,5.49867
-23.2323,31.3131,3.90085
-23.2323,33.3333,5.74451
-23.2323,35.3535,5.56214
-23.2323,37.3737,4.40135
-23.2323,39.3939,5.67211
-23.2323,41.4141,6.7444
-23.2323,43.4343,5.97167
-23.2323,45.4545,5.14913
-23.2323,47.4747,5.67529
-23.2323,49.4949,6.91468
-23.2323,51.5152,7.64853
-23.2323,53.5354,7.46856
-23.2323,55.5556,6.81965
-23.2323,57.5758,6.35208
-23.2323,59.596,6.42161
-23.2323,61.6162,6.99458
-23.2323,63.6364,7.80853
-23.2323,65.6566,8.57393
-23.2323,67.6768,9.09962
-23.2323,69.697,9.32536
-23.2323,71.7172,9.2941
-23.2323,73.7374,9.10316
-23.2323,75.7576,8.86015
-23.2323,77.7778,8.65451
-23.2323,79.798,8.54511
-23.2323,81.8182,8.55952
-23.2323,83.8384,8.69988
-23.2323,85.8586,8.95109
-23.2323,87.8788,9.28872
-23.2323,89.899,9.68529
-23.2323,91.9192,10.1146
-23.2323,93.9394,10.5543
-23.2323,95.9596,10.9868
-23.2323,97.9798,11.3996
-23.2323,100,11.7849
-21.2121,-100,11.0662
-21.2121,-97.9798,11.0228
-21.2121,-95.9596,10.9911
-21.2121,-93.9394,10.9665
-21.2121,-91.9192,10.9425
-21.2121,-89.899,10.9105
-21.2121,-87.8788,10.8589
-21.2121,-85.8586,10.774
-21.2121,-83.8384,10.6403
-21.2121,-81.8182,10.4417
-21.2121,-79.798,10.1639
-21.2121,-77.7778,9.79739
-21.2121,-75.7576,9.34202
-21.2121,-73.7374,8.81185
-21.2121,-71.7172,8.23982
-21.2121,-69.697,7.68028
-21.2121,-67.6768,7.20653
-21.2121,-65.6566,6.89988
-21.2121,-63.6364,6.8274
-21.2121,-61.6162,7.00865
-21.2121,-59.596,7.37896
-21.2121,-57.5758,7.76827
-21.2121,-55.5556,7.92586
-21.2121,-53.5354,7.62042
-21.2121,-51.5152,6.81104
-21.2121,-49.4949,5.80271
-21.2121,-47.4747,5.19988
-21.2121,-45.4545,5.48256
-21.2121,-43.4343,6.35525
-21.2121,-41.4141,6.63477
-21.2121,-39.3939,5.52514
-21.2121,-37.3737,4.31087
-21.2121,-35.3535,4.99104
-21.2121,-33.3333,5.94893
-21.2121,-31.3131,4.34783
-21.2121,-29.2929,4.11682
-21.2121,-27.2727,5.40463
-21.2121,-25.2525,3.30627
-21.2121,-23.2323,5.11361
-21.2121,-21.2121,2.99989
-21.2121,-19.1919,4.64817
-21.2121,-17.1717,3.9865
-21.2121,-15.1515,2.69576
-21.2121,-13.1313,2.54837
-21.2121,-11.1111,2.45161
-21.2121,-9.09091,2.42582
-21.2121,-7.07071,3.87114
-21.2121,-5.05051,2.84127
-21.2121,-3.0303,4.04072
-21.2121,-1.0101,3.03675
-21.2121,1.0101,3.03675
-21.2121,3.0303,4.04072
-21.2121,5.05051,2.84127
-21.2121,7.07071,3.87114
-21.2121,9.09091,2.42582
-21.2121,11.1111,2.45161
-21.2121,13.1313,2.54837
-21.2121,15.1515,2.69576
-21.2121,17.1717,3.9865
-21.2121,19.1919,4.64817
-21.2121,21.2121,2.99989
-21.2121,23.2323,5.11361
-21.2121,25.2525,3.30627
-21.2121,27.2727,5.40463
-21.2121,29.2929,4.11682
-21.2121,31.3131,4.34783
-21.2121,33.3333,5.94893
-21.2121,35.3535,4.99104
-21.2121,37.3737,4.31087
-21.2121,39.3939,5.52514
-21.2121,41.4141,6.63477
-21.2121,43.4343,6.35525
-21.2121,45.4545,5.48256
-21.2121,47.4747,5.19988
-21.2121,49.4949,5.80271
-21.2121,51.5152,6.81104
-21.2121,53.5354,7.62042
-21.2121,55.5556,7.92586
-21.2121,57.5758,7.76827
-21.2121,59.596,7.37896
-21.2121,61.6162,7.00865
-21.2121,63.6364,6.8274
-21.2121,65.6566,6.89988
-21.2121,67.6768,7.20653
-21.2121,69.697,7.68028
-21.2121,71.7172,8.23982
-21.2121,73.7374,8.81185
-21.2121,75.7576,9.34202
-21.2121,77.7778,9.79739
-21.2121,79.798,10.1639
-21.2121,81.8182,10.4417
-21.2121,83.8384,10.6403
-21.2121,85.8586,10.774
-21.2121,87.8788,10.8589
-21.2121,89.899,10.9105
-21.2121,91.9192,10.9425
-21.2121,93.9394,10.9665
-21.2121,95.9596,10.9911
-21.2121,97.9798,11.0228
-21.2121,100,11.0662
-19.1919,-100,10.7285
-19.1919,-97.9798,10.4392
-19.1919,-95.9596,10.1487
-19.1919,-93.9394,9.8598
-19.1919,-91.9192,9.57608
-19.1919,-89.899,9.30221
-19.1919,-87.8788,9.04386
-19.1919,-85.8586,8.80779
-19.1919,-83.8384,8.60167
-19.1919,-81.8182,8.43369
-19.1919,-79.798,8.31189
-19.1919,-77.7778,8.24306
-19.1919,-75.7576,8.23112
-19.1919,-73.7374,8.27493
-19.1919,-71.7172,8.36571
-19.1919,-69.697,8.48424
-19.1919,-67.6768,8.59868
-19.1919,-65.6566,8.66412
-19.1919,-63.6364,8.62585
-19.1919,-61.6162,8.42827
-19.1919,-59.596,8.03164
-19.1919,-57.5758,7.43611
-19.1919,-55.5556,6.70815
-19.1919,-53.5354,5.99591
-19.1919,-51.5152,5.51071
-19.1919,-49.4949,5.44971
-19.1919,-47.4747,5.85527
-19.1919,-45.4545,6.47037
-19.1919,-43.4343,6.7444
-19.1919,-41.4141,6.17768
-19.1919,-39.3939,4.95496
-19.1919,-37.3737,4.20488
-19.1919,-35.3535,4.87796
-19.1919,-33.3333,5.82017
-19.1919,-31.3131,4.81926
-19.1919,-29.2929,3.50995
-19.1919,-27.2727,4.91569
-19.1919,-25.2525,4.37263
-19.1919,-23.2323,3.34839
-19.1919,-21.2121,4.64817
-19.1919,-19.1919,3.08388
-19.1919,-17.1717,3.55878
-19.1919,-15.1515,4.39998
-19.1919,-13.1313,3.35226
-19.1919,-11.1111,2.77071
-19.1919,-9.09091,3.03675
-19.1919,-7.07071,4.00199
-19.1919,-5.05051,2.42071
-19.1919,-3.0303,3.84694
-19.1919,-1.0101,2.72511
-19.1919,1.0101,2.72511
-19.1919,3.0303,3.84694
-19.1919,5.05051,2.42071
-19.1919,7.07071,4.00199
-19.1919,9.09091,3.03675
-19.1919,11.1111,2.77071
-19.1919,13.1313,3.35226
-19.1919,15.1515,4.39998
-19.1919,17.1717,3.55878
-19.1919,19.1919,3.08388
-19.1919,21.2121,4.64817
-19.1919,23.2323,3.34839
-19.1919,25.2525,4.37263
-19.1919,27.2727,4.91569
-19.1919,29.2929,3.50995
-19.1919,31.3131,4.81926
-19.1919,33.3333,5.82017
-19.1919,35.3535,4.87796
-19.1919,37.3737,4.20488
-19.1919,39.3939,4.95496
-19.1919,41.4141,6.17768
-19.1919,43.4343,6.7444
-19.1919,45.4545,6.47037
-19.1919,47.4747,5.85527
-19.1919,49.4949,5.44971
-19.1919,51.5152,5.51071
-19.1919,53.5354,5.99591
-19.1919,55.5556,6.70815
-19.1919,57.5758,7.43611
-19.1919,59.596,8.03164
-19.1919,61.6162,8.42827
-19.1919,63.6364,8.62585
-19.1919,65.6566,8.66412
-19.1919,67.6768,8.59868
-19.1919,69.697,8.48424
-19.1919,71.7172,8.36571
-19.1919,73.7374,8.27493
-19.1919,75.7576,8.23112
-19.1919,77.7778,8.24306
-19.1919,79.798,8.31189
-19.1919,81.8182,8.43369
-19.1919,83.8384,8.60167
-19.1919,85.8586,8.80779
-19.1919,87.8788,9.04386
-19.1919,89.899,9.30221
-19.1919,91.9192,9.57608
-19.1919,93.9394,9.8598
-19.1919,95.9596,10.1487
-19.1919,97.9798,10.4392
-19.1919,100,10.7285
-17.1717,-100,12.1204
-17.1717,-97.9798,11.9331
-17.1717,-95.9596,11.7433
-17.1717,-93.9394,11.5493
-17.1717,-91.9192,11.3492
-17.1717,-89.899,11.1408
-17.1717,-87.8788,10.9214
-17.1717,-85.8586,10.6881
-17.1717,-83.8384,10.4376
-17.1717,-81.8182,10.1664
-17.1717,-79.798,9.87107
-17.1717,-77.7778,9.54877
-17.1717,-75.7576,9.19752
-17.1717,-73.7374,8.81716
-17.1717,-71.7172,8.41029
-17.1717,-69.697,7.98356
-17.1717,-67.6768,7.54902
-17.1717,-65.6566,7.12538
-17.1717,-63.6364,6.73868
-17.1717,-61.6162,6.42161
-17.1717,-59.596,6.21036
-17.1717,-57.5758,6.13772
-17.1717,-55.5556,6.22122
-17.1717,-53.5354,6.44654
-17.1717,-51.5152,6.74956
-17.1717,-49.4949,7.00581
-17.1717,-47.4747,7.04395
-17.1717,-45.4545,6.70348
-17.1717,-43.4343,5.94612
-17.1717,-41.4141,4.98505
-17.1717,-39.3939,4.31087
-17.1717,-37.3737,4.42773
-17.1717,-35.3535,5.2583
-17.1717,-33.3333,5.74938
-17.1717,-31.3131,4.80491
-17.1717,-29.2929,3.43517
-17.1717,-27.2727,4.08752
-17.1717,-25.2525,5.02569
-17.1717,-23.2323,3.12007
-17.1717,-21.2121,3.9865
-17.1717,-19.1919,3.55878
-17.1717,-17.1717,3.64337
-17.1717,-15.1515,2.47893
-17.1717,-13.1313,3.90301
-17.1717,-11.1111,4.00199
-17.1717,-9.09091,3.84694
-17.1717,-7.07071,3.76058
-17.1717,-5.05051,1.98446
-17.1717,-3.0303,3.66649
-17.1717,-1.0101,2.4195
-17.1717,1.0101,2.4195
-17.1717,3.0303,3.66649
-17.1717,5.05051,1.98446
-17.1717,7.07071,3.76058
-17.1717,9.09091,3.84694
-17.1717,11.1111,4.00199
-17.1717,13.1313,3.90301
-17.1717,15.1515,2.47893
-17.1717,17.1717,3.64337
-17.1717,19.1919,3.55878
-17.1717,21.2121,3.9865
-17.1717,23.2323,3.12007
-17.1717,25.2525,5.02569
-17.1717,27.2727,4.08752
-17.1717,29.2929,3.43517
-17.1717,31.3131,4.80491
-17.1717,33.3333,5.74938
-17.1717,35.3535,5.2583
-17.1717,37.3737,4.42773
-17.1717,39.3939,4.31087
-17.1717,41.4141,4.98505
-17.1717,43.4343,5.94612
-17.1717,45.4545,6.70348
-17.1717,47.4747,7.04395
-17.1717,49.4949,7.00581
-17.1717,51.5152,6.74956
-17.1717,53.5354,6.44654
-17.1717,55.5556,6.22122
-17.1717,57.5758,6.13772
-17.1717,59.596,6.21036
-17.1717,61.6162,6.42161
-17.1717,63.6364,6.73868
-17.1717,65.6566,7.12538
-17.1717,67.6768,7.54902
-17.1717,69.697,7.98356
-17.1717,71.7172,8.41029
-17.1717,73.7374,8.81716
-17.1717,75.7576,9.19752
-17.1717,77.7778,9.54877
-17.1717,79.798,9.87107
-17.1717,81.8182,10.1664
-17.1717,83.8384,10.4376
-17.1717,85.8586,10.6881
-17.1717,87.8788,10.9214
-17.1717,89.899,11.1408
-17.1717,91.9192,11.3492
-17.1717,93.9394,11.5493
-17.1717,95.9596,11.7433
-17.1717,97.9798,11.9331
-17.1717,100,12.1204
-15.1515,-100,10.4832
-15.1515,-97.9798,10.2985
-15.1515,-95.9596,10.119
-15.1515,-93.9394,9.94521
-15.1515,-91.9192,9.77787
-15.1515,-89.899,9.61775
-15.1515,-87.8788,9.46572
-15.1515,-85.8586,9.32273
-15.1515,-83.8384,9.18977
-15.1515,-81.8182,9.06782
-15.1515,-79.798,8.95774
-15.1515,-77.7778,8.86015
-15.1515,-75.7576,8.77522
-15.1515,-73.7374,8.70246
-15.1515,-71.7172,8.64031
-15.1515,-69.697,8.58571
-15.1515,-67.6768,8.5336
-15.1515,-65.6566,8.47633
-15.1515,-63.6364,8.40307
-15.1515,-61.6162,8.2995
-15.1515,-59.596,8.14787
-15.1515,-57.5758,7.92812
-15.1515,-55.5556,7.62042
-15.1515,-53.5354,7.2102
-15.1515,-51.5152,6.69597
-15.1515,-49.4949,6.10005
-15.1515,-47.4747,5.48018
-15.1515,-45.4545,4.93608
-15.1515,-43.4343,4.60015
-15.1515,-41.4141,4.59626
-15.1515,-39.3939,4.95526
-15.1515,-37.3737,5.5047
-15.1515,-35.3535,5.82017
-15.1515,-33.3333,5.41043
-15.1515,-31.3131,4.25305
-15.1515,-29.2929,3.30627
-15.1515,-27.2727,3.80418
-15.1515,-25.2525,4.89452
-15.1515,-23.2323,3.85884
-15.1515,-21.2121,2.69576
-15.1515,-19.1919,4.39998
-15.1515,-17.1717,2.47893
-15.1515,-15.1515,4.04072
-15.1515,-13.1313,2.05381
-15.1515,-11.1111,2.63651
-15.1515,-9.09091,3.25118
-15.1515,-7.07071,2.85849
-15.1515,-5.05051,1.61355
-15.1515,-3.0303,3.49922
-15.1515,-1.0101,2.12222
-15.1515,1.0101,2.12222
-15.1515,3.0303,3.49922
-15.1515,5.05051,1.61355
-15.1515,7.07071,2.85849
-15.1515,9.09091,3.25118
-15.1515,11.1111,2.63651
-15.1515,13.1313,2.05381
-15.1515,15.1515,4.04072
-15.1515,17.1717,2.47893
-15.1515,19.1919,4.39998
-15.1515,21.2121,2.69576
-15.1515,23.2323,3.85884
-15.1515,25.2525,4.89452
-15.1515,27.2727,3.80418
-15.1515,29.2929,3.30627
-15.1515,31.3131,4.25305
-15.1515,33.3333,5.41043
-15.1515,35.3535,5.82017
-15.1515,37.3737,5.5047
-15.1515,39.3939,4.95526
-15.1515,41.4141,4.59626
-15.1515,43.4343,4.60015
-15.1515,45.4545,4.93608
-15.1515,47.4747,5.48018
-15.1515,49.4949,6.10005
-15.1515,51.5152,6.69597
-15.1515,53.5354,7.2102
-15.1515,55.5556,7.62042
-15.1515,57.5758,7.92812
-15.1515,59.596,8.14787
-15.1515,61.6162,8.2995
-15.1515,63.6364,8.40307
-15.1515,65.6566,8.47633
-15.1515,67.6768,8.5336
-15.1515,69.697,8.58571
-15.1515,71.7172,8.64031
-15.1515,73.7374,8.70246
-15.1515,75.7576,8.77522
-15.1515,77.7778,8.86015
-15.1515,79.798,8.95774
-15.1515,81.8182,9.06782
-15.1515,83.8384,9.18977
-15.1515,85.8586,9.32273
-15.1515,87.8788,9.46572
-15.1515,89.899,9.61775
-15.1515,91.9192,9.77787
-15.1515,93.9394,9.94521
-15.1515,95.9596,10.119
-15.1515,97.9798,10.2985
-15.1515,100,10.4832
-13.1313,-100,10.4558
-13.1313,-97.9798,10.2686
-13.1313,-95.9596,10.078
-13.1313,-93.9394,9.88368
-13.1313,-91.9192,9.68529
-13.1313,-89.899,9.48258
-13.1313,-87.8788,9.27529
-13.1313,-85.8586,9.0632
-13.1313,-83.8384,8.84617
-13.1313,-81.8182,8.62413
-13.1313,-79.798,8.39715
-13.1313,-77.7778,8.16546
-13.1313,-75.7576,7.92954
-13.1313,-73.7374,7.69016
-13.1313,-71.7172,7.44856
-13.1313,-69.697,7.20653
-13.1313,-67.6768,6.96661
-13.1313,-65.6566,6.73226
-13.1313,-63.6364,6.50808
-13.1313,-61.6162,6.29999
-13.1313,-59.596,6.11534
-13.1313,-57.5758,5.96286
-13.1313,-55.5556,5.85224
-13.1313,-53.5354,5.79313
-13.1313,-51.5152,5.79328
-13.1313,-49.4949,5.85527
-13.1313,-47.4747,5.97167
-13.1313,-45.4545,6.11857
-13.1313,-43.4343,6.24875
-13.1313,-41.4141,6.28778
-13.1313,-39.3939,6.14031
-13.1313,-37.3737,5.71775
-13.1313,-35.3535,4.99902
-13.1313,-33.3333,4.11995
-13.1313,-31.3131,3.43517
-13.1313,-29.2929,3.40676
-13.1313,-27.2727,4.14816
-13.1313,-25.2525,4.81883
-13.1313,-23.2323,4.05682
-13.1313,-21.2121,2.54837
-13.1313,-19.1919,3.35226
-13.1313,-17.1717,3.90301
-13.1313,-15.1515,2.05381
-13.1313,-13.1313,3.76058
-13.1313,-11.1111,2.4195
-13.1313,-9.09091,1.61355
-13.1313,-7.07071,1.63399
-13.1313,-5.05051,1.49963
-13.1313,-3.0303,3.3367
-13.1313,-1.0101,1.83584
-13.1313,1.0101,1.83584
-13.1313,3.0303,3.3367
-13.1313,5.05051,1.49963
-13.1313,7.07071,1.63399
-13.1313,9.09091,1.61355
-13.1313,11.1111,2.4195
-13.1313,13.1313,3.76058
-13.1313,15.1515,2.05381
-13.1313,17.1717,3.90301
-13.1313,19.1919,3.35226
-13.1313,21.2121,2.54837
-13.1313,23.2323,4.05682
-13.1313,25.2525,4.81883
-13.1313,27.2727,4.14816
-13.1313,29.2929,3.40676
-13.1313,31.3131,3.43517
-13.1313,33.3333,4.11995
-13.1313,35.3535,4.99902
-13.1313,37.3737,5.71775
-13.1313,39.3939,6.14031
-13.1313,41.4141,6.28778
-13.1313,43.4343,6.24875
-13.1313,45.4545,6.11857
-13.1313,47.4747,5.97167
-13.1313,49.4949,5.85527
-13.1313,51.5152,5.79328
-13.1313,53.5354,5.79313
-13.1313,55.5556,5.85224
-13.1313,57.5758,5.96286
-13.1313,59.596,6.11534
-13.1313,61.6162,6.29999
-13.1313,63.6364,6.50808
-13.1313,65.6566,6.73226
-13.1313,67.6768,6.96661
-13.1313,69.697,7.20653
-13.1313,71.7172,7.44856
-13.1313,73.7374,7.69016
-13.1313,75.7576,7.92954
-13.1313,77.7778,8.16546
-13.1313,79.798,8.39715
-13.1313,81.8182,8.62413
-13.1313,83.8384,8.84617
-13.1313,85.8586,9.0632
-13.1313,87.8788,9.27529
-13.1313,89.899,9.48258
-13.1313,91.9192,9.68529
-13.1313,93.9394,9.88368
-13.1313,95.9596,10.078
-13.1313,97.9798,10.2686
-13.1313,100,10.4558
-11.1111,-100,11.81
-11.1111,-97.9798,11.64
-11.1111,-95.9596,11.4664
-11.1111,-93.9394,11.2892
-11.1111,-91.9192,11.1088
-11.1111,-89.899,10.9253
-11.1111,-87.8788,10.7389
-11.1111,-85.8586,10.5497
-11.1111,-83.8384,10.358
-11.1111,-81.8182,10.1639
-11.1111,-79.798,9.96734
-11.1111,-77.7778,9.76835
-11.1111,-75.7576,9.56677
-11.1111,-73.7374,9.36231
-11.1111,-71.7172,9.15451
-11.1111,-69.697,8.9427
-11.1111,-67.6768,8.72595
-11.1111,-65.6566,8.503
-11.1111,-63.6364,8.27224
-11.1111,-61.6162,8.03164
-11.1111,-59.596,7.77869
-11.1111,-57.5758,7.51047
-11.1111,-55.5556,7.22364
-11.1111,-53.5354,6.91468
-11.1111,-51.5152,6.58026
-11.1111,-49.4949,6.21802
-11.1111,-47.4747,5.82772
-11.1111,-45.4545,5.41318
-11.1111,-43.4343,4.98505
-11.1111,-41.4141,4.56427
-11.1111,-39.3939,4.18585
-11.1111,-37.3737,3.90085
-11.1111,-35.3535,3.77254
-11.1111,-33.3333,3.85904
-11.1111,-31.3131,4.17256
-11.1111,-29.2929,4.61149
-11.1111,-27.2727,4.89452
-11.1111,-25.2525,4.60694
-11.1111,-23.2323,3.55878
-11.1111,-21.2121,2.45161
-11.1111,-19.1919,2.77071
-11.1111,-17.1717,4.00199
-11.1111,-15.1515,2.63651
-11.1111,-13.1313,2.4195
-11.1111,-11.1111,2.79878
-11.1111,-9.09091,3.05463
-11.1111,-7.07071,1.83584
-11.1111,-5.05051,1.9421
-11.1111,-3.0303,3.14604
-11.1111,-1.0101,1.56368
-11.1111,1.0101,1.56368
-11.1111,3.0303,3.14604
-11.1111,5.05051,1.9421
-11.1111,7.07071,1.83584
-11.1111,9.09091,3.05463
-11.1111,11.1111,2.79878
-11.1111,13.1313,2.4195
-11.1111,15.1515,2.63651
-11.1111,17.1717,4.00199
-11.1111,19.1919,2.77071
-11.1111,21.2121,2.45161
-11.1111,23.2323,3.55878
-11.1111,25.2525,4.60694
-11.1111,27.2727,4.89452
-11.1111,29.2929,4.61149
-11.1111,31.3131,4.17256
-11.1111,33.3333,3.85904
-11.1111,35.3535,3.77254
-11.1111,37.3737,3.90085
-11.1111,39.3939,4.18585
-11.1111,41.4141,4.56427
-11.1111,43.4343,4.98505
-11.1111,45.4545,5.41318
-11.1111,47.4747,5.82772
-11.1111,49.4949,6.21802
-11.1111,51.5152,6.58026
-11.1111,53.5354,6.91468
-11.1111,55.5556,7.22364
-11.1111,57.5758,7.51047
-11.1111,59.596,7.77869
-11.1111,61.6162,8.03164
-11.1111,63.6364,8.27224
-11.1111,65.6566,8.503
-11.1111,67.6768,8.72595
-11.1111,69.697,8.9427
-11.1111,71.7172,9.15451
-11.1111,73.7374,9.36231
-11.1111,75.7576,9.56677
-11.1111,77.7778,9.76835
-11.1111,79.798,9.96734
-11.1111,81.8182,10.1639
-11.1111,83.8384,10.358
-11.1111,85.8586,10.5497
-11.1111,87.8788,10.7389
-11.1111,89.899,10.9253
-11.1111,91.9192,11.1088
-11.1111,93.9394,11.2892
-11.1111,95.9596,11.4664
-11.1111,97.9798,11.64
-11.1111,100,11.81
-9.09091,-100,11.8935
-9.09091,-97.9798,11.6514
-9.09091,-95.9596,11.4065
-9.09091,-93.9394,11.1592
-9.09091,-91.9192,10.9105
-9.09091,-89.899,10.6609
-9.09091,-87.8788,10.4111
-9.09091,-85.8586,10.1618
-9.09091,-83.8384,9.91377
-9.09091,-81.8182,9.66749
-9.09091,-79.798,9.42364
-9.09091,-77.7778,9.1828
-9.09091,-75.7576,8.94558
-9.09091,-73.7374,8.71253
-9.09091,-71.7172,8.48424
-9.09091,-69.697,8.26129
-9.09091,-67.6768,8.04428
-9.09091,-65.6566,7.83384
-9.09091,-63.6364,7.63063
-9.09091,-61.6162,7.43536
-9.09091,-59.596,7.2488
-9.09091,-57.5758,7.07176
-9.09091,-55.5556,6.90508
-9.09091,-53.5354,6.74956
-9.09091,-51.5152,6.60589
-9.09091,-49.4949,6.47451
-9.09091,-47.4747,6.35525
-9.09091,-45.4545,6.247
-9.09091,-43.4343,6.14697
-9.09091,-41.4141,6.04972
-9.09091,-39.3939,5.94583
-9.09091,-37.3737,5.82017
-9.09091,-35.3535,5.6501
-9.09091,-33.3333,5.40463
-9.09091,-31.3131,5.04656
-9.09091,-29.2929,4.54245
-9.09091,-27.2727,3.8875
-9.09091,-25.2525,3.15312
-9.09091,-23.2323,2.54837
-9.09091,-21.2121,2.42582
-9.09091,-19.1919,3.03675
-9.09091,-17.1717,3.84694
-9.09091,-15.1515,3.25118
-9.09091,-13.1313,1.61355
-9.09091,-11.1111,3.05463
-9.09091,-9.09091,1.66539
-9.09091,-7.07071,3.14604
-9.09091,-5.05051,2.8476
-9.09091,-3.0303,2.8264
-9.09091,-1.0101,1.31102
-9.09091,1.0101,1.31102
-9.09091,3.0303,2.8264
-9.09091,5.05051,2.8476
-9.09091,7.07071,3.14604
-9.09091,9.09091,1.66539
-9.09091,11.1111,3.05463
-9.09091,13.1313,1.61355
-9.09091,15.1515,3.25118
-9.09091,17.1717,3.84694
-9.09091,19.1919,3.03675
-9.09091,21.2121,2.42582
-9.09091,23.2323,2.54837
-9.09091,25.2525,3.15312
-9.09091,27.2727,3.8875
-9.09091,29.2929,4.54245
-9.09091,31.3131,5.04656
-9.09091,33.3333,5.40463
-9.09091,35.3535,5.6501
-9.09091,37.3737,5.82017
-9.09091,39.3939,5.94583
-9.09091,41.4141,6.04972
-9.09091,43.4343,6.14697
-9.09091,45.4545,6.247
-9.09091,47.4747,6.35525
-9.09091,49.4949,6.47451
-9.09091,51.5152,6.60589
-9.09091,53.5354,6.74956
-9.09091,55.5556,6.90508
-9.09091,57.5758,7.07176
-9.09091,59.596,7.2488
-9.09091,61.6162,7.43536
-9.09091,63.6364,7.63063
-9.09091,65.6566,7.83384
-9.09091,67.6768,8.04428
-9.09091,69.697,8.26129
-9.09091,71.7172,8.48424
-9.09091,73.7374,8.71253
-9.09091,75.7576,8.94558
-9.09091,77.7778,9.1828
-9.09091,79.798,9.42364
-9.09091,81.8182,9.66749
-9.09091,83.8384,9.91377
-9.09091,85.8586,10.1618
-9.09091,87.8788,10.4111
-9.09091,89.899,10.6609
-9.09091,91.9192,10.9105
-9.09091,93.9394,11.1592
-9.09091,95.9596,11.4065
-9.09091,97.9798,11.6514
-9.09091,100,11.8935
-7.07071,-100,11.0228
-7.07071,-97.9798,10.7268
-7.07071,-95.9596,10.433
-7.07071,-93.9394,10.1422
-7.07071,-91.9192,9.85528
-7.07071,-89.899,9.57278
-7.07071,-87.8788,9.2953
-7.07071,-85.8586,9.02329
-7.07071,-83.8384,8.7571
-7.07071,-81.8182,8.49698
-7.07071,-79.798,8.24306
-7.07071,-77.7778,7.99538
-7.07071,-75.7576,7.75384
-7.07071,-73.7374,7.51828
-7.07071,-71.7172,7.28845
-7.07071,-69.697,7.06398
-7.07071,-67.6768,6.84445
-7.07071,-65.6566,6.62937
-7.07071,-63.6364,6.41821
-7.07071,-61.6162,6.21036
-7.07071,-59.596,6.00523
-7.07071,-57.5758,5.80219
-7.07071,-55.5556,5.60064
-7.07071,-53.5354,5.40003
-7.07071,-51.5152,5.19988
-7.07071,-49.4949,4.99987
-7.07071,-47.4747,4.79989
-7.07071,-45.4545,4.60015
-7.07071,-43.4343,4.40135
-7.07071,-41.4141,4.20488
-7.07071,-39.3939,4.01319
-7.07071,-37.3737,3.83015
-7.07071,-35.3535,3.6617
-7.07071,-33.3333,3.51651
-7.07071,-31.3131,3.40676
-7.07071,-29.2929,3.34839
-7.07071,-27.2727,3.36007
-7.07071,-25.2525,3.45817
-7.07071,-23.2323,3.64337
-7.07071,-21.2121,3.87114
-7.07071,-19.1919,4.00199
-7.07071,-17.1717,3.76058
-7.07071,-15.1515,2.85849
-7.07071,-13.1313,1.63399
-7.07071,-11.1111,1.83584
-7.07071,-9.09091,3.14604
-7.07071,-7.07071,0.999954
-7.07071,-5.05051,2.24161
-7.07071,-3.0303,2.12157
-7.07071,-1.0101,1.08897
-7.07071,1.0101,1.08897
-7.07071,3.0303,2.12157
-7.07071,5.05051,2.24161
-7.07071,7.07071,0.999954
-7.07071,9.09091,3.14604
-7.07071,11.1111,1.83584
-7.07071,13.1313,1.63399
-7.07071,15.1515,2.85849
-7.07071,17.1717,3.76058
-7.07071,19.1919,4.00199
-7.07071,21.2121,3.87114
-7.07071,23.2323,3.64337
-7.07071,25.2525,3.45817
-7.07071,27.2727,3.36007
-7.07071,29.2929,3.34839
-7.07071,31.3131,3.40676
-7.07071,33.3333,3.51651
-7.07071,35.3535,3.6617
-7.07071,37.3737,3.83015
-7.07071,39.3939,4.01319
-7.07071,41.4141,4.20488
-7.07071,43.4343,4.40135
-7.07071,45.4545,4.60015
-7.07071,47.4747,4.79989
-7.07071,49.4949,4.99987
-7.07071,51.5152,5.19988
-7.07071,53.5354,5.40003
-7.07071,55.5556,5.60064
-7.07071,57.5758,5.80219
-7.07071,59.596,6.00523
-7.07071,61.6162,6.21036
-7.07071,63.6364,6.41821
-7.07071,65.6566,6.62937
-7.07071,67.6768,6.84445
-7.07071,69.697,7.06398
-7.07071,71.7172,7.28845
-7.07071,73.7374,7.51828
-7.07071,75.7576,7.75384
-7.07071,77.7778,7.99538
-7.07071,79.798,8.24306
-7.07071,81.8182,8.49698
-7.07071,83.8384,8.7571
-7.07071,85.8586,9.02329
-7.07071,87.8788,9.2953
-7.07071,89.899,9.57278
-7.07071,91.9192,9.85528
-7.07071,93.9394,10.1422
-7.07071,95.9596,10.433
-7.07071,97.9798,10.7268
-7.07071,100,11.0228
-5.05051,-100,10.3166
-5.05051,-97.9798,10.04
-5.05051,-95.9596,9.77313
-5.05051,-93.9394,9.51668
-5.05051,-91.9192,9.27109
-5.05051,-89.899,9.03667
-5.05051,-87.8788,8.81354
-5.05051,-85.8586,8.60167
-5.05051,-83.8384,8.40087
-5.05051,-81.8182,8.21079
-5.05051,-79.798,8.03097
-5.05051,-77.7778,7.86077
-5.05051,-75.7576,7.69947
-5.05051,-73.7374,7.54624
-5.05051,-71.7172,7.40015
-5.05051,-69.697,7.26021
-5.05051,-67.6768,7.12538
-5.05051,-65.6566,6.99458
-5.05051,-63.6364,6.8667
-5.05051,-61.6162,6.74063
-5.05051,-59.596,6.61528
-5.05051,-57.5758,6.48957
-5.05051,-55.5556,6.36246
-5.05051,-53.5354,6.23294
-5.05051,-51.5152,6.10005
-5.05051,-49.4949,5.96287
-5.05051,-47.4747,5.82052
-5.05051,-45.4545,5.67211
-5.05051,-43.4343,5.51676
-5.05051,-41.4141,5.35353
-5.05051,-39.3939,5.18137
-5.05051,-37.3737,4.99902
-5.05051,-35.3535,4.80491
-5.05051,-33.3333,4.59702
-5.05051,-31.3131,4.37263
-5.05051,-29.2929,4.12815
-5.05051,-27.2727,3.85884
-5.05051,-25.2525,3.55878
-5.05051,-23.2323,3.22135
-5.05051,-21.2121,2.84127
-5.05051,-19.1919,2.42071
-5.05051,-17.1717,1.98446
-5.05051,-15.1515,1.61355
-5.05051,-13.1313,1.49963
-5.05051,-11.1111,1.9421
-5.05051,-9.09091,2.8476
-5.05051,-7.07071,2.24161
-5.05051,-5.05051,1.08897
-5.05051,-3.0303,0.819071
-5.05051,-1.0101,0.929938
-5.05051,1.0101,0.929938
-5.05051,3.0303,0.819071
-5.05051,5.05051,1.08897
-5.05051,7.07071,2.24161
-5.05051,9.09091,2.8476
-5.05051,11.1111,1.9421
-5.05051,13.1313,1.49963
-5.05051,15.1515,1.61355
-5.05051,17.1717,1.98446
-5.05051,19.1919,2.42071
-5.05051,21.2121,2.84127
-5.05051,23.2323,3.22135
-5.05051,25.2525,3.55878
-5.05051,27.2727,3.85884
-5.05051,29.2929,4.12815
-5.05051,31.3131,4.37263
-5.05051,33.3333,4.59702
-5.05051,35.3535,4.80491
-5.05051,37.3737,4.99902
-5.05051,39.3939,5.18137
-5.05051,41.4141,5.35353
-5.05051,43.4343,5.51676
-5.05051,45.4545,5.67211
-5.05051,47.4747,5.82052
-5.05051,49.4949,5.96287
-5.05051,51.5152,6.10005
-5.05051,53.5354,6.23294
-5.05051,55.5556,6.36246
-5.05051,57.5758,6.48957
-5.05051,59.596,6.61528
-5.05051,61.6162,6.74063
-5.05051,63.6364,6.8667
-5.05051,65.6566,6.99458
-5.05051,67.6768,7.12538
-5.05051,69.697,7.26021
-5.05051,71.7172,7.40015
-5.05051,73.7374,7.54624
-5.05051,75.7576,7.69947
-5.05051,77.7778,7.86077
-5.05051,79.798,8.03097
-5.05051,81.8182,8.21079
-5.05051,83.8384,8.40087
-5.05051,85.8586,8.60167
-5.05051,87.8788,8.81354
-5.05051,89.899,9.03667
-5.05051,91.9192,9.27109
-5.05051,93.9394,9.51668
-5.05051,95.9596,9.77313
-5.05051,97.9798,10.04
-5.05051,100,10.3166
-3.0303,-100,10.0459
-3.0303,-97.9798,9.81665
-3.0303,-95.9596,9.60183
-3.0303,-93.9394,9.40155
-3.0303,-91.9192,9.21567
-3.0303,-89.899,9.04386
-3.0303,-87.8788,8.88557
-3.0303,-85.8586,8.74006
-3.0303,-83.8384,8.60641
-3.0303,-81.8182,8.48353
-3.0303,-79.798,8.37018
-3.0303,-77.7778,8.265
-3.0303,-75.7576,8.16654
-3.0303,-73.7374,8.07325
-3.0303,-71.7172,7.98356
-3.0303,-69.697,7.89585
-3.0303,-67.6768,7.80853
-3.0303,-65.6566,7.72002
-3.0303,-63.6364,7.62882
-3.0303,-61.6162,7.53349
-3.0303,-59.596,7.43272
-3.0303,-57.5758,7.3253
-3.0303,-55.5556,7.2102
-3.0303,-53.5354,7.08655
-3.0303,-51.5152,6.95364
-3.0303,-49.4949,6.81099
-3.0303,-47.4747,6.65829
-3.0303,-45.4545,6.49548
-3.0303,-43.4343,6.3227
-3.0303,-41.4141,6.14031
-3.0303,-39.3939,5.94893
-3.0303,-37.3737,5.74938
-3.0303,-35.3535,5.54273
-3.0303,-33.3333,5.33029
-3.0303,-31.3131,5.11361
-3.0303,-29.2929,4.89452
-3.0303,-27.2727,4.67512
-3.0303,-25.2525,4.45783
-3.0303,-23.2323,4.24537
-3.0303,-21.2121,4.04072
-3.0303,-19.1919,3.84694
-3.0303,-17.1717,3.66649
-3.0303,-15.1515,3.49922
-3.0303,-13.1313,3.3367
-3.0303,-11.1111,3.14604
-3.0303,-9.09091,2.8264
-3.0303,-7.07071,2.12157
-3.0303,-5.05051,0.819071
-3.0303,-3.0303,1.64973
-3.0303,-1.0101,0.976076
-3.0303,1.0101,0.976076
-3.0303,3.0303,1.64973
-3.0303,5.05051,0.819071
-3.0303,7.07071,2.12157
-3.0303,9.09091,2.8264
-3.0303,11.1111,3.14604
-3.0303,13.1313,3.3367
-3.0303,15.1515,3.49922
-3.0303,17.1717,3.66649
-3.0303,19.1919,3.84694
-3.0303,21.2121,4.04072
-3.0303,23.2323,4.24537
-3.0303,25.2525,4.45783
-3.0303,27.2727,4.67512
-3.0303,29.2929,4.89452
-3.0303,31.3131,5.11361
-3.0303,33.3333,5.33029
-3.0303,35.3535,5.54273
-3.0303,37.3737,5.74938
-3.0303,39.3939,5.94893
-3.0303,41.4141,6.14031
-3.0303,43.4343,6.3227
-3.0303,45.4545,6.49548
-3.0303,47.4747,6.65829
-3.0303,49.4949,6.81099
-3.0303,51.5152,6.95364
-3.0303,53.5354,7.08655
-3.0303,55.5556,7.2102
-3.0303,57.5758,7.3253
-3.0303,59.596,7.43272
-3.0303,61.6162,7.53349
-3.0303,63.6364,7.62882
-3.0303,65.6566,7.72002
-3.0303,67.6768,7.80853
-3.0303,69.697,7.89585
-3.0303,71.7172,7.98356
-3.0303,73.7374,8.07325
-3.0303,75.7576,8.16654
-3.0303,77.7778,8.265
-3.0303,79.798,8.37018
-3.0303,81.8182,8.48353
-3.0303,83.8384,8.60641
-3.0303,85.8586,8.74006
-3.0303,87.8788,8.88557
-3.0303,89.899,9.04386
-3.0303,91.9192,9.21567
-3.0303,93.9394,9.40155
-3.0303,95.9596,9.60183
-3.0303,97.9798,9.81665
-3.0303,100,10.0459
-1.0101,-100,10.001
-1.0101,-97.9798,9.80294
-1.0101,-95.9596,9.6207
-1.0101,-93.9394,9.45398
-1.0101,-91.9192,9.30221
-1.0101,-89.899,9.16457
-1.0101,-87.8788,9.04004
-1.0101,-85.8586,8.92737
-1.0101,-83.8384,8.82513
-1.0101,-81.8182,8.73172
-1.0101,-79.798,8.64541
-1.0101,-77.7778,8.56436
-1.0101,-75.7576,8.48664
-1.0101,-73.7374,8.41029
-1.0101,-71.7172,8.3333
-1.0101,-69.697,8.25371
-1.0101,-67.6768,8.16958
-1.0101,-65.6566,8.07907
-1.0101,-63.6364,7.98042
-1.0101,-61.6162,7.87203
-1.0101,-59.596,7.75246
-1.0101,-57.5758,7.62042
-1.0101,-55.5556,7.47488
-1.0101,-53.5354,7.31499
-1.0101,-51.5152,7.14014
-1.0101,-49.4949,6.94998
-1.0101,-47.4747,6.7444
-1.0101,-45.4545,6.52353
-1.0101,-43.4343,6.28778
-1.0101,-41.4141,6.03777
-1.0101,-39.3939,5.77438
-1.0101,-37.3737,5.49867
-1.0101,-35.3535,5.21195
-1.0101,-33.3333,4.91569
-1.0101,-31.3131,4.61149
-1.0101,-29.2929,4.30114
-1.0101,-27.2727,3.9865
-1.0101,-25.2525,3.66954
-1.0101,-23.2323,3.35226
-1.0101,-21.2121,3.03675
-1.0101,-19.1919,2.72511
-1.0101,-17.1717,2.4195
-1.0101,-15.1515,2.12222
-1.0101,-13.1313,1.83584
-1.0101,-11.1111,1.56368
-1.0101,-9.09091,1.31102
-1.0101,-7.07071,1.08897
-1.0101,-5.05051,0.929938
-1.0101,-3.0303,0.976076
-1.0101,-1.0101,2.04362
-1.0101,1.0101,2.04362
-1.0101,3.0303,0.976076
-1.0101,5.05051,0.929938
-1.0101,7.07071,1.08897
-1.0101,9.09091,1.31102
-1.0101,11.1111,1.56368
-1.0101,13.1313,1.83584
-1.0101,15.1515,2.12222
-1.0101,17.1717,2.4195
-1.0101,19.1919,2.72511
-1.0101,21.2121,3.03675
-1.0101,23.2323,3.35226
-1.0101,25.2525,3.66954
-1.0101,27.2727,3.9865
-1.0101,29.2929,4.30114
-1.0101,31.3131,4.61149
-1.0101,33.3333,4.91569
-1.0101,35.3535,5.21195
-1.0101,37.3737,5.49867
-1.0101,39.3939,5.77438
-1.0101,41.4141,6.03777
-1.0101,43.4343,6.28778
-1.0101,45.4545,6.52353
-1.0101,47.4747,6.7444
-1.0101,49.4949,6.94998
-1.0101,51.5152,7.14014
-1.0101,53.5354,7.31499
-1.0101,55.5556,7.47488
-1.0101,57.5758,7.62042
-1.0101,59.596,7.75246
-1.0101,61.6162,7.87203
-1.0101,63.6364,7.98042
-1.0101,65.6566,8.07907
-1.0101,67.6768,8.16958
-1.0101,69.697,8.25371
-1.0101,71.7172,8.3333
-1.0101,73.7374,8.41029
-1.0101,75.7576,8.48664
-1.0101,77.7778,8.56436
-1.0101,79.798,8.64541
-1.0101,81.8182,8.73172
-1.0101,83.8384,8.82513
-1.0101,85.8586,8.92737
-1.0101,87.8788,9.04004
-1.0101,89.899,9.16457
-1.0101,91.9192,9.30221
-1.0101,93.9394,9.45398
-1.0101,95.9596,9.6207
-1.0101,97.9798,9.80294
-1.0101,100,10.001
1.0101,-100,10.001
1.0101,-97.9798,9.80294
1.0101,-95.9596,9.6207
1.0101,-93.9394,9.45398
1.0101,-91.9192,9.30221
1.0101,-89.899,9.16457
1.0101,-87.8788,9.04004
1.0101,-85.8586,8.92737
1.0101,-83.8384,8.82513
1.0101,-81.8182,8.73172
1.0101,-79.798,8.64541
1.0101,-77.7778,8.56436
1.0101,-75.7576,8.48664
1.0101,-73.7374,8.41029
1.0101,-71.7172,8.3333
1.0101,-69.697,8.25371
1.0101,-67.6768,8.16958
1.0101,-65.6566,8.07907
1.0101,-63.6364,7.98042
1.0101,-61.6162,7.87203
1.0101,-59.596,7.75246
1.0101,-57.5758,7.62042
1.0101,-55.5556,7.47488
1.0101,-53.5354,7.31499
1.0101,-51.5152,7.14014
1.0101,-49.4949,6.94998
1.0101,-47.4747,6.7444
1.0101,-45.4545,6.52353
1.0101,-43.4343,6.28778
1.0101,-41.4141,6.03777
1.0101,-39.3939,5.77438
1.0101,-37.3737,5.49867
1.0101,-35.3535,5.21195
1.0101,-33.3333,4.91569
1.0101,-31.3131,4.61149
1.0101,-29.2929,4.30114
1.0101,-27.2727,3.9865
1.0101,-25.2525,3.66954
1.0101,-23.2323,3.35226
1.0101,-21.2121,3.03675
1.0101,-19.1919,2.72511
1.0101,-17.1717,2.4195
1.0101,-15.1515,2.12222
1.0101,-13.1313,1.83584
1.0101,-11.1111,1.56368
1.0101,-9.09091,1.31102
1.0101,-7.07071,1.08897
1.0101,-5.05051,0.929938
1.0101,-3.0303,0.976076
1.0101,-1.0101,2.04362
1.0101,1.0101,2.04362
1.0101,3.0303,0.976076
1.0101,5.05051,0.929938
1.0101,7.07071,1.08897
1.0101,9.09091,1.31102
1.0101,11.1111,1.56368
1.0101,13.1313,1.83584
1.0101,15.1515,2.12222
1.0101,17.1717,2.4195
1.0101,19.1919,2.72511
1.0101,21.2121,3.03675
1.0101,23.2323,3.35226
1.0101,25.2525,3.66954
1.0101,27.2727,3.9865
1.0101,29.2929,4.30114
1.0101,31.3131,4.61149
1.0101,33.3333,4.91569
1.0101,35.3535,5.21195
1.0101,37.3737,5.49867
1.0101,39.3939,5.77438
1.0101,41.4141,6.03777
1.0101,43.4343,6.28778
1.0101,45.4545,6.52353
1.0101,47.4747,6.7444
1.0101,49.4949,6.94998
1.0101,51.5152,7.14014
1.0101,53.5354,7.31499
1.0101,55.5556,7.47488
1.0101,57.5758,7.62042
1.0101,59.596,7.75246
1.0101,61.6162,7.87203
1.0101,63.6364,7.98042
1.0101,65.6566,8.07907
1.0101,67.6768,8.16958
1.0101,69.697,8.25371
1.0101,71.7172,8.3333
1.0101,73.7374,8.41029
1.0101,75.7576,8.48664
1.0101,77.7778,8.56436
1.0101,79.798,8.64541
1.0101,81.8182,8.73172
1.0101,83.8384,8.82513
1.0101,85.8586,8.92737
1.0101,87.8788,9.04004
1.0101,89.899,9.16457
1.0101,91.9192,9.30221
1.0101,93.9394,9.45398
1.0101,95.9596,9.6207
1.0101,97.9798,9.80294
1.0101,100,10.001
3.0303,-100,10.0459
3.0303,-97.9798,9.81665
3.0303,-95.9596,9.60183
3.0303,-93.9394,9.40155
3.0303,-91.9192,9.21567
3.0303,-89.899,9.04386
3.0303,-87.8788,8.88557
3.0303,-85.8586,8.74006
3.0303,-83.8384,8.60641
3.0303,-81.8182,8.48353
3.0303,-79.798,8.37018
3.0303,-77.7778,8.265
3.0303,-75.7576,8.16654
3.0303,-73.7374,8.07325
3.0303,-71.7172,7.98356
3.0303,-69.697,7.89585
3.0303,-67.6768,7.80853
3.0303,-65.6566,7.72002
3.0303,-63.6364,7.62882
3.0303,-61.6162,7.53349
3.0303,-59.596,7.43272
3.0303,-57.5758,7.3253
3.0303,-55.5556,7.2102
3.0303,-53.5354,7.08655
3.0303,-51.5152,6.95364
3.0303,-49.4949,6.81099
3.0303,-47.4747,6.65829
3.0303,-45.4545,6.49548
3.0303,-43.4343,6.3227
3.0303,-41.4141,6.14031
3.0303,-39.3939,5.94893
3.0303,-37.3737,5.74938
3.0303,-35.3535,5.54273
3.0303,-33.3333,5.33029
3.0303,-31.3131,5.11361
3.0303,-29.2929,4.89452
3.0303,-27.2727,4.67512
3.0303,-25.2525,4.45783
3.0303,-23.2323,4.24537
3.0303,-21.2121,4.04072
3.0303,-19.1919,3.84694
3.0303,-17.1717,3.66649
3.0303,-15.1515,3.49922
3.0303,-13.1313,3.3367
3.0303,-11.1111,3.14604
3.0303,-9.09091,2.8264
3.0303,-7.07071,2.12157
3.0303,-5.05051,0.819071
3.0303,-3.0303,1.64973
3.0303,-1.0101,0.976076
3.0303,1.0101,0.976076
3.0303,3.0303,1.64973
3.0303,5.05051,0.819071
3.0303,7.07071,2.12157
3.0303,9.09091,2.8264
3.0303,11.1111,3.14604
3.0303,13.1313,3.3367
3.0303,15.1515,3.49922
3.0303,17.1717,3.66649
3.0303,19.1919,3.84694
3.0303,21.2121,4.04072
3.0303,23.2323,4.24537
3.0303,25.2525,4.45783
3.0303,27.2727,4.67512
3.0303,29.2929,4.89452
3.0303,31.3131,5.11361
3.0303,33.3333,5.33029
3.0303,35.3535,5.54273
3.0303,37.3737,5.74938
3.0303,39.3939,5.94893
3.0303,41.4141,6.14031
3.0303,43.4343,6.3227
3.0303,45.4545,6.49548
3.0303,47.4747,6.65829
3.0303,49.4949,6.81099
3.0303,51.5152,6.95364
3.0303,53.5354,7.08655
3.0303,55.5556,7.2102
3.0303,57.5758,7.3253
3.0303,59.596,7.43272
3.0303,61.6162,7.53349
3.0303,63.6364,7.62882
3.0303,65.6566,7.72002
3.0303,67.6768,7.80853
3.0303,69.697,7.89585
3.0303,71.7172,7.98356
3.0303,73.7374,8.07325
3.0303,75.7576,8.16654
3.0303,77.7778,8.265
3.0303,79.798,8.37018
3.0303,81.8182,8.48353
3.0303,83.8384,8.60641
3.0303,85.8586,8.74006
3.0303,87.8788,8.88557
3.0303,89.899,9.04386
3.0303,91.9192,9.21567
3.0303,93.9394,9.40155
3.0303,95.9596,9.60183
3.0303,97.9798,9.81665
3.0303,100,10.0459
5.05051,-100,10.3166
5.05051,-97.9798,10.04
5.05051,-95.9596,9.77313
5.05051,-93.9394,9.51668
5.05051,-91.9192,9.27109
5.05051,-89.899,9.03667
5.05051,-87.8788,8.81354
5.05051,-85.8586,8.60167
5.05051,-83.8384,8.40087
5.05051,-81.8182,8.21079
5.05051,-79.798,8.03097
5.05051,-77.7778,7.86077
5.05051,-75.7576,7.69947
5.05051,-73.7374,7.54624
5.05051,-71.7172,7.40015
5.05051,-69.697,7.26021
5.05051,-67.6768,7.12538
5.05051,-65.6566,6.99458
5.05051,-63.6364,6.8667
5.05051,-61.6162,6.74063
5.05051,-59.596,6.61528
5.05051,-57.5758,6.48957
5.05051,-55.5556,6.36246
5.05051,-53.5354,6.23294
5.05051,-51.5152,6.10005
5.05051,-49.4949,5.96287
5.05051,-47.4747,5.82052
5.05051,-45.4545,5.67211
5.05051,-43.4343,5.51676
5.05051,-41.4141,5.35353
5.05051,-39.3939,5.18137
5.05051,-37.3737,4.99902
5.05051,-35.3535,4.80491
5.05051,-33.3333,4.59702
5.05051,-31.3131,4.37263
5.05051,-29.2929,4.12815
5.05051,-27.2727,3.85884
5.05051,-25.2525,3.55878
5.05051,-23.2323,3.22135
5.05051,-21.2121,2.84127
5.05051,-19.1919,2.42071
5.05051,-17.1717,1.98446
5.05051,-15.1515,1.61355
5.05051,-13.1313,1.49963
5.05051,-11.1111,1.9421
5.05051,-9.09091,2.8476
5.05051,-7.07071,2.24161
5.05051,-5.05051,1.08897
5.05051,-3.0303,0.819071
5.05051,-1.0101,0.929938
5.05051,1.0101,0.929938
5.05051,3.0303,0.819071
5.05051,5.05051,1.08897
5.05051,7.07071,2.24161
5.05051,9.09091,2.8476
5.05051,11.1111,1.9421
5.05051,13.1313,1.49963
5.05051,15.1515,1.61355
5.05051,17.1717,1.98446
5.05051,19.1919,2.42071
5.05051,21.2121,2.84127
5.05051,23.2323,3.22135
5.05051,25.2525,3.55878
5.05051,27.2727,3.85884
5.05051,29.2929,4.12815
5.05051,31.3131,4.37263
5.05051,33.3333,4.59702
5.05051,35.3535,4.80491
5.05051,37.3737,4.99902
5.05051,39.3939,5.18137
5.05051,41.4141,5.35353
5.05051,43.4343,5.51676
5.05051,45.4545,5.67211
5.05051,47.4747,5.82052
5.05051,49.4949,5.96287
5.05051,51.5152,6.10005
5.05051,53.5354,6.23294
5.05051,55.5556,6.36246
5.05051,57.5758,6.48957
5.05051,59.596,6.61528
5.05051,61.6162,6.74063
5.05051,63.6364,6.8667
5.05051,65.6566,6.99458
5.05051,67.6768,7.12538
5.05051,69.697,7.26021
5.05051,71.7172,7.40015
5.05051,73.7374,7.54624
5.05051,75.7576,7.69947
5.05051,77.7778,7.86077
5.05051,79.798,8.03097
5.05051,81.8182,8.21079
5.05051,83.8384,8.40087
5.05051,85.8586,8.60167
5.05051,87.8788,8.81354
5.05051,89.899,9.03667
5.05051,91.9192,9.27109
5.05051,93.9394,9.51668
5.05051,95.9596,9.77313
5.05051,97.9798,10.04
5.05051,100,10.3166
7.07071,-100,11.0228
7.07071,-97.9798,10.7268
7.07071,-95.9596,10.433
7.07071,-93.9394,10.1422
7.07071,-91.9192,9.85528
7.07071,-89.899,9.57278
7.07071,-87.8788,9.2953
7.07071,-85.8586,9.02329
7.07071,-83.8384,8.7571
7.07071,-81.8182,8.49698
7.07071,-79.798,8.24306
7.07071,-77.7778,7.99538
7.07071,-75.7576,7.75384
7.07071,-73.7374,7.51828
7.07071,-71.7172,7.28845
7.07071,-69.697,7.06398
7.07071,-67.6768,6.84445
7.07071,-65.6566,6.62937
7.07071,-63.6364,6.41821
7.07071,-61.6162,6.21036
7.07071,-59.596,6.00523
7.07071,-57.5758,5.80219
7.07071,-55.5556,5.60064
7.07071,-53.5354,5.40003
7.07071,-51.5152,5.19988
7.07071,-49.4949,4.99987
7.07071,-47.4747,4.79989
7.07071,-45.4545,4.60015
7.07071,-43.4343,4.40135
7.07071,-41.4141,4.20488
7.07071,-39.3939,4.01319
7.07071,-37.3737,3.83015
7.07071,-35.3535,3.6617
7.07071,-33.3333,3.51651
7.07071,-31.3131,3.40676
7.07071,-29.2929,3.34839
7.07071,-27.2727,3.36007
7.07071,-25.2525,3.45817
7.07071,-23.2323,3.64337
7.07071,-21.2121,3.87114
7.07071,-19.1919,4.00199
7.07071,-17.1717,3.76058
7.07071,-15.1515,2.85849
7.07071,-13.1313,1.63399
7.07071,-11.1111,1.83584
7.07071,-9.09091,3.14604
7.07071,-7.07071,0.999954
7.07071,-5.05051,2.24161
7.07071,-3.0303,2.12157
7.07071,-1.0101,1.08897
7.07071,1.0101,1.08897
7.07071,3.0303,2.12157
7.07071,5.05051,2.24161
7.07071,7.07071,0.999954
7.07071,9.09091,3.14604
7.07071,11.1111,1.83584
7.07071,13.1313,1.63399
7.07071,15.1515,2.85849
7.07071,17.1717,3.76058
7.07071,19.1919,4.00199
7.07071,21.2121,3.87114
7.07071,23.2323,3.64337
7.07071,25.2525,3.45817
7.07071,27.2727,3.36007
7.07071,29.2929,3.34839
7.07071,31.3131,3.40676
7.07071,33.3333,3.51651
7.07071,35.3535,3.6617
7.07071,37.3737,3.83015
7.07071,39.3939,4.01319
7.07071,41.4141,4.20488
7.07071,43.4343,4.40135
7.07071,45.4545,4.60015
7.07071,47.4747,4.79989
7.07071,49.4949,4.99987
7.07071,51.5152,5.19988
7.07071,53.5354,5.40003
7.07071,55.5556,5.60064
7.07071,57.5758,5.80219
7.07071,59.596,6.00523
7.07071,61.6162,6.21036
7.07071,63.6364,6.41821
7.07071,65.6566,6.62937
7.07071,67.6768,6.84445
7.07071,69.697,7.06398
7.07071,71.7172,7.28845
7.07071,73.7374,7.51828
7.07071,75.7576,7.75384
7.07071,77.7778,7.99538
7.07071,79.798,8.24306
7.07071,81.8182,8.49698
7.07071,83.8384,8.7571
7.07071,85.8586,9.02329
7.07071,87.8788,9.2953
7.07071,89.899,9.57278
7.07071,91.9192,9.85528
7.07071,93.9394,10.1422
7.07071,95.9596,10.433
7.07071,97.9798,10.7268
7.07071,100,11.0228
9.09091,-100,11.8935
9.09091,-97.9798,11.6514
9.09091,-95.9596,11.4065
9.09091,-93.9394,11.1592
9.09091,-91.9192,10.9105
9.09091,-89.899,10.6609
9.09091,-87.8788,10.4111
9.09091,-85.8586,10.1618
9.09091,-83.8384,9.91377
9.09091,-81.8182,9.66749
9.09091,-79.798,9.42364
9.09091,-77.7778,9.1828
9.09091,-75.7576,8.94558
9.09091,-73.7374,8.71253
9.09091,-71.7172,8.48424
9.09091,-69.697,8.26129
9.09091,-67.6768,8.04428
9.09091,-65.6566,7.83384
9.09091,-63.6364,7.63063
9.09091,-61.6162,7.43536
9.09091,-59.596,7.2488
9.09091,-57.5758,7.07176
9.09091,-55.5556,6.90508
9.09091,-53.5354,6.74956
9.09091,-51.5152,6.60589
9.09091,-49.4949,6.47451
9.09091,-47.4747,6.35525
9.09091,-45.4545,6.247
9.09091,-43.4343,6.14697
9.09091,-41.4141,6.04972
9.09091,-39.3939,5.94583
9.09091,-37.3737,5.82017
9.09091,-35.3535,5.6501
9.09091,-33.3333,5.40463
9.09091,-31.3131,5.04656
9.09091,-29.2929,4.54245
9.09091,-27.2727,3.8875
9.09091,-25.2525,3.15312
9.09091,-23.2323,2.54837
9.09091,-21.2121,2.42582
9.09091,-19.1919,3.03675
9.09091,-17.1717,3.84694
9.09091,-15.1515,3.25118
9.09091,-13.1313,1.61355
9.09091,-11.1111,3.05463
9.09091,-9.09091,1.66539
9.09091,-7.07071,3.14604
9.09091,-5.05051,2.8476
9.09091,-3.0303,2.8264
9.09091,-1.0101,1.31102
9.09091,1.0101,1.31102
9.09091,3.0303,2.8264
9.09091,5.05051,2.8476
9.09091,7.07071,3.14604
9.09091,9.09091,1.66539
9.09091,11.1111,3.05463
9.09091,13.1313,1.61355
9.09091,15.1515,3.25118
9.09091,17.1717,3.84694
9.09091,19.1919,3.03675
9.09091,21.2121,2.42582
9.09091,23.2323,2.54837
9.09091,25.2525,3.15312
9.09091,27.2727,3.8875
9.09091,29.2929,4.54245
9.09091,31.3131,5.04656
9.09091,33.3333,5.40463
9.09091,35.3535,5.6501
9.09091,37.3737,5.82017
9.09091,39.3939,5.94583
9.09091,41.4141,6.04972
9.09091,43.4343,6.14697
9.09091,45.4545,6.247
9.09091,47.4747,6.35525
9.09091,49.4949,6.47451
9.09091,51.5152,6.60589
9.09091,53.5354,6.74956
9.09091,55.5556,6.90508
9.09091,57.5758,7.07176
9.09091,59.596,7.2488
9.09091,61.6162,7.43536
9.09091,63.6364,7.63063
9.09091,65.6566,7.83384
9.09091,67.6768,8.04428
9.09091,69.697,8.26129
9.09091,71.7172,8.48424
9.09091,73.7374,8.71253
9.09091,75.7576,8.94558
9.09091,77.7778,9.1828
9.09091,79.798,9.42364
9.09091,81.8182,9.66749
9.09091,83.8384,9.91377
9.09091,85.8586,10.1618
9.09091,87.8788,10.4111
9.09091,89.899,10.6609
9.09091,91.9192,10.9105
9.09091,93.9394,11.1592
9.09091,95.9596,11.4065
9.09091,97.9798,11.6514
9.09091,100,11.8935
11.1111,-100,11.81
11.1111,-97.9798,11.64
11.1111,-95.9596,11.4664
11.1111,-93.9394,11.2892
11.1111,-91.9192,11.1088
11.1111,-89.899,10.9253
11.1111,-87.8788,10.7389
11.1111,-85.8586,10.5497
11.1111,-83.8384,10.358
11.1111,-81.8182,10.1639
11.1111,-79.798,9.96734
11.1111,-77.7778,9.76835
11.1111,-75.7576,9.56677
11.1111,-73.7374,9.36231
11.1111,-71.7172,9.15451
11.1111,-69.697,8.9427
11.1111,-67.6768,8.72595
11.1111,-65.6566,8.503
11.1111,-63.6364,8.27224
11.1111,-61.6162,8.03164
11.1111,-59.596,7.77869
11.1111,-57.5758,7.51047
11.1111,-55.5556,7.22364
11.1111,-53.5354,6.91468
11.1111,-51.5152,6.58026
11.1111,-49.4949,6.21802
11.1111,-47.4747,5.82772
11.1111,-45.4545,5.41318
11.1111,-43.4343,4.98505
11.1111,-41.4141,4.56427
11.1111,-39.3939,4.18585
11.1111,-37.3737,3.90085
11.1111,-35.3535,3.77254
11.1111,-33.3333,3.85904
11.1111,-31.3131,4.17256
11.1111,-29.2929,4.61149
11.1111,-27.2727,4.89452
11.1111,-25.2525,4.60694
11.1111,-23.2323,3.55878
11.1111,-21.2121,2.45161
11.1111,-19.1919,2.77071
11.1111,-17.1717,4.00199
11.1111,-15.1515,2.63651
11.1111,-13.1313,2.4195
11.1111,-11.1111,2.79878
11.1111,-9.09091,3.05463
11.1111,-7.07071,1.83584
11.1111,-5.05051,1.9421
11.1111,-3.0303,3.14604
11.1111,-1.0101,1.56368
11.1111,1.0101,1.56368
11.1111,3.0303,3.14604
11.1111,5.05051,1.9421
11.1111,7.07071,1.83584
11.1111,9.09091,3.05463
11.1111,11.1111,2.79878
11.1111,13.1313,2.4195
11.1111,15.1515,2.63651
11.1111,17.1717,4.00199
11.1111,19.1919,2.77071
11.1111,21.2121,2.45161
11.1111,23.2323,3.55878
11.1111,25.2525,4.60694
11.1111,27.2727,4.89452
11.1111,29.2929,4.61149
11.1111,31.3131,4.17256
11.1111,33.3333,3.85904
11.1111,35.3535,3.77254
11.1111,37.3737,3.90085
11.1111,39.3939,4.18585
11.1111,41.4141,4.56427
11.1111,43.4343,4.98505
11.1111,45.4545,5.41318
11.1111,47.4747,5.82772
11.1111,49.4949,6.21802
11.1111,51.5152,6.58026
11.1111,53.5354,6.91468
11.1111,55.5556,7.22364
11.1111,57.5758,7.51047
11.1111,59.596,7.77869
11.1111,61.6162,8.03164
11.1111,63.6364,8.27224
11.1111,65.6566,8.503
11.1111,67.6768,8.72595
11.1111,69.697,8.9427
11.1111,71.7172,9.15451
11.1111,73.7374,9.36231
11.1111,75.7576,9.56677
11.1111,77.7778,9.76835
11.1111,79.798,9.96734
11.1111,81.8182,10.1639
11.1111,83.8384,10.358
11.1111,85.8586,10.5497
11.1111,87.8788,10.7389
11.1111,89.899,10.9253
11.1111,91.9192,11.1088
11.1111,93.9394,11.2892
11.1111,95.9596,11.4664
11.1111,97.9798,11.64
11.1111,100,11.81
13.1313,-100,10.4558
13.1313,-97.9798,10.2686
13.1313,-95.9596,10.078
13.1313,-93.9394,9.88368
13.1313,-91.9192,9.68529
13.1313,-89.899,9.48258
13.1313,-87.8788,9.27529
13.1313,-85.8586,9.0632
13.1313,-83.8384,8.84617
13.1313,-81.8182,8.62413
13.1313,-79.798,8.39715
13.1313,-77.7778,8.16546
13.1313,-75.7576,7.92954
13.1313,-73.7374,7.69016
13.1313,-71.7172,7.44856
13.1313,-69.697,7.20653
13.1313,-67.6768,6.96661
13.1313,-65.6566,6.73226
13.1313,-63.6364,6.50808
13.1313,-61.6162,6.29999
13.1313,-59.596,6.11534
13.1313,-57.5758,5.96286
13.1313,-55.5556,5.85224
13.1313,-53.5354,5.79313
13.1313,-51.5152,5.79328
13.1313,-49.4949,5.85527
13.1313,-47.4747,5.97167
13.1313,-45.4545,6.11857
13.1313,-43.4343,6.24875
13.1313,-41.4141,6.28778
13.1313,-39.3939,6.14031
13.1313,-37.3737,5.71775
13.1313,-35.3535,4.99902
13.1313,-33.3333,4.11995
13.1313,-31.3131,3.43517
13.1313,-29.2929,3.40676
13.1313,-27.2727,4.14816
13.1313,-25.2525,4.81883
13.1313,-23.2323,4.05682
13.1313,-21.2121,2.54837
13.1313,-19.1919,3.35226
13.1313,-17.1717,3.90301
13.1313,-15.1515,2.05381
13.1313,-13.1313,3.76058
13.1313,-11.1111,2.4195
13.1313,-9.09091,1.61355
13.1313,-7.07071,1.63399
13.1313,-5.05051,1.49963
13.1313,-3.0303,3.3367
13.1313,-1.0101,1.83584
13.1313,1.0101,1.83584
13.1313,3.0303,3.3367
13.1313,5.05051,1.49963
13.1313,7.07071,1.63399
13.1313,9.09091,1.61355
13.1313,11.1111,2.4195
13.1313,13.1313,3.76058
13.1313,15.1515,2.05381
13.1313,17.1717,3.90301
13.1313,19.1919,3.35226
13.1313,21.2121,2.54837
13.1313,23.2323,4.05682
13.1313,25.2525,4.81883
13.1313,27.2727,4.14816
13.1313,29.2929,3.40676
13.1313,31.3131,3.43517
13.1313,33.3333,4.11995
13.1313,35.3535,4.99902
13.1313,37.3737,5.71775
13.1313,39.3939,6.14031
13.1313,41.4141,6.28778
13.1313,43.4343,6.24875
13.1313,45.4545,6.11857
13.1313,47.4747,5.97167
13.1313,49.4949,5.85527
13.1313,51.5152,5.79328
13.1313,53.5354,5.79313
13.1313,55.5556,5.85224
13.1313,57.5758,5.96286
13.1313,59.596,6.11534
13.1313,61.6162,6.29999
13.1313,63.6364,6.50808
13.1313,65.6566,6.73226
13.1313,67.6768,6.96661
13.1313,69.697,7.20653
13.1313,71.7172,7.44856
13.1313,73.7374,7.69016
13.1313,75.7576,7.92954
13.1313,77.7778,8.16546
13.1313,79.798,8.39715
13.1313,81.8182,8.62413
13.1313,83.8384,8.84617
13.1313,85.8586,9.0632
13.1313,87.8788,9.27529
13.1313,89.899,9.48258
13.1313,91.9192,9.68529
13.1313,93.9394,9.88368
13.1313,95.9596,10.078
13.1313,97.9798,10.2686
13.1313,100,10.4558
15.1515,-100,10.4832
15.1515,-97.9798,10.2985
15.1515,-95.9596,10.119
15.1515,-93.9394,9.94521
15.1515,-91.9192,9.77787
15.1515,-89.899,9.61775
15.1515,-87.8788,9.46572
15.1515,-85.8586,9.32273
15.1515,-83.8384,9.18977
15.1515,-81.8182,9.06782
15.1515,-79.798,8.95774
15.1515,-77.7778,8.86015
15.1515,-75.7576,8.77522
15.1515,-73.7374,8.70246
15.1515,-71.7172,8.64031
15.1515,-69.697,8.58571
15.1515,-67.6768,8.5336
15.1515,-65.6566,8.47633
15.1515,-63.6364,8.40307
15.1515,-61.6162,8.2995
15.1515,-59.596,8.14787
15.1515,-57.5758,7.92812
15.1515,-55.5556,7.62042
15.1515,-53.5354,7.2102
15.1515,-51.5152,6.69597
15.1515,-49.4949,6.10005
15.1515,-47.4747,5.48018
15.1515,-45.4545,4.93608
15.1515,-43.4343,4.60015
15.1515,-41.4141,4.59626
15.1515,-39.3939,4.95526
15.1515,-37.3737,5.5047
15.1515,-35.3535,5.82017
15.1515,-33.3333,5.41043
15.1515,-31.3131,4.25305
15.1515,-29.2929,3.30627
15.1515,-27.2727,3.80418
15.1515,-25.2525,4.89452
15.1515,-23.2323,3.85884
15.1515,-21.2121,2.69576
15.1515,-19.1919,4.39998
15.1515,-17.1717,2.47893
15.1515,-15.1515,4.04072
15.1515,-13.1313,2.05381
15.1515,-11.1111,2.63651
15.1515,-9.09091,3.25118
15.1515,-7.07071,2.85849
15.1515,-5.05051,1.61355
15.1515,-3.0303,3.49922
15.1515,-1.0101,2.12222
15.1515,1.0101,2.12222
15.1515,3.0303,3.49922
15.1515,5.05051,1.61355
15.1515,7.07071,2.85849
15.1515,9.09091,3.25118
15.1515,11.1111,2.63651
15.1515,13.1313,2.05381
15.1515,15.1515,4.04072
15.1515,17.1717,2.47893
15.1515,19.1919,4.39998
15.1515,21.2121,2.69576
15.1515,23.2323,3.85884
15.1515,25.2525,4.89452
15.1515,27.2727,3.80418
15.1515,29.2929,3.30627
15.1515,31.3131,4.25305
15.1515,33.3333,5.41043
15.1515,35.3535,5.82017
15.1515,37.3737,5.5047
15.1515,39.3939,4.95526
15.1515,41.4141,4.59626
15.1515,43.4343,4.60015
15.1515,45.4545,4.93608
15.1515,47.4747,5.48018
15.1515,49.4949,6.10005
15.1515,51.5152,6.69597
15.1515,53.5354,7.2102
15.1515,55.5556,7.62042
15.1515,57.5758,7.92812
15.1515,59.596,8.14787
15.1515,61.6162,8.2995
15.1515,63.6364,8.40307
15.1515,65.6566,8.47633
15.1515,67.6768,8.5336
15.1515,69.697,8.58571
15.1515,71.7172,8.64031
15.1515,73.7374,8.70246
15.1515,75.7576,8.77522
15.1515,77.7778,8.86015
15.1515,79.798,8.95774
15.1515,81.8182,9.06782
15.1515,83.8384,9.18977
15.1515,85.8586,9.32273
15.1515,87.8788,9.46572
15.1515,89.899,9.61775
15.1515,91.9192,9.77787
15.1515,93.9394,9.94521
15.1515,95.9596,10.119
15.1515,97.9798,10.2985
15.1515,100,10.4832
17.1717,-100,12.1204
17.1717,-97.9798,11.9331
17.1717,-95.9596,11.7433
17.1717,-93.9394,11.5493
17.1717,-91.9192,11.3492
17.1717,-89.899,11.1408
17.1717,-87.8788,10.9214
17.1717,-85.8586,10.6881
17.1717,-83.8384,10.4376
17.1717,-81.8182,10.1664
17.1717,-79.798,9.87107
17.1717,-77.7778,9.54877
17.1717,-75.7576,9.19752
17.1717,-73.7374,8.81716
17.1717,-71.7172,8.41029
17.1717,-69.697,7.98356
17.1717,-67.6768,7.54902
17.1717,-65.6566,7.12538
17.1717,-63.6364,6.73868
17.1717,-61.6162,6.42161
17.1717,-59.596,6.21036
17.1717,-57.5758,6.13772
17.1717,-55.5556,6.22122
17.1717,-53.5354,6.44654
17.1717,-51.5152,6.74956
17.1717,-49.4949,7.00581
17.1717,-47.4747,7.04395
17.1717,-45.4545,6.70348
17.1717,-43.4343,5.94612
17.1717,-41.4141,4.98505
17.1717,-39.3939,4.31087
17.1717,-37.3737,4.42773
17.1717,-35.3535,5.2583
17.1717,-33.3333,5.74938
17.1717,-31.3131,4.80491
17.1717,-29.2929,3.43517
17.1717,-27.2727,4.08752
17.1717,-25.2525,5.02569
17.1717,-23.2323,3.12007
17.1717,-21.2121,3.9865
17.1717,-19.1919,3.55878
17.1717,-17.1717,3.64337
17.1717,-15.1515,2.47893
17.1717,-13.1313,3.90301
17.1717,-11.1111,4.00199
17.1717,-9.09091,3.84694
17.1717,-7.07071,3.76058
17.1717,-5.05051,1.98446
17.1717,-3.0303,3.66649
17.1717,-1.0101,2.4195
17.1717,1.0101,2.4195
17.1717,3.0303,3.66649
17.1717,5.05051,1.98446
17.1717,7.07071,3.76058
17.1717,9.09091,3.84694
17.1717,11.1111,4.00199
17.1717,13.1313,3.90301
17.1717,15.1515,2.47893
17.1717,17.1717,3.64337
17.1717,19.1919,3.55878
17.1717,21.2121,3.9865
17.1717,23.2323,3.12007
17.1717,25.2525,5.02569
17.1717,27.2727,4.08752
17.1717,29.2929,3.43517
17.1717,31.3131,4.80491
17.1717,33.3333,5.74938
17.1717,35.3535,5.2583
17.1717,37.3737,4.42773
17.1717,39.3939,4.31087
17.1717,41.4141,4.98505
17.1717,43.4343,5.94612
17.1717,45.4545,6.70348
17.1717,47.4747,7.04395
17.1717,49.4949,7.00581
17.1717,51.5152,6.74956
17.1717,53.5354,6.44654
17.1717,55.5556,6.22122
17.1717,57.5758,6.13772
17.1717,59.596,6.21036
17.1717,61.6162,6.42161
17.1717,63.6364,6.73868
17.1717,65.6566,7.12538
17.1717,67.6768,7.54902
17.1717,69.697,7.98356
17.1717,71.7172,8.41029
17.1717,73.7374,8.81716
17.1717,75.7576,9.19752
17.1717,77.7778,9.54877
17.1717,79.798,9.87107
17.1717,81.8182,10.1664
17.1717,83.8384,10.4376
17.1717,85.8586,10.6881
17.1717,87.8788,10.9214
17.1717,89.899,11.1408
17.1717,91.9192,11.3492
17.1717,93.9394,11.5493
17.1717,95.9596,11.7433
17.1717,97.9798,11.9331
17.1717,100,12.1204
19.1919,-100,10.7285
19.1919,-97.9798,10.4392
19.1919,-95.9596,10.1487
19.1919,-93.9394,9.8598
19.1919,-91.9192,9.57608
19.1919,-89.899,9.30221
19.1919,-87.8788,9.04386
19.1919,-85.8586,8.80779
19.1919,-83.8384,8.60167
19.1919,-81.8182,8.43369
19.1919,-79.798,8.31189
19.1919,-77.7778,8.24306
19.1919,-75.7576,8.23112
19.1919,-73.7374,8.27493
19.1919,-71.7172,8.36571
19.1919,-69.697,8.48424
19.1919,-67.6768,8.59868
19.1919,-65.6566,8.66412
19.1919,-63.6364,8.62585
19.1919,-61.6162,8.42827
19.1919,-59.596,8.03164
19.1919,-57.5758,7.43611
19.1919,-55.5556,6.70815
19.1919,-53.5354,5.99591
19.1919,-51.5152,5.51071
19.1919,-49.4949,5.44971
19.1919,-47.4747,5.85527
19.1919,-45.4545,6.47037
19.1919,-43.4343,6.7444
19.1919,-41.4141,6.17768
19.1919,-39.3939,4.95496
19.1919,-37.3737,4.20488
19.1919,-35.3535,4.87796
19.1919,-33.3333,5.82017
19.1919,-31.3131,4.81926
19.1919,-29.2929,3.50995
19.1919,-27.2727,4.91569
19.1919,-25.2525,4.37263
19.1919,-23.2323,3.34839
19.1919,-21.2121,4.64817
19.1919,-19.1919,3.08388
19.1919,-17.1717,3.55878
19.1919,-15.1515,4.39998
19.1919,-13.1313,3.35226
19.1919,-11.1111,2.77071
19.1919,-9.09091,3.03675
19.1919,-7.07071,4.00199
19.1919,-5.05051,2.42071
19.1919,-3.0303,3.84694
19.1919,-1.0101,2.72511
19.1919,1.0101,2.72511
19.1919,3.0303,3.84694
19.1919,5.05051,2.42071
19.1919,7.07071,4.00199
19.1919,9.09091,3.03675
19.1919,11.1111,2.77071
19.1919,13.1313,3.35226
19.1919,15.1515,4.39998
19.1919,17.1717,3.55878
19.1919,19.1919,3.08388
19.1919,21.2121,4.64817
19.1919,23.2323,3.34839
19.1919,25.2525,4.37263
19.1919,27.2727,4.91569
19.1919,29.2929,3.50995
19.1919,31.3131,4.81926
19.1919,33.3333,5.82017
19.1919,35.3535,4.87796
19.1919,37.3737,4.20488
19.1919,39.3939,4.95496
19.1919,41.4141,6.17768
19.1919,43.4343,6.7444
19.1919,45.4545,6.47037
19.1919,47.4747,5.85527
19.1919,49.4949,5.44971
19.1919,51.5152,5.51071
19.1919,53.5354,5.99591
19.1919,55.5556,6.70815
19.1919,57.5758,7.43611
19.1919,59.596,8.03164
19.1919,61.6162,8.42827
19.1919,63.6364,8.62585
19.1919,65.6566,8.66412
19.1919,67.6768,8.59868
19.1919,69.697,8.48424
19.1919,71.7172,8.36571
19.1919,73.7374,8.27493
19.1919,75.7576,8.23112
19.1919,77.7778,8.24306
19.1919,79.798,8.31189
19.1919,81.8182,8.43369
19.1919,83.8384,8.60167
19.1919,85.8586,8.80779
19.1919,87.8788,9.04386
19.1919,89.899,9.30221
19.1919,91.9192,9.57608
19.1919,93.9394,9.8598
19.1919,95.9596,10.1487
19.1919,97.9798,10.4392
19.1919,100,10.7285
21.2121,-100,11.0662
21.2121,-97.9798,11.0228
21.2121,-95.9596,10.9911
21.2121,-93.9394,10.9665
21.2121,-91.9192,10.9425
21.2121,-89.899,10.9105
21.2121,-87.8788,10.8589
21.2121,-85.8586,10.774
21.2121,-83.8384,10.6403
21.2121,-81.8182,10.4417
21.2121,-79.798,10.1639
21.2121,-77.7778,9.79739
21.2121,-75.7576,9.34202
21.2121,-73.7374,8.81185
21.2121,-71.7172,8.23982
21.2121,-69.697,7.68028
21.2121,-67.6768,7.20653
21.2121,-65.6566,6.89988
21.2121,-63.6364,6.8274
21.2121,-61.6162,7.00865
21.2121,-59.596,7.37896
21.2121,-57.5758,7.76827
21.2121,-55.5556,7.92586
21.2121,-53.5354,7.62042
21.2121,-51.5152,6.81104
21.2121,-49.4949,5.80271
21.2121,-47.4747,5.19988
21.2121,-45.4545,5.48256
21.2121,-43.4343,6.35525
21.2121,-41.4141,6.63477
21.2121,-39.3939,5.52514
21.2121,-37.3737,4.31087
21.2121,-35.3535,4.99104
21.2121,-33.3333,5.94893
21.2121,-31.3131,4.34783
21.2121,-29.2929,4.11682
21.2121,-27.2727,5.40463
21.2121,-25.2525,3.30627
21.2121,-23.2323,5.11361
21.2121,-21.2121,2.99989
21.2121,-19.1919,4.64817
21.2121,-17.1717,3.9865
21.2121,-15.1515,2.69576
21.2121,-13.1313,2.54837
21.2121,-11.1111,2.45161
21.2121,-9.09091,2.42582
21.2121,-7.07071,3.87114
21.2121,-5.05051,2.84127
21.2121,-3.0303,4.04072
21.2121,-1.0101,3.03675
21.2121,1.0101,3.03675
21.2121,3.0303,4.04072
21.2121,5.05051,2.84127
21.2121,7.07071,3.87114
21.2121,9.09091,2.42582
21.2121,11.1111,2.45161
21.2121,13.1313,2.54837
21.2121,15.1515,2.69576
21.2121,17.1717,3.9865
21.2121,19.1919,4.64817
21.2121,21.2121,2.99989
21.2121,23.2323,5.11361
21.2121,25.2525,3.30627
21.2121,27.2727,5.40463
21.2121,29.2929,4.11682
21.2121,31.3131,4.34783
21.2121,33.3333,5.94893
21.2121,35.3535,4.99104
21.2121,37.3737,4.31087
21.2121,39.3939,5.52514
21.2121,41.4141,6.63477
21.2121,43.4343,6.35525
21.2121,45.4545,5.48256
21.2121,47.4747,5.19988
21.2121,49.4949,5.80271
21.2121,51.5152,6.81104
21.2121,53.5354,7.62042
21.2121,55.5556,7.92586
21.2121,57.5758,7.76827
21.2121,59.596,7.37896
21.2121,61.6162,7.00865
21.2121,63.6364,6.8274
21.2121,65.6566,6.89988
21.2121,67.6768,7.20653
21.2121,69.697,7.68028
21.2121,71.7172,8.23982
21.2121,73.7374,8.81185
21.2121,75.7576,9.34202
21.2121,77.7778,9.79739
21.2121,79.798,10.1639
21.2121,81.8182,10.4417
21.2121,83.8384,10.6403
21.2121,85.8586,10.774
21.2121,87.8788,10.8589
21.2121,89.899,10.9105
21.2121,91.9192,10.9425
21.2121,93.9394,10.9665
21.2121,95.9596,10.9911
21.2121,97.9798,11.0228
21.2121,100,11.0662
23.2323,-100,11.7849
23.2323,-97.9798,11.3996
23.2323,-95.9596,10.9868
23.2323,-93.9394,10.5543
23.2323,-91.9192,10.1146
23.2323,-89.899,9.68529
23.2323,-87.8788,9.28872
23.2323,-85.8586,8.95109
23.2323,-83.8384,8.69988
23.2323,-81.8182,8.55952
23.2323,-79.798,8.54511
23.2323,-77.7778,8.65451
23.2323,-75.7576,8.86015
23.2323,-73.7374,9.10316
23.2323,-71.7172,9.2941
23.2323,-69.697,9.32536
23.2323,-67.6768,9.09962
23.2323,-65.6566,8.57393
23.2323,-63.6364,7.80853
23.2323,-61.6162,6.99458
23.2323,-59.596,6.42161
23.2323,-57.5758,6.35208
23.2323,-55.5556,6.81965
23.2323,-53.5354,7.46856
23.2323,-51.5152,7.64853
23.2323,-49.4949,6.91468
23.2323,-47.4747,5.67529
23.2323,-45.4545,5.14913
23.2323,-43.4343,5.97167
23.2323,-41.4141,6.7444
23.2323,-39.3939,5.67211
23.2323,-37.3737,4.40135
23.2323,-35.3535,5.56214
23.2323,-33.3333,5.74451
23.2323,-31.3131,3.90085
23.2323,-29.2929,5.49867
23.2323,-27.2727,4.11995
23.2323,-25.2525,4.82108
23.2323,-23.2323,3.67033
23.2323,-21.2121,5.11361
23.2323,-19.1919,3.34839
23.2323,-17.1717,3.12007
23.2323,-15.1515,3.85884
23.2323,-13.1313,4.05682
23.2323,-11.1111,3.55878
23.2323,-9.09091,2.54837
23.2323,-7.07071,3.64337
23.2323,-5.05051,3.22135
23.2323,-3.0303,4.24537
23.2323,-1.0101,3.35226
23.2323,1.0101,3.35226
23.2323,3.0303,4.24537
23.2323,5.05051,3.22135
23.2323,7.07071,3.64337
23.2323,9.09091,2.54837
23.2323,11.1111,3.55878
23.2323,13.1313,4.05682
23.2323,15.1515,3.85884
23.2323,17.1717,3.12007
23.2323,19.1919,3.34839
23.2323,21.2121,5.11361
23.2323,23.2323,3.67033
23.2323,25.2525,4.82108
23.2323,27.2727,4.11995
23.2323,29.2929,5.49867
23.2323,31.3131,3.90085
23.2323,33.3333,5.74451
23.2323,35.3535,5.56214
23.2323,37.3737,4.40135
23.2323,39.3939,5.67211
23.2323,41.4141,6.7444
23.2323,43.4343,5.97167
23.2323,45.4545,5.14913
23.2323,47.4747,5.67529
23.2323,49.4949,6.91468
23.2323,51.5152,7.64853
23.2323,53.5354,7.46856
23.2323,55.5556,6.81965
23.2323,57.5758,6.35208
23.2323,59.596,6.42161
23.2323,61.6162,6.99458
23.2323,63.6364,7.80853
23.2323,65.6566,8.57393
23.2323,67.6768,9.09962
23.2323,69.697,9.32536
23.2323,71.7172,9.2941
23.2323,73.7374,9.10316
23.2323,75.7576,8.86015
23.2323,77.7778,8.65451
23.2323,79.798,8.54511
23.2323,81.8182,8.55952
23.2323,83.8384,8.69988
23.2323,85.8586,8.95109
23.2323,87.8788,9.28872
23.2323,89.899,9.68529
23.2323,91.9192,10.1146
23.2323,93.9394,10.5543
23.2323,95.9596,10.9868
23.2323,97.9798,11.3996
23.2323,100,11.7849
25.2525,-100,10.6725
25.2525,-97.9798,10.7019
25.2525,-95.9596,10.7767
25.2525,-93.9394,10.8799
25.2525,-91.9192,10.9857
25.2525,-89.899,11.0597
25.2525,-87.8788,11.0614
25.2525,-85.8586,10.9491
25.2525,-83.8384,10.6881
25.2525,-81.8182,10.2629
25.2525,-79.798,9.68891
25.2525,-77.7778,9.02397
25.2525,-75.7576,8.37018
25.2525,-73.7374,7.86077
25.2525,-71.7172,7.62495
25.2525,-69.697,7.73164
25.2525,-67.6768,8.12674
25.2525,-65.6566,8.59868
25.2525,-63.6364,8.82046
25.2525,-61.6162,8.503
25.2525,-59.596,7.62692
25.2525,-57.5758,6.60171
25.2525,-55.5556,6.11534
25.2525,-53.5354,6.56436
25.2525,-51.5152,7.42902
25.2525,-49.4949,7.47488
25.2525,-47.4747,6.23294
25.2525,-45.4545,5.19988
25.2525,-43.4343,5.97228
25.2525,-41.4141,6.8499
25.2525,-39.3939,5.41318
25.2525,-37.3737,4.72145
25.2525,-35.3535,6.28778
25.2525,-33.3333,4.76366
25.2525,-31.3131,4.87796
25.2525,-29.2929,5.32077
25.2525,-27.2727,4.22643
25.2525,-25.2525,4.80491
25.2525,-23.2323,4.82108
25.2525,-21.2121,3.30627
25.2525,-19.1919,4.37263
25.2525,-17.1717,5.02569
25.2525,-15.1515,4.89452
25.2525,-13.1313,4.81883
25.2525,-11.1111,4.60694
25.2525,-9.09091,3.15312
25.2525,-7.07071,3.45817
25.2525,-5.05051,3.55878
25.2525,-3.0303,4.45783
25.2525,-1.0101,3.66954
25.2525,1.0101,3.66954
25.2525,3.0303,4.45783
25.2525,5.05051,3.55878
25.2525,7.07071,3.45817
25.2525,9.09091,3.15312
25.2525,11.1111,4.60694
25.2525,13.1313,4.81883
25.2525,15.1515,4.89452
25.2525,17.1717,5.02569
25.2525,19.1919,4.37263
25.2525,21.2121,3.30627
25.2525,23.2323,4.82108
25.2525,25.2525,4.80491
25.2525,27.2727,4.22643
25.2525,29.2929,5.32077
25.2525,31.3131,4.87796
25.2525,33.3333,4.76366
25.2525,35.3535,6.28778
25.2525,37.3737,4.72145
25.2525,39.3939,5.41318
25.2525,41.4141,6.8499
25.2525,43.4343,5.97228
25.2525,45.4545,5.19988
25.2525,47.4747,6.23294
25.2525,49.4949,7.47488
25.2525,51.5152,7.42902
25.2525,53.5354,6.56436
25.2525,55.5556,6.11534
25.2525,57.5758,6.60171
25.2525,59.596,7.62692
25.2525,61.6162,8.503
25.2525,63.6364,8.82046
25.2525,65.6566,8.59868
25.2525,67.6768,8.12674
25.2525,69.697,7.73164
25.2525,71.7172,7.62495
25.2525,73.7374,7.86077
25.2525,75.7576,8.37018
25.2525,77.7778,9.02397
25.2525,79.798,9.68891
25.2525,81.8182,10.2629
25.2525,83.8384,10.6881
25.2525,85.8586,10.9491
25.2525,87.8788,11.0614
25.2525,89.899,11.0597
25.2525,91.9192,10.9857
25.2525,93.9394,10.8799
25.2525,95.9596,10.7767
25.2525,97.9798,10.7019
25.2525,100,10.6725
27.2727,-100,11.9412
27.2727,-97.9798,11.4514
27.2727,-95.9596,10.9136
27.2727,-93.9394,10.366
27.2727,-91.9192,9.8598
27.2727,-89.899,9.45398
27.2727,-87.8788,9.20494
27.2727,-85.8586,9.15128
27.2727,-83.8384,9.2953
27.2727,-81.8182,9.5863
27.2727,-79.798,9.91377
27.2727,-77.7778,10.1207
27.2727,-75.7576,10.0459
27.2727,-73.7374,9.5937
27.2727,-71.7172,8.81185
27.2727,-69.697,7.93284
27.2727,-67.6768,7.3201
27.2727,-65.6566,7.28465
27.2727,-63.6364,7.82495
27.2727,-61.6162,8.47633
27.2727,-59.596,8.52271
27.2727,-57.5758,7.62882
27.2727,-55.5556,6.42326
27.2727,-53.5354,6.13772
27.2727,-51.5152,7.07176
27.2727,-49.4949,7.64853
27.2727,-47.4747,6.46987
27.2727,-45.4545,5.30234
27.2727,-43.4343,6.35833
27.2727,-41.4141,6.81099
27.2727,-39.3939,4.93608
27.2727,-37.3737,5.73075
27.2727,-35.3535,6.0499
27.2727,-33.3333,4.39859
27.2727,-31.3131,6.14031
27.2727,-29.2929,4.01319
27.2727,-27.2727,5.76321
27.2727,-25.2525,4.22643
27.2727,-23.2323,4.11995
27.2727,-21.2121,5.40463
27.2727,-19.1919,4.91569
27.2727,-17.1717,4.08752
27.2727,-15.1515,3.80418
27.2727,-13.1313,4.14816
27.2727,-11.1111,4.89452
27.2727,-9.09091,3.8875
27.2727,-7.07071,3.36007
27.2727,-5.05051,3.85884
27.2727,-3.0303,4.67512
27.2727,-1.0101,3.9865
27.2727,1.0101,3.9865
27.2727,3.0303,4.67512
27.2727,5.05051,3.85884
27.2727,7.07071,3.36007
27.2727,9.09091,3.8875
27.2727,11.1111,4.89452
27.2727,13.1313,4.14816
27.2727,15.1515,3.80418
27.2727,17.1717,4.08752
27.2727,19.1919,4.91569
27.2727,21.2121,5.40463
27.2727,23.2323,4.11995
27.2727,25.2525,4.22643
27.2727,27.2727,5.76321
27.2727,29.2929,4.01319
27.2727,31.3131,6.14031
27.2727,33.3333,4.39859
27.2727,35.3535,6.0499
27.2727,37.3737,5.73075
27.2727,39.3939,4.93608
27.2727,41.4141,6.81099
27.2727,43.4343,6.35833
27.2727,45.4545,5.30234
27.2727,47.4747,6.46987
27.2727,49.4949,7.64853
27.2727,51.5152,7.07176
27.2727,53.5354,6.13772
27.2727,55.5556,6.42326
27.2727,57.5758,7.62882
27.2727,59.596,8.52271
27.2727,61.6162,8.47633
27.2727,63.6364,7.82495
27.2727,65.6566,7.28465
27.2727,67.6768,7.3201
27.2727,69.697,7.93284
27.2727,71.7172,8.81185
27.2727,73.7374,9.5937
27.2727,75.7576,10.0459
27.2727,77.7778,10.1207
27.2727,79.798,9.91377
27.2727,81.8182,9.5863
27.2727,83.8384,9.2953
27.2727,85.8586,9.15128
27.2727,87.8788,9.20494
27.2727,89.899,9.45398
27.2727,91.9192,9.8598
27.2727,93.9394,10.366
27.2727,95.9596,10.9136
27.2727,97.9798,11.4514
27.2727,100,11.9412
29.2929,-100,11.1237
29.2929,-97.9798,11.3202
29.2929,-95.9596,11.5206
29.2929,-93.9394,11.6514
29.2929,-91.9192,11.634
29.2929,-89.899,11.4041
29.2929,-87.8788,10.9368
29.2929,-85.8586,10.2709
29.2929,-83.8384,9.52148
29.2929,-81.8182,8.86716
29.2929,-79.798,8.5009
29.2929,-77.7778,8.54511
29.2929,-75.7576,8.95774
29.2929,-73.7374,9.48475
29.2929,-71.7172,9.72784
29.2929,-69.697,9.35981
29.2929,-67.6768,8.41029
29.2929,-65.6566,7.40015
29.2929,-63.6364,7.06398
29.2929,-61.6162,7.66498
29.2929,-59.596,8.47112
29.2929,-57.5758,8.27224
29.2929,-55.5556,6.94049
29.2929,-53.5354,6.11534
29.2929,-51.5152,6.99626
29.2929,-49.4949,7.74767
29.2929,-47.4747,6.36246
29.2929,-45.4545,5.51885
29.2929,-43.4343,7.00581
29.2929,-41.4141,6.21802
29.2929,-39.3939,5.06929
29.2929,-37.3737,6.7444
29.2929,-35.3535,4.73894
29.2929,-33.3333,6.14697
29.2929,-31.3131,4.56427
29.2929,-29.2929,6.03777
29.2929,-27.2727,4.01319
29.2929,-25.2525,5.32077
29.2929,-23.2323,5.49867
29.2929,-21.2121,4.11682
29.2929,-19.1919,3.50995
29.2929,-17.1717,3.43517
29.2929,-15.1515,3.30627
29.2929,-13.1313,3.40676
29.2929,-11.1111,4.61149
29.2929,-9.09091,4.54245
29.2929,-7.07071,3.34839
29.2929,-5.05051,4.12815
29.2929,-3.0303,4.89452
29.2929,-1.0101,4.30114
29.2929,1.0101,4.30114
29.2929,3.0303,4.89452
29.2929,5.05051,4.12815
29.2929,7.07071,3.34839
29.2929,9.09091,4.54245
29.2929,11.1111,4.61149
29.2929,13.1313,3.40676
29.2929,15.1515,3.30627
29.2929,17.1717,3.43517
29.2929,19.1919,3.50995
29.2929,21.2121,4.11682
29.2929,23.2323,5.49867
29.2929,25.2525,5.32077
29.2929,27.2727,4.01319
29.2929,29.2929,6.03777
29.2929,31.3131,4.56427
29.2929,33.3333,6.14697
29.2929,35.3535,4.73894
29.2929,37.3737,6.7444
29.2929,39.3939,5.06929
29.2929,41.4141,6.21802
29.2929,43.4343,7.00581
29.2929,45.4545,5.51885
29.2929,47.4747,6.36246
29.2929,49.4949,7.74767
29.2929,51.5152,6.99626
29.2929,53.5354,6.11534
29.2929,55.5556,6.94049
29.2929,57.5758,8.27224
29.2929,59.596,8.47112
29.2929,61.6162,7.66498
29.2929,63.6364,7.06398
29.2929,65.6566,7.40015
29.2929,67.6768,8.41029
29.2929,69.697,9.35981
29.2929,71.7172,9.72784
29.2929,73.7374,9.48475
29.2929,75.7576,8.95774
29.2929,77.7778,8.54511
29.2929,79.798,8.5009
29.2929,81.8182,8.86716
29.2929,83.8384,9.52148
29.2929,85.8586,10.2709
29.2929,87.8788,10.9368
29.2929,89.899,11.4041
29.2929,91.9192,11.634
29.2929,93.9394,11.6514
29.2929,95.9596,11.5206
29.2929,97.9798,11.3202
29.2929,100,11.1237
31.3131,-100,11.2427
31.3131,-97.9798,10.64
31.3131,-95.9596,10.1656
31.3131,-93.9394,9.91062
31.3131,-91.9192,9.92585
31.3131,-89.899,10.1887
31.3131,-87.8788,10.5833
31.3131,-85.8586,10.9112
31.3131,-83.8384,10.9491
31.3131,-81.8182,10.5487
31.3131,-79.798,9.74834
31.3131,-77.7778,8.82513
31.3131,-75.7576,8.21079
31.3131,-73.7374,8.24306
31.3131,-71.7172,8.85772
31.3131,-69.697,9.47827
31.3131,-67.6768,9.36231
31.3131,-65.6566,8.32876
31.3131,-63.6364,7.20653
31.3131,-61.6162,7.16697
31.3131,-59.596,8.1667
31.3131,-57.5758,8.52271
31.3131,-55.5556,7.23634
31.3131,-53.5354,6.21036
31.3131,-51.5152,7.2488
31.3131,-49.4949,7.7658
31.3131,-47.4747,5.99591
31.3131,-45.4545,6.18839
31.3131,-43.4343,7.31499
31.3131,-41.4141,5.31691
31.3131,-39.3939,6.47451
31.3131,-37.3737,5.82772
31.3131,-35.3535,5.57836
31.3131,-33.3333,5.67211
31.3131,-31.3131,5.637
31.3131,-29.2929,4.56427
31.3131,-27.2727,6.14031
31.3131,-25.2525,4.87796
31.3131,-23.2323,3.90085
31.3131,-21.2121,4.34783
31.3131,-19.1919,4.81926
31.3131,-17.1717,4.80491
31.3131,-15.1515,4.25305
31.3131,-13.1313,3.43517
31.3131,-11.1111,4.17256
31.3131,-9.09091,5.04656
31.3131,-7.07071,3.40676
31.3131,-5.05051,4.37263
31.3131,-3.0303,5.11361
31.3131,-1.0101,4.61149
31.3131,1.0101,4.61149
31.3131,3.0303,5.11361
31.3131,5.05051,4.37263
31.3131,7.07071,3.40676
31.3131,9.09091,5.04656
31.3131,11.1111,4.17256
31.3131,13.1313,3.43517
31.3131,15.1515,4.25305
31.3131,17.1717,4.80491
31.3131,19.1919,4.81926
31.3131,21.2121,4.34783
31.3131,23.2323,3.90085
31.3131,25.2525,4.87796
31.3131,27.2727,6.14031
31.3131,29.2929,4.56427
31.3131,31.3131,5.637
31.3131,33.3333,5.67211
31.3131,35.3535,5.57836
31.3131,37.3737,5.82772
31.3131,39.3939,6.47451
31.3131,41.4141,5.31691
31.3131,43.4343,7.31499
31.3131,45.4545,6.18839
31.3131,47.4747,5.99591
31.3131,49.4949,7.7658
31.3131,51.5152,7.2488
31.3131,53.5354,6.21036
31.3131,55.5556,7.23634
31.3131,57.5758,8.52271
31.3131,59.596,8.1667
31.3131,61.6162,7.16697
31.3131,63.6364,7.20653
31.3131,65.6566,8.32876
31.3131,67.6768,9.36231
31.3131,69.697,9.47827
31.3131,71.7172,8.85772
31.3131,73.7374,8.24306
31.3131,75.7576,8.21079
31.3131,77.7778,8.82513
31.3131,79.798,9.74834
31.3131,81.8182,10.5487
31.3131,83.8384,10.9491
31.3131,85.8586,10.9112
31.3131,87.8788,10.5833
31.3131,89.899,10.1887
31.3131,91.9192,9.92585
31.3131,93.9394,9.91062
31.3131,95.9596,10.1656
31.3131,97.9798,10.64
31.3131,100,11.2427
33.3333,-100,12.3827
33.3333,-97.9798,12.3489
33.3333,-95.9596,12.0216
33.3333,-93.9394,11.4044
33.3333,-91.9192,10.6118
33.3333,-89.899,9.8598
33.3333,-87.8788,9.40155
33.3333,-85.8586,9.40925
33.3333,-83.8384,9.84636
33.3333,-81.8182,10.4111
33.3333,-79.798,10.6403
33.3333,-77.7778,10.1922
33.3333,-75.7576,9.17213
33.3333,-73.7374,8.21095
33.3333,-71.7172,8.04831
33.3333,-69.697,8.77522
33.3333,-67.6768,9.47477
33.3333,-65.6566,9.0316
33.3333,-63.6364,7.65864
33.3333,-61.6162,7.06398
33.3333,-59.596,8.04428
33.3333,-57.5758,8.63657
33.3333,-55.5556,7.24017
33.3333,-53.5354,6.38774
33.3333,-51.5152,7.76827
33.3333,-49.4949,7.43272
33.3333,-47.4747,5.80219
33.3333,-45.4545,7.30688
33.3333,-43.4343,6.46987
33.3333,-41.4141,5.79328
33.3333,-39.3939,6.95364
33.3333,-37.3737,5.12862
33.3333,-35.3535,6.70348
33.3333,-33.3333,5.07881
33.3333,-31.3131,5.67211
33.3333,-29.2929,6.14697
33.3333,-27.2727,4.39859
33.3333,-25.2525,4.76366
33.3333,-23.2323,5.74451
33.3333,-21.2121,5.94893
33.3333,-19.1919,5.82017
33.3333,-17.1717,5.74938
33.3333,-15.1515,5.41043
33.3333,-13.1313,4.11995
33.3333,-11.1111,3.85904
33.3333,-9.09091,5.40463
33.3333,-7.07071,3.51651
33.3333,-5.05051,4.59702
33.3333,-3.0303,5.33029
33.3333,-1.0101,4.91569
33.3333,1.0101,4.91569
33.3333,3.0303,5.33029
33.3333,5.05051,4.59702
33.3333,7.07071,3.51651
33.3333,9.09091,5.40463
33.3333,11.1111,3.85904
33.3333,13.1313,4.11995
33.3333,15.1515,5.41043
33.3333,17.1717,5.74938
33.3333,19.1919,5.82017
33.3333,21.2121,5.94893
33.3333,23.2323,5.74451
33.3333,25.2525,4.76366
33.3333,27.2727,4.39859
33.3333,29.2929,6.14697
33.3333,31.3131,5.67211
33.3333,33.3333,5.07881
33.3333,35.3535,6.70348
33.3333,37.3737,5.12862
33.3333,39.3939,6.95364
33.3333,41.4141,5.79328
33.3333,43.4343,6.46987
33.3333,45.4545,7.30688
33.3333,47.4747,5.80219
33.3333,49.4949,7.43272
33.3333,51.5152,7.76827
33.3333,53.5354,6.38774
33.3333,55.5556,7.24017
33.3333,57.5758,8.63657
33.3333,59.596,8.04428
33.3333,61.6162,7.06398
33.3333,63.6364,7.65864
33.3333,65.6566,9.0316
33.3333,67.6768,9.47477
33.3333,69.697,8.77522
33.3333,71.7172,8.04831
33.3333,73.7374,8.21095
33.3333,75.7576,9.17213
33.3333,77.7778,10.1922
33.3333,79.798,10.6403
33.3333,81.8182,10.4111
33.3333,83.8384,9.84636
33.3333,85.8586,9.40925
33.3333,87.8788,9.40155
33.3333,89.899,9.8598
33.3333,91.9192,10.6118
33.3333,93.9394,11.4044
33.3333,95.9596,12.0216
33.3333,97.9798,12.3489
33.3333,100,12.3827
35.3535,-100,10.6898
35.3535,-97.9798,10.896
35.3535,-95.9596,11.3202
35.3535,-93.9394,11.7296
35.3535,-91.9192,11.843
35.3535,-89.899,11.4664
35.3535,-87.8788,10.6377
35.3535,-85.8586,9.68529
35.3535,-83.8384,9.10179
35.3535,-81.8182,9.22663
35.3535,-79.798,9.90789
35.3535,-77.7778,10.463
35.3535,-75.7576,10.1664
35.3535,-73.7374,9.02397
35.3535,-71.7172,8.03097
35.3535,-69.697,8.23112
35.3535,-67.6768,9.24613
35.3535,-65.6566,9.36231
35.3535,-63.6364,7.98639
35.3535,-61.6162,7.13246
35.3535,-59.596,8.19758
35.3535,-57.5758,8.67757
35.3535,-55.5556,6.99458
35.3535,-53.5354,6.85517
35.3535,-51.5152,8.23963
35.3535,-49.4949,6.63114
35.3535,-47.4747,6.56436
35.3535,-45.4545,7.62042
35.3535,-43.4343,5.60064
35.3535,-41.4141,7.39976
35.3535,-39.3939,5.38408
35.3535,-37.3737,7.08712
35.3535,-35.3535,4.99987
35.3535,-33.3333,6.70348
35.3535,-31.3131,5.57836
35.3535,-29.2929,4.73894
35.3535,-27.2727,6.0499
35.3535,-25.2525,6.28778
35.3535,-23.2323,5.56214
35.3535,-21.2121,4.99104
35.3535,-19.1919,4.87796
35.3535,-17.1717,5.2583
35.3535,-15.1515,5.82017
35.3535,-13.1313,4.99902
35.3535,-11.1111,3.77254
35.3535,-9.09091,5.6501
35.3535,-7.07071,3.6617
35.3535,-5.05051,4.80491
35.3535,-3.0303,5.54273
35.3535,-1.0101,5.21195
35.3535,1.0101,5.21195
35.3535,3.0303,5.54273
35.3535,5.05051,4.80491
35.3535,7.07071,3.6617
35.3535,9.09091,5.6501
35.3535,11.1111,3.77254
35.3535,13.1313,4.99902
35.3535,15.1515,5.82017
35.3535,17.1717,5.2583
35.3535,19.1919,4.87796
35.3535,21.2121,4.99104
35.3535,23.2323,5.56214
35.3535,25.2525,6.28778
35.3535,27.2727,6.0499
35.3535,29.2929,4.73894
35.3535,31.3131,5.57836
35.3535,33.3333,6.70348
35.3535,35.3535,4.99987
35.3535,37.3737,7.08712
35.3535,39.3939,5.38408
35.3535,41.4141,7.39976
35.3535,43.4343,5.60064
35.3535,45.4545,7.62042
35.3535,47.4747,6.56436
35.3535,49.4949,6.63114
35.3535,51.5152,8.23963
35.3535,53.5354,6.85517
35.3535,55.5556,6.99458
35.3535,57.5758,8.67757
35.3535,59.596,8.19758
35.3535,61.6162,7.13246
35.3535,63.6364,7.98639
35.3535,65.6566,9.36231
35.3535,67.6768,9.24613
35.3535,69.697,8.23112
35.3535,71.7172,8.03097
35.3535,73.7374,9.02397
35.3535,75.7576,10.1664
35.3535,77.7778,10.463
35.3535,79.798,9.90789
35.3535,81.8182,9.22663
35.3535,83.8384,9.10179
35.3535,85.8586,9.68529
35.3535,87.8788,10.6377
35.3535,89.899,11.4664
35.3535,91.9192,11.843
35.3535,93.9394,11.7296
35.3535,95.9596,11.3202
35.3535,97.9798,10.896
35.3535,100,10.6898
37.3737,-100,11.6393
37.3737,-97.9798,10.8215
37.3737,-95.9596,10.3054
37.3737,-93.9394,10.3047
37.3737,-91.9192,10.7767
37.3737,-89.899,11.3646
37.3737,-87.8788,11.5493
37.3737,-85.8586,11.0003
37.3737,-83.8384,9.92162
37.3737,-81.8182,9.04386
37.3737,-79.798,9.06771
37.3737,-77.7778,9.88538
37.3737,-75.7576,10.4351
37.3737,-73.7374,9.75958
37.3737,-71.7172,8.39715
37.3737,-69.697,8.04831
37.3737,-67.6768,9.10316
37.3737,-65.6566,9.50872
37.3737,-63.6364,8.07325
37.3737,-61.6162,7.28845
37.3737,-59.596,8.59868
37.3737,-57.5758,8.4905
37.3737,-55.5556,6.73226
37.3737,-53.5354,7.77988
37.3737,-51.5152,7.98042
37.3737,-49.4949,6.21036
37.3737,-47.4747,7.92015
37.3737,-45.4545,6.31474
37.3737,-43.4343,7.04158
37.3737,-41.4141,6.36246
37.3737,-39.3939,6.74956
37.3737,-37.3737,5.67529
37.3737,-35.3535,7.08712
37.3737,-33.3333,5.12862
37.3737,-31.3131,5.82772
37.3737,-29.2929,6.7444
37.3737,-27.2727,5.73075
37.3737,-25.2525,4.72145
37.3737,-23.2323,4.40135
37.3737,-21.2121,4.31087
37.3737,-19.1919,4.20488
37.3737,-17.1717,4.42773
37.3737,-15.1515,5.5047
37.3737,-13.1313,5.71775
37.3737,-11.1111,3.90085
37.3737,-9.09091,5.82017
37.3737,-7.07071,3.83015
37.3737,-5.05051,4.99902
37.3737,-3.0303,5.74938
37.3737,-1.0101,5.49867
37.3737,1.0101,5.49867
37.3737,3.0303,5.74938
37.3737,5.05051,4.99902
37.3737,7.07071,3.83015
37.3737,9.09091,5.82017
37.3737,11.1111,3.90085
37.3737,13.1313,5.71775
37.3737,15.1515,5.5047
37.3737,17.1717,4.42773
37.3737,19.1919,4.20488
37.3737,21.2121,4.31087
37.3737,23.2323,4.40135
37.3737,25.2525,4.72145
37.3737,27.2727,5.73075
37.3737,29.2929,6.7444
37.3737,31.3131,5.82772
37.3737,33.3333,5.12862
37.3737,35.3535,7.08712
37.3737,37.3737,5.67529
37.3737,39.3939,6.74956
37.3737,41.4141,6.36246
37.3737,43.4343,7.04158
37.3737,45.4545,6.31474
37.3737,47.4747,7.92015
37.3737,49.4949,6.21036
37.3737,51.5152,7.98042
37.3737,53.5354,7.77988
37.3737,55.5556,6.73226
37.3737,57.5758,8.4905
37.3737,59.596,8.59868
37.3737,61.6162,7.28845
37.3737,63.6364,8.07325
37.3737,65.6566,9.50872
37.3737,67.6768,9.10316
37.3737,69.697,8.04831
37.3737,71.7172,8.39715
37.3737,73.7374,9.75958
37.3737,75.7576,10.4351
37.3737,77.7778,9.88538
37.3737,79.798,9.06771
37.3737,81.8182,9.04386
37.3737,83.8384,9.92162
37.3737,85.8586,11.0003
37.3737,87.8788,11.5493
37.3737,89.899,11.3646
37.3737,91.9192,10.7767
37.3737,93.9394,10.3047
37.3737,95.9596,10.3054
37.3737,97.9798,10.8215
37.3737,100,11.6393
39.3939,-100,12.7398
39.3939,-97.9798,12.3593
39.3939,-95.9596,11.492
39.3939,-93.9394,10.5249
39.3939,-91.9192,10.001
39.3939,-89.899,10.2349
39.3939,-87.8788,10.9665
39.3939,-85.8586,11.422
39.3939,-83.8384,10.9368
39.3939,-81.8182,9.72425
39.3939,-79.798,8.90043
39.3939,-77.7778,9.32273
39.3939,-75.7576,10.3008
39.3939,-73.7374,10.1664
39.3939,-71.7172,8.73172
39.3939,-69.697,8.07542
39.3939,-67.6768,9.1828
39.3939,-65.6566,9.56677
39.3939,-63.6364,7.93284
39.3939,-61.6162,7.64255
39.3939,-59.596,9.07186
39.3939,-57.5758,7.89585
39.3939,-55.5556,7.02067
39.3939,-53.5354,8.62585
39.3939,-51.5152,6.89067
39.3939,-49.4949,7.37896
39.3939,-47.4747,7.53349
39.3939,-45.4545,6.42617
39.3939,-43.4343,7.51047
39.3939,-41.4141,6.16831
39.3939,-39.3939,6.81104
39.3939,-37.3737,6.74956
39.3939,-35.3535,5.38408
39.3939,-33.3333,6.95364
39.3939,-31.3131,6.47451
39.3939,-29.2929,5.06929
39.3939,-27.2727,4.93608
39.3939,-25.2525,5.41318
39.3939,-23.2323,5.67211
39.3939,-21.2121,5.52514
39.3939,-19.1919,4.95496
39.3939,-17.1717,4.31087
39.3939,-15.1515,4.95526
39.3939,-13.1313,6.14031
39.3939,-11.1111,4.18585
39.3939,-9.09091,5.94583
39.3939,-7.07071,4.01319
39.3939,-5.05051,5.18137
39.3939,-3.0303,5.94893
39.3939,-1.0101,5.77438
39.3939,1.0101,5.77438
39.3939,3.0303,5.94893
39.3939,5.05051,5.18137
39.3939,7.07071,4.01319
39.3939,9.09091,5.94583
39.3939,11.1111,4.18585
39.3939,13.1313,6.14031
39.3939,15.1515,4.95526
39.3939,17.1717,4.31087
39.3939,19.1919,4.95496
39.3939,21.2121,5.52514
39.3939,23.2323,5.67211
39.3939,25.2525,5.41318
39.3939,27.2727,4.93608
39.3939,29.2929,5.06929
39.3939,31.3131,6.47451
39.3939,33.3333,6.95364
39.3939,35.3535,5.38408
39.3939,37.3737,6.74956
39.3939,39.3939,6.81104
39.3939,41.4141,6.16831
39.3939,43.4343,7.51047
39.3939,45.4545,6.42617
39.3939,47.4747,7.53349
39.3939,49.4949,7.37896
39.3939,51.5152,6.89067
39.3939,53.5354,8.62585
39.3939,55.5556,7.02067
39.3939,57.5758,7.89585
39.3939,59.596,9.07186
39.3939,61.6162,7.64255
39.3939,63.6364,7.93284
39.3939,65.6566,9.56677
39.3939,67.6768,9.1828
39.3939,69.697,8.07542
39.3939,71.7172,8.73172
39.3939,73.7374,10.1664
39.3939,75.7576,10.3008
39.3939,77.7778,9.32273
39.3939,79.798,8.90043
39.3939,81.8182,9.72425
39.3939,83.8384,10.9368
39.3939,85.8586,11.422
39.3939,87.8788,10.9665
39.3939,89.899,10.2349
39.3939,91.9192,10.001
39.3939,93.9394,10.5249
39.3939,95.9596,11.492
39.3939,97.9798,12.3593
39.3939,100,12.7398
41.4141,-100,11.7387
41.4141,-97.9798,12.3345
41.4141,-95.9596,12.4471
41.4141,-93.9394,11.7849
41.4141,-91.9192,10.6674
41.4141,-89.899,9.90617
41.4141,-87.8788,10.119
41.4141,-85.8586,10.9857
41.4141,-83.8384,11.3492
41.4141,-81.8182,10.4644
41.4141,-79.798,9.16457
41.4141,-77.7778,9.06771
41.4141,-75.7576,10.1618
41.4141,-73.7374,10.358
41.4141,-71.7172,8.8789
41.4141,-69.697,8.21008
41.4141,-67.6768,9.48475
41.4141,-65.6566,9.46187
41.4141,-63.6364,7.69947
41.4141,-61.6162,8.36571
41.4141,-59.596,9.15451
41.4141,-57.5758,7.20653
41.4141,-55.5556,8.19758
41.4141,-53.5354,8.16958
41.4141,-51.5152,6.79336
41.4141,-49.4949,8.42827
41.4141,-47.4747,6.29999
41.4141,-45.4545,8.14787
41.4141,-43.4343,6.00523
41.4141,-41.4141,7.7658
41.4141,-39.3939,6.16831
41.4141,-37.3737,6.36246
41.4141,-35.3535,7.39976
41.4141,-33.3333,5.79328
41.4141,-31.3131,5.31691
41.4141,-29.2929,6.21802
41.4141,-27.2727,6.81099
41.4141,-25.2525,6.8499
41.4141,-23.2323,6.7444
41.4141,-21.2121,6.63477
41.4141,-19.1919,6.17768
41.4141,-17.1717,4.98505
41.4141,-15.1515,4.59626
41.4141,-13.1313,6.28778
41.4141,-11.1111,4.56427
41.4141,-9.09091,6.04972
41.4141,-7.07071,4.20488
41.4141,-5.05051,5.35353
41.4141,-3.0303,6.14031
41.4141,-1.0101,6.03777
41.4141,1.0101,6.03777
41.4141,3.0303,6.14031
41.4141,5.05051,5.35353
41.4141,7.07071,4.20488
41.4141,9.09091,6.04972
41.4141,11.1111,4.56427
41.4141,13.1313,6.28778
41.4141,15.1515,4.59626
41.4141,17.1717,4.98505
41.4141,19.1919,6.17768
41.4141,21.2121,6.63477
41.4141,23.2323,6.7444
41.4141,25.2525,6.8499
41.4141,27.2727,6.81099
41.4141,29.2929,6.21802
41.4141,31.3131,5.31691
41.4141,33.3333,5.79328
41.4141,35.3535,7.39976
41.4141,37.3737,6.36246
41.4141,39.3939,6.16831
41.4141,41.4141,7.7658
41.4141,43.4343,6.00523
41.4141,45.4545,8.14787
41.4141,47.4747,6.29999
41.4141,49.4949,8.42827
41.4141,51.5152,6.79336
41.4141,53.5354,8.16958
41.4141,55.5556,8.19758
41.4141,57.5758,7.20653
41.4141,59.596,9.15451
41.4141,61.6162,8.36571
41.4141,63.6364,7.69947
41.4141,65.6566,9.46187
41.4141,67.6768,9.48475
41.4141,69.697,8.21008
41.4141,71.7172,8.8789
41.4141,73.7374,10.358
41.4141,75.7576,10.1618
41.4141,77.7778,9.06771
41.4141,79.798,9.16457
41.4141,81.8182,10.4644
41.4141,83.8384,11.3492
41.4141,85.8586,10.9857
41.4141,87.8788,10.119
41.4141,89.899,9.90617
41.4141,91.9192,10.6674
41.4141,93.9394,11.7849
41.4141,95.9596,12.4471
41.4141,97.9798,12.3345
41.4141,100,11.7387
43.4343,-100,10.9153
43.4343,-97.9798,11.2662
43.4343,-95.9596,12.0248
43.4343,-93.9394,12.3489
43.4343,-91.9192,11.6779
43.4343,-89.899,10.4392
43.4343,-87.8788,9.81665
43.4343,-85.8586,10.433
43.4343,-83.8384,11.3229
43.4343,-81.8182,10.9368
43.4343,-79.798,9.48258
43.4343,-77.7778,9.04385
43.4343,-75.7576,10.1896
43.4343,-73.7374,10.4376
43.4343,-71.7172,8.82513
43.4343,-69.697,8.49698
43.4343,-67.6768,9.90459
43.4343,-65.6566,9.04051
43.4343,-63.6364,7.74661
43.4343,-61.6162,9.2941
43.4343,-59.596,8.41029
43.4343,-57.5758,7.48964
43.4343,-55.5556,9.04463
43.4343,-53.5354,6.96661
43.4343,-51.5152,8.47633
43.4343,-49.4949,6.99458
43.4343,-47.4747,8.0013
43.4343,-45.4545,6.60171
43.4343,-43.4343,8.0348
43.4343,-41.4141,6.00523
43.4343,-39.3939,7.51047
43.4343,-37.3737,7.04158
43.4343,-35.3535,5.60064
43.4343,-33.3333,6.46987
43.4343,-31.3131,7.31499
43.4343,-29.2929,7.00581
43.4343,-27.2727,6.35833
43.4343,-25.2525,5.97228
43.4343,-23.2323,5.97167
43.4343,-21.2121,6.35525
43.4343,-19.1919,6.7444
43.4343,-17.1717,5.94612
43.4343,-15.1515,4.60015
43.4343,-13.1313,6.24875
43.4343,-11.1111,4.98505
43.4343,-9.09091,6.14697
43.4343,-7.07071,4.40135
43.4343,-5.05051,5.51676
43.4343,-3.0303,6.3227
43.4343,-1.0101,6.28778
43.4343,1.0101,6.28778
43.4343,3.0303,6.3227
43.4343,5.05051,5.51676
43.4343,7.07071,4.40135
43.4343,9.09091,6.14697
43.4343,11.1111,4.98505
43.4343,13.1313,6.24875
43.4343,15.1515,4.60015
43.4343,17.1717,5.94612
43.4343,19.1919,6.7444
43.4343,21.2121,6.35525
43.4343,23.2323,5.97167
43.4343,25.2525,5.97228
43.4343,27.2727,6.35833
43.4343,29.2929,7.00581
43.4343,31.3131,7.31499
43.4343,33.3333,6.46987
43.4343,35.3535,5.60064
43.4343,37.3737,7.04158
43.4343,39.3939,7.51047
43.4343,41.4141,6.00523
43.4343,43.4343,8.0348
43.4343,45.4545,6.60171
43.4343,47.4747,8.0013
43.4343,49.4949,6.99458
43.4343,51.5152,8.47633
43.4343,53.5354,6.96661
43.4343,55.5556,9.04463
43.4343,57.5758,7.48964
43.4343,59.596,8.41029
43.4343,61.6162,9.2941
43.4343,63.6364,7.74661
43.4343,65.6566,9.04051
43.4343,67.6768,9.90459
43.4343,69.697,8.49698
43.4343,71.7172,8.82513
43.4343,73.7374,10.4376
43.4343,75.7576,10.1896
43.4343,77.7778,9.04385
43.4343,79.798,9.48258
43.4343,81.8182,10.9368
43.4343,83.8384,11.3229
43.4343,85.8586,10.433
43.4343,87.8788,9.81665
43.4343,89.899,10.4392
43.4343,91.9192,11.6779
43.4343,93.9394,12.3489
43.4343,95.9596,12.0248
43.4343,97.9798,11.2662
43.4343,100,10.9153
45.4545,-100,11.418
45.4545,-97.9798,10.803
45.4545,-95.9596,11.1968
45.4545,-93.9394,12.0667
45.4545,-91.9192,12.2166
45.4545,-89.899,11.1553
45.4545,-87.8788,9.96793
45.4545,-85.8586,10.119
45.4545,-83.8384,11.2105
45.4545,-81.8182,11.1809
45.4545,-79.798,9.66967
45.4545,-77.7778,9.15128
45.4545,-75.7576,10.4111
45.4545,-73.7374,10.3839
45.4545,-71.7172,8.65132
45.4545,-69.697,9.06782
45.4545,-67.6768,10.1405
45.4545,-65.6566,8.37018
45.4545,-63.6364,8.529
45.4545,-61.6162,9.56677
45.4545,-59.596,7.54043
45.4545,-57.5758,8.9528
45.4545,-55.5556,7.98356
45.4545,-53.5354,7.89302
45.4545,-51.5152,8.16888
45.4545,-49.4949,7.41215
45.4545,-47.4747,7.72002
45.4545,-45.4545,7.63063
45.4545,-43.4343,6.60171
45.4545,-41.4141,8.14787
45.4545,-39.3939,6.42617
45.4545,-37.3737,6.31474
45.4545,-35.3535,7.62042
45.4545,-33.3333,7.30688
45.4545,-31.3131,6.18839
45.4545,-29.2929,5.51885
45.4545,-27.2727,5.30234
45.4545,-25.2525,5.19988
45.4545,-23.2323,5.14913
45.4545,-21.2121,5.48256
45.4545,-19.1919,6.47037
45.4545,-17.1717,6.70348
45.4545,-15.1515,4.93608
45.4545,-13.1313,6.11857
45.4545,-11.1111,5.41318
45.4545,-9.09091,6.247
45.4545,-7.07071,4.60015
45.4545,-5.05051,5.67211
45.4545,-3.0303,6.49548
45.4545,-1.0101,6.52353
45.4545,1.0101,6.52353
45.4545,3.0303,6.49548
45.4545,5.05051,5.67211
45.4545,7.07071,4.60015
45.4545,9.09091,6.247
45.4545,11.1111,5.41318
45.4545,13.1313,6.11857
45.4545,15.1515,4.93608
45.4545,17.1717,6.70348
45.4545,19.1919,6.47037
45.4545,21.2121,5.48256
45.4545,23.2323,5.14913
45.4545,25.2525,5.19988
45.4545,27.2727,5.30234
45.4545,29.2929,5.51885
45.4545,31.3131,6.18839
45.4545,33.3333,7.30688
45.4545,35.3535,7.62042
45.4545,37.3737,6.31474
45.4545,39.3939,6.42617
45.4545,41.4141,8.14787
45.4545,43.4343,6.60171
45.4545,45.4545,7.63063
45.4545,47.4747,7.72002
45.4545,49.4949,7.41215
45.4545,51.5152,8.16888
45.4545,53.5354,7.89302
45.4545,55.5556,7.98356
45.4545,57.5758,8.9528
45.4545,59.596,7.54043
45.4545,61.6162,9.56677
45.4545,63.6364,8.529
45.4545,65.6566,8.37018
45.4545,67.6768,10.1405
45.4545,69.697,9.06782
45.4545,71.7172,8.65132
45.4545,73.7374,10.3839
45.4545,75.7576,10.4111
45.4545,77.7778,9.15128
45.4545,79.798,9.66967
45.4545,81.8182,11.1809
45.4545,83.8384,11.2105
45.4545,85.8586,10.119
45.4545,87.8788,9.96793
45.4545,89.899,11.1553
45.4545,91.9192,12.2166
45.4545,93.9394,12.0667
45.4545,95.9596,11.1968
45.4545,97.9798,10.803
45.4545,100,11.418
47.4747,-100,12.3959
47.4747,-97.9798,11.1779
47.4747,-95.9596,10.7791
47.4747,-93.9394,11.5523
47.4747,-91.9192,12.3063
47.4747,-89.899,11.6779
47.4747,-87.8788,10.2482
47.4747,-85.8586,10.04
47.4747,-83.8384,11.2066
47.4747,-81.8182,11.2892
47.4747,-79.798,9.68529
47.4747,-77.7778,9.39227
47.4747,-75.7576,10.7637
47.4747,-73.7374,10.087
47.4747,-71.7172,8.60167
47.4747,-69.697,9.91377
47.4747,-67.6768,9.75958
47.4747,-65.6566,8.11217
47.4747,-63.6364,9.72647
47.4747,-61.6162,8.56436
47.4747,-59.596,8.27493
47.4747,-57.5758,9.17167
47.4747,-55.5556,7.42295
47.4747,-53.5354,9.09962
47.4747,-51.5152,7.06398
47.4747,-49.4949,8.72595
47.4747,-47.4747,7.07377
47.4747,-45.4545,7.72002
47.4747,-43.4343,8.0013
47.4747,-41.4141,6.29999
47.4747,-39.3939,7.53349
47.4747,-37.3737,7.92015
47.4747,-35.3535,6.56436
47.4747,-33.3333,5.80219
47.4747,-31.3131,5.99591
47.4747,-29.2929,6.36246
47.4747,-27.2727,6.46987
47.4747,-25.2525,6.23294
47.4747,-23.2323,5.67529
47.4747,-21.2121,5.19988
47.4747,-19.1919,5.85527
47.4747,-17.1717,7.04395
47.4747,-15.1515,5.48018
47.4747,-13.1313,5.97167
47.4747,-11.1111,5.82772
47.4747,-9.09091,6.35525
47.4747,-7.07071,4.79989
47.4747,-5.05051,5.82052
47.4747,-3.0303,6.65829
47.4747,-1.0101,6.7444
47.4747,1.0101,6.7444
47.4747,3.0303,6.65829
47.4747,5.05051,5.82052
47.4747,7.07071,4.79989
47.4747,9.09091,6.35525
47.4747,11.1111,5.82772
47.4747,13.1313,5.97167
47.4747,15.1515,5.48018
47.4747,17.1717,7.04395
47.4747,19.1919,5.85527
47.4747,21.2121,5.19988
47.4747,23.2323,5.67529
47.4747,25.2525,6.23294
47.4747,27.2727,6.46987
47.4747,29.2929,6.36246
47.4747,31.3131,5.99591
47.4747,33.3333,5.80219
47.4747,35.3535,6.56436
47.4747,37.3737,7.92015
47.4747,39.3939,7.53349
47.4747,41.4141,6.29999
47.4747,43.4343,8.0013
47.4747,45.4545,7.72002
47.4747,47.4747,7.07377
47.4747,49.4949,8.72595
47.4747,51.5152,7.06398
47.4747,53.5354,9.09962
47.4747,55.5556,7.42295
47.4747,57.5758,9.17167
47.4747,59.596,8.27493
47.4747,61.6162,8.56436
47.4747,63.6364,9.72647
47.4747,65.6566,8.11217
47.4747,67.6768,9.75958
47.4747,69.697,9.91377
47.4747,71.7172,8.60167
47.4747,73.7374,10.087
47.4747,75.7576,10.7637
47.4747,77.7778,9.39227
47.4747,79.798,9.68529
47.4747,81.8182,11.2892
47.4747,83.8384,11.2066
47.4747,85.8586,10.04
47.4747,87.8788,10.2482
47.4747,89.899,11.6779
47.4747,91.9192,12.3063
47.4747,93.9394,11.5523
47.4747,95.9596,10.7791
47.4747,97.9798,11.1779
47.4747,100,12.3959
49.4949,-100,13.0388
49.4949,-97.9798,11.8422
49.4949,-95.9596,10.8124
49.4949,-93.9394,11.1968
49.4949,-91.9192,12.2404
49.4949,-89.899,11.9762
49.4949,-87.8788,10.4558
49.4949,-85.8586,10.1133
49.4949,-83.8384,11.3646
49.4949,-81.8182,11.2736
49.4949,-79.798,9.57608
49.4949,-77.7778,9.85528
49.4949,-75.7576,11.0483
49.4949,-73.7374,9.52148
49.4949,-71.7172,9.06876
49.4949,-69.697,10.5429
49.4949,-67.6768,8.82513
49.4949,-65.6566,9.05013
49.4949,-63.6364,9.79739
49.4949,-61.6162,7.92549
49.4949,-59.596,9.72784
49.4949,-57.5758,7.69947
49.4949,-55.5556,9.26918
49.4949,-53.5354,7.44856
49.4949,-51.5152,9.07186
49.4949,-49.4949,6.99989
49.4949,-47.4747,8.72595
49.4949,-45.4545,7.41215
49.4949,-43.4343,6.99458
49.4949,-41.4141,8.42827
49.4949,-39.3939,7.37896
49.4949,-37.3737,6.21036
49.4949,-35.3535,6.63114
49.4949,-33.3333,7.43272
49.4949,-31.3131,7.7658
49.4949,-29.2929,7.74767
49.4949,-27.2727,7.64853
49.4949,-25.2525,7.47488
49.4949,-23.2323,6.91468
49.4949,-21.2121,5.80271
49.4949,-19.1919,5.44971
49.4949,-17.1717,7.00581
49.4949,-15.1515,6.10005
49.4949,-13.1313,5.85527
49.4949,-11.1111,6.21802
49.4949,-9.09091,6.47451
49.4949,-7.07071,4.99987
49.4949,-5.05051,5.96287
49.4949,-3.0303,6.81099
49.4949,-1.0101,6.94998
49.4949,1.0101,6.94998
49.4949,3.0303,6.81099
49.4949,5.05051,5.96287
49.4949,7.07071,4.99987
49.4949,9.09091,6.47451
49.4949,11.1111,6.21802
49.4949,13.1313,5.85527
49.4949,15.1515,6.10005
49.4949,17.1717,7.00581
49.4949,19.1919,5.44971
49.4949,21.2121,5.80271
49.4949,23.2323,6.91468
49.4949,25.2525,7.47488
49.4949,27.2727,7.64853
49.4949,29.2929,7.74767
49.4949,31.3131,7.7658
49.4949,33.3333,7.43272
49.4949,35.3535,6.63114
49.4949,37.3737,6.21036
49.4949,39.3939,7.37896
49.4949,41.4141,8.42827
49.4949,43.4343,6.99458
49.4949,45.4545,7.41215
49.4949,47.4747,8.72595
49.4949,49.4949,6.99989
49.4949,51.5152,9.07186
49.4949,53.5354,7.44856
49.4949,55.5556,9.26918
49.4949,57.5758,7.69947
49.4949,59.596,9.72784
49.4949,61.6162,7.92549
49.4949,63.6364,9.79739
49.4949,65.6566,9.05013
49.4949,67.6768,8.82513
49.4949,69.697,10.5429
49.4949,71.7172,9.06876
49.4949,73.7374,9.52148
49.4949,75.7576,11.0483
49.4949,77.7778,9.85528
49.4949,79.798,9.57608
49.4949,81.8182,11.2736
49.4949,83.8384,11.3646
49.4949,85.8586,10.1133
49.4949,87.8788,10.4558
49.4949,89.899,11.9762
49.4949,91.9192,12.2404
49.4949,93.9394,11.1968
49.4949,95.9596,10.8124
49.4949,97.9798,11.8422
49.4949,100,13.0388
51.5152,-100,13.2466
51.5152,-97.9798,12.3959
51.5152,-95.9596,11.0368
51.5152,-93.9394,11.0638
51.5152,-91.9192,12.224
51.5152,-89.899,12.1199
51.5152,-87.8788,10.5249
51.5152,-85.8586,10.3166
51.5152,-83.8384,11.6514
51.5152,-81.8182,11.0646
51.5152,-79.798,9.50476
51.5152,-77.7778,10.5833
51.5152,-75.7576,10.9179
51.5152,-73.7374,9.04386
51.5152,-71.7172,10.1484
51.5152,-69.697,10.1553
51.5152,-67.6768,8.55952
51.5152,-65.6566,10.3042
51.5152,-63.6364,8.48353
51.5152,-61.6162,9.42364
51.5152,-59.596,8.72151
51.5152,-57.5758,8.77522
51.5152,-55.5556,8.48664
51.5152,-53.5354,8.71253
51.5152,-51.5152,7.68028
51.5152,-49.4949,9.07186
51.5152,-47.4747,7.06398
51.5152,-45.4545,8.16888
51.5152,-43.4343,8.47633
51.5152,-41.4141,6.79336
51.5152,-39.3939,6.89067
51.5152,-37.3737,7.98042
51.5152,-35.3535,8.23963
51.5152,-33.3333,7.76827
51.5152,-31.3131,7.2488
51.5152,-29.2929,6.99626
51.5152,-27.2727,7.07176
51.5152,-25.2525,7.42902
51.5152,-23.2323,7.64853
51.5152,-21.2121,6.81104
51.5152,-19.1919,5.51071
51.5152,-17.1717,6.74956
51.5152,-15.1515,6.69597
51.5152,-13.1313,5.79328
51.5152,-11.1111,6.58026
51.5152,-9.09091,6.60589
51.5152,-7.07071,5.19988
51.5152,-5.05051,6.10005
51.5152,-3.0303,6.95364
51.5152,-1.0101,7.14014
51.5152,1.0101,7.14014
51.5152,3.0303,6.95364
51.5152,5.05051,6.10005
51.5152,7.07071,5.19988
51.5152,9.09091,6.60589
51.5152,11.1111,6.58026
51.5152,13.1313,5.79328
51.5152,15.1515,6.69597
51.5152,17.1717,6.74956
51.5152,19.1919,5.51071
51.5152,21.2121,6.81104
51.5152,23.2323,7.64853
51.5152,25.2525,7.42902
51.5152,27.2727,7.07176
51.5152,29.2929,6.99626
51.5152,31.3131,7.2488
51.5152,33.3333,7.76827
51.5152,35.3535,8.23963
51.5152,37.3737,7.98042
51.5152,39.3939,6.89067
51.5152,41.4141,6.79336
51.5152,43.4343,8.47633
51.5152,45.4545,8.16888
51.5152,47.4747,7.06398
51.5152,49.4949,9.07186
51.5152,51.5152,7.68028
51.5152,53.5354,8.71253
51.5152,55.5556,8.48664
51.5152,57.5758,8.77522
51.5152,59.596,8.72151
51.5152,61.6162,9.42364
51.5152,63.6364,8.48353
51.5152,65.6566,10.3042
51.5152,67.6768,8.55952
51.5152,69.697,10.1553
51.5152,71.7172,10.1484
51.5152,73.7374,9.04386
51.5152,75.7576,10.9179
51.5152,77.7778,10.5833
51.5152,79.798,9.50476
51.5152,81.8182,11.0646
51.5152,83.8384,11.6514
51.5152,85.8586,10.3166
51.5152,87.8788,10.5249
51.5152,89.899,12.1199
51.5152,91.9192,12.224
51.5152,93.9394,11.0638
51.5152,95.9596,11.0368
51.5152,97.9798,12.3959
51.5152,100,13.2466
53.5354,-100,13.2437
53.5354,-97.9798,12.7449
53.5354,-95.9596,11.2465
53.5354,-93.9394,11.0976
53.5354,-91.9192,12.3345
53.5354,-89.899,12.1384
53.5354,-87.8788,10.4757
53.5354,-85.8586,10.7019
53.5354,-83.8384,11.9331
53.5354,-81.8182,10.6118
53.5354,-79.798,9.77313
53.5354,-77.7778,11.3229
53.5354,-75.7576,10.1857
53.5354,-73.7374,9.39227
53.5354,-71.7172,10.9491
53.5354,-69.697,9.04004
53.5354,-67.6768,9.88538
53.5354,-65.6566,9.68296
53.5354,-63.6364,8.78132
53.5354,-61.6162,9.87107
53.5354,-59.596,8.24306
53.5354,-57.5758,9.5937
53.5354,-55.5556,8.1384
53.5354,-53.5354,8.81716
53.5354,-51.5152,8.71253
53.5354,-49.4949,7.44856
53.5354,-47.4747,9.09962
53.5354,-45.4545,7.89302
53.5354,-43.4343,6.96661
53.5354,-41.4141,8.16958
53.5354,-39.3939,8.62585
53.5354,-37.3737,7.77988
53.5354,-35.3535,6.85517
53.5354,-33.3333,6.38774
53.5354,-31.3131,6.21036
53.5354,-29.2929,6.11534
53.5354,-27.2727,6.13772
53.5354,-25.2525,6.56436
53.5354,-23.2323,7.46856
53.5354,-21.2121,7.62042
53.5354,-19.1919,5.99591
53.5354,-17.1717,6.44654
53.5354,-15.1515,7.2102
53.5354,-13.1313,5.79313
53.5354,-11.1111,6.91468
53.5354,-9.09091,6.74956
53.5354,-7.07071,5.40003
53.5354,-5.05051,6.23294
53.5354,-3.0303,7.08655
53.5354,-1.0101,7.31499
53.5354,1.0101,7.31499
53.5354,3.0303,7.08655
53.5354,5.05051,6.23294
53.5354,7.07071,5.40003
53.5354,9.09091,6.74956
53.5354,11.1111,6.91468
53.5354,13.1313,5.79313
53.5354,15.1515,7.2102
53.5354,17.1717,6.44654
53.5354,19.1919,5.99591
53.5354,21.2121,7.62042
53.5354,23.2323,7.46856
53.5354,25.2525,6.56436
53.5354,27.2727,6.13772
53.5354,29.2929,6.11534
53.5354,31.3131,6.21036
53.5354,33.3333,6.38774
53.5354,35.3535,6.85517
53.5354,37.3737,7.77988
53.5354,39.3939,8.62585
53.5354,41.4141,8.16958
53.5354,43.4343,6.96661
53.5354,45.4545,7.89302
53.5354,47.4747,9.09962
53.5354,49.4949,7.44856
53.5354,51.5152,8.71253
53.5354,53.5354,8.81716
53.5354,55.5556,8.1384
53.5354,57.5758,9.5937
53.5354,59.596,8.24306
53.5354,61.6162,9.87107
53.5354,63.6364,8.78132
53.5354,65.6566,9.68296
53.5354,67.6768,9.88538
53.5354,69.697,9.04004
53.5354,71.7172,10.9491
53.5354,73.7374,9.39227
53.5354,75.7576,10.1857
53.5354,77.7778,11.3229
53.5354,79.798,9.77313
53.5354,81.8182,10.6118
53.5354,83.8384,11.9331
53.5354,85.8586,10.7019
53.5354,87.8788,10.4757
53.5354,89.899,12.1384
53.5354,91.9192,12.3345
53.5354,93.9394,11.0976
53.5354,95.9596,11.2465
53.5354,97.9798,12.7449
53.5354,100,13.2437
55.5556,-100,13.2332
55.5556,-97.9798,12.9285
55.5556,-95.9596,11.3536
55.5556,-93.9394,11.2651
55.5556,-91.9192,12.5629
55.5556,-89.899,11.9942
55.5556,-87.8788,10.4183
55.5556,-85.8586,11.3202
55.5556,-83.8384,11.949
55.5556,-81.8182,10.0916
55.5556,-79.798,10.6128
55.5556,-77.7778,11.4302
55.5556,-75.7576,9.45398
55.5556,-73.7374,10.6777
55.5556,-71.7172,10.2709
55.5556,-69.697,9.22663
55.5556,-67.6768,10.6881
55.5556,-65.6566,8.60167
55.5556,-63.6364,10.4351
55.5556,-61.6162,8.3223
55.5556,-59.596,10.1347
55.5556,-57.5758,8.00235
55.5556,-55.5556,9.76835
55.5556,-53.5354,8.1384
55.5556,-51.5152,8.48664
55.5556,-49.4949,9.26918
55.5556,-47.4747,7.42295
55.5556,-45.4545,7.98356
55.5556,-43.4343,9.04463
55.5556,-41.4141,8.19758
55.5556,-39.3939,7.02067
55.5556,-37.3737,6.73226
55.5556,-35.3535,6.99458
55.5556,-33.3333,7.24017
55.5556,-31.3131,7.23634
55.5556,-29.2929,6.94049
55.5556,-27.2727,6.42326
55.5556,-25.2525,6.11534
55.5556,-23.2323,6.81965
55.5556,-21.2121,7.92586
55.5556,-19.1919,6.70815
55.5556,-17.1717,6.22122
55.5556,-15.1515,7.62042
55.5556,-13.1313,5.85224
55.5556,-11.1111,7.22364
55.5556,-9.09091,6.90508
55.5556,-7.07071,5.60064
55.5556,-5.05051,6.36246
55.5556,-3.0303,7.2102
55.5556,-1.0101,7.47488
55.5556,1.0101,7.47488
55.5556,3.0303,7.2102
55.5556,5.05051,6.36246
55.5556,7.07071,5.60064
55.5556,9.09091,6.90508
55.5556,11.1111,7.22364
55.5556,13.1313,5.85224
55.5556,15.1515,7.62042
55.5556,17.1717,6.22122
55.5556,19.1919,6.70815
55.5556,21.2121,7.92586
55.5556,23.2323,6.81965
55.5556,25.2525,6.11534
55.5556,27.2727,6.42326
55.5556,29.2929,6.94049
55.5556,31.3131,7.23634
55.5556,33.3333,7.24017
55.5556,35.3535,6.99458
55.5556,37.3737,6.73226
55.5556,39.3939,7.02067
55.5556,41.4141,8.19758
55.5556,43.4343,9.04463
55.5556,45.4545,7.98356
55.5556,47.4747,7.42295
55.5556,49.4949,9.26918
55.5556,51.5152,8.48664
55.5556,53.5354,8.1384
55.5556,55.5556,9.76835
55.5556,57.5758,8.00235
55.5556,59.596,10.1347
55.5556,61.6162,8.3223
55.5556,63.6364,10.4351
55.5556,65.6566,8.60167
55.5556,67.6768,10.6881
55.5556,69.697,9.22663
55.5556,71.7172,10.2709
55.5556,73.7374,10.6777
55.5556,75.7576,9.45398
55.5556,77.7778,11.4302
55.5556,79.798,10.6128
55.5556,81.8182,10.0916
55.5556,83.8384,11.949
55.5556,85.8586,11.3202
55.5556,87.8788,10.4183
55.5556,89.899,11.9942
55.5556,91.9192,12.5629
55.5556,93.9394,11.2651
55.5556,95.9596,11.3536
55.5556,97.9798,12.9285
55.5556,100,13.2332
57.5758,-100,13.3116
57.5758,-97.9798,12.9812
57.5758,-95.9596,11.3561
57.5758,-93.9394,11.5908
57.5758,-91.9192,12.8186
57.5758,-89.899,11.6393
57.5758,-87.8788,10.5767
57.5758,-85.8586,12.0506
57.5758,-83.8384,11.4514
57.5758,-81.8182,10.0459
57.5758,-79.798,11.6514
57.5758,-77.7778,10.5543
57.5758,-75.7576,9.94521
57.5758,-73.7374,11.3003
57.5758,-71.7172,9.21567
57.5758,-69.697,10.8589
57.5758,-67.6768,9.27529
57.5758,-65.6566,10.1896
57.5758,-63.6364,9.17314
57.5758,-61.6162,9.91377
57.5758,-59.596,8.62413
57.5758,-57.5758,10.0318
57.5758,-55.5556,8.00235
57.5758,-53.5354,9.5937
57.5758,-51.5152,8.77522
57.5758,-49.4949,7.69947
57.5758,-47.4747,9.17167
57.5758,-45.4545,8.9528
57.5758,-43.4343,7.48964
57.5758,-41.4141,7.20653
57.5758,-39.3939,7.89585
57.5758,-37.3737,8.4905
57.5758,-35.3535,8.67757
57.5758,-33.3333,8.63657
57.5758,-31.3131,8.52271
57.5758,-29.2929,8.27224
57.5758,-27.2727,7.62882
57.5758,-25.2525,6.60171
57.5758,-23.2323,6.35208
57.5758,-21.2121,7.76827
57.5758,-19.1919,7.43611
57.5758,-17.1717,6.13772
57.5758,-15.1515,7.92812
57.5758,-13.1313,5.96286
57.5758,-11.1111,7.51047
57.5758,-9.09091,7.07176
57.5758,-7.07071,5.80219
57.5758,-5.05051,6.48957
57.5758,-3.0303,7.3253
57.5758,-1.0101,7.62042
57.5758,1.0101,7.62042
57.5758,3.0303,7.3253
57.5758,5.05051,6.48957
57.5758,7.07071,5.80219
57.5758,9.09091,7.07176
57.5758,11.1111,7.51047
57.5758,13.1313,5.96286
57.5758,15.1515,7.92812
57.5758,17.1717,6.13772
57.5758,19.1919,7.43611
57.5758,21.2121,7.76827
57.5758,23.2323,6.35208
57.5758,25.2525,6.60171
57.5758,27.2727,7.62882
57.5758,29.2929,8.27224
57.5758,31.3131,8.52271
57.5758,33.3333,8.63657
57.5758,35.3535,8.67757
57.5758,37.3737,8.4905
57.5758,39.3939,7.89585
57.5758,41.4141,7.20653
57.5758,43.4343,7.48964
57.5758,45.4545,8.9528
57.5758,47.4747,9.17167
57.5758,49.4949,7.69947
57.5758,51.5152,8.77522
57.5758,53.5354,9.5937
57.5758,55.5556,8.00235
57.5758,57.5758,10.0318
57.5758,59.596,8.62413
57.5758,61.6162,9.91377
57.5758,63.6364,9.17314
57.5758,65.6566,10.1896
57.5758,67.6768,9.27529
57.5758,69.697,10.8589
57.5758,71.7172,9.21567
57.5758,73.7374,11.3003
57.5758,75.7576,9.94521
57.5758,77.7778,10.5543
57.5758,79.798,11.6514
57.5758,81.8182,10.0459
57.5758,83.8384,11.4514
57.5758,85.8586,12.0506
57.5758,87.8788,10.5767
57.5758,89.899,11.6393
57.5758,91.9192,12.8186
57.5758,93.9394,11.5908
57.5758,95.9596,11.3561
57.5758,97.9798,12.9812
57.5758,100,13.3116
59.596,-100,13.4911
59.596,-97.9798,12.8885
59.596,-95.9596,11.3277
59.596,-93.9394,12.1171
59.596,-91.9192,12.9092
59.596,-89.899,11.1546
59.596,-87.8788,11.1968
59.596,-85.8586,12.4471
59.596,-83.8384,10.64
59.596,-81.8182,10.9472
59.596,-79.798,11.7826
59.596,-77.7778,9.80294
59.596,-75.7576,11.4065
59.596,-73.7374,10.1146
59.596,-71.7172,10.3068
59.596,-69.697,10.4644
59.596,-67.6768,9.57278
59.596,-65.6566,10.3459
59.596,-63.6364,9.32273
59.596,-61.6162,9.74834
59.596,-59.596,9.62424
59.596,-57.5758,8.62413
59.596,-55.5556,10.1347
59.596,-53.5354,8.24306
59.596,-51.5152,8.72151
59.596,-49.4949,9.72784
59.596,-47.4747,8.27493
59.596,-45.4545,7.54043
59.596,-43.4343,8.41029
59.596,-41.4141,9.15451
59.596,-39.3939,9.07186
59.596,-37.3737,8.59868
59.596,-35.3535,8.19758
59.596,-33.3333,8.04428
59.596,-31.3131,8.1667
59.596,-29.2929,8.47112
59.596,-27.2727,8.52271
59.596,-25.2525,7.62692
59.596,-23.2323,6.42161
59.596,-21.2121,7.37896
59.596,-19.1919,8.03164
59.596,-17.1717,6.21036
59.596,-15.1515,8.14787
59.596,-13.1313,6.11534
59.596,-11.1111,7.77869
59.596,-9.09091,7.2488
59.596,-7.07071,6.00523
59.596,-5.05051,6.61528
59.596,-3.0303,7.43272
59.596,-1.0101,7.75246
59.596,1.0101,7.75246
59.596,3.0303,7.43272
59.596,5.05051,6.61528
59.596,7.07071,6.00523
59.596,9.09091,7.2488
59.596,11.1111,7.77869
59.596,13.1313,6.11534
59.596,15.1515,8.14787
59.596,17.1717,6.21036
59.596,19.1919,8.03164
59.596,21.2121,7.37896
59.596,23.2323,6.42161
59.596,25.2525,7.62692
59.596,27.2727,8.52271
59.596,29.2929,8.47112
59.596,31.3131,8.1667
59.596,33.3333,8.04428
59.596,35.3535,8.19758
59.596,37.3737,8.59868
59.596,39.3939,9.07186
59.596,41.4141,9.15451
59.596,43.4343,8.41029
59.596,45.4545,7.54043
59.596,47.4747,8.27493
59.596,49.4949,9.72784
59.596,51.5152,8.72151
59.596,53.5354,8.24306
59.596,55.5556,10.1347
59.596,57.5758,8.62413
59.596,59.596,9.62424
59.596,61.6162,9.74834
59.596,63.6364,9.32273
59.596,65.6566,10.3459
59.596,67.6768,9.57278
59.596,69.697,10.4644
59.596,71.7172,10.3068
59.596,73.7374,10.1146
59.596,75.7576,11.4065
59.596,77.7778,9.80294
59.596,79.798,11.7826
59.596,81.8182,10.9472
59.596,83.8384,10.64
59.596,85.8586,12.4471
59.596,87.8788,11.1968
59.596,89.899,11.1546
59.596,91.9192,12.9092
59.596,93.9394,12.1171
59.596,95.9596,11.3277
59.596,97.9798,12.8885
59.596,100,13.4911
61.6162,-100,13.7124
61.6162,-97.9798,12.6143
61.6162,-95.9596,11.4331
61.6162,-93.9394,12.791
61.6162,-91.9192,12.6006
61.6162,-89.899,10.9016
61.6162,-87.8788,12.2017
61.6162,-85.8586,11.9942
61.6162,-83.8384,10.4448
61.6162,-81.8182,12.1319
61.6162,-79.798,10.6674
61.6162,-77.7778,10.7767
61.6162,-75.7576,11.3467
61.6162,-73.7374,9.77313
61.6162,-71.7172,11.4041
61.6162,-69.697,9.3183
61.6162,-67.6768,11.1408
61.6162,-65.6566,9.03667
61.6162,-63.6364,10.7389
61.6162,-61.6162,9.06876
61.6162,-59.596,9.74834
61.6162,-57.5758,9.91377
61.6162,-55.5556,8.3223
61.6162,-53.5354,9.87107
61.6162,-51.5152,9.42364
61.6162,-49.4949,7.92549
61.6162,-47.4747,8.56436
61.6162,-45.4545,9.56677
61.6162,-43.4343,9.2941
61.6162,-41.4141,8.36571
61.6162,-39.3939,7.64255
61.6162,-37.3737,7.28845
61.6162,-35.3535,7.13246
61.6162,-33.3333,7.06398
61.6162,-31.3131,7.16697
61.6162,-29.2929,7.66498
61.6162,-27.2727,8.47633
61.6162,-25.2525,8.503
61.6162,-23.2323,6.99458
61.6162,-21.2121,7.00865
61.6162,-19.1919,8.42827
61.6162,-17.1717,6.42161
61.6162,-15.1515,8.2995
61.6162,-13.1313,6.29999
61.6162,-11.1111,8.03164
61.6162,-9.09091,7.43536
61.6162,-7.07071,6.21036
61.6162,-5.05051,6.74063
61.6162,-3.0303,7.53349
61.6162,-1.0101,7.87203
61.6162,1.0101,7.87203
61.6162,3.0303,7.53349
61.6162,5.05051,6.74063
61.6162,7.07071,6.21036
61.6162,9.09091,7.43536
61.6162,11.1111,8.03164
61.6162,13.1313,6.29999
61.6162,15.1515,8.2995
61.6162,17.1717,6.42161
61.6162,19.1919,8.42827
61.6162,21.2121,7.00865
61.6162,23.2323,6.99458
61.6162,25.2525,8.503
61.6162,27.2727,8.47633
61.6162,29.2929,7.66498
61.6162,31.3131,7.16697
61.6162,33.3333,7.06398
61.6162,35.3535,7.13246
61.6162,37.3737,7.28845
61.6162,39.3939,7.64255
61.6162,41.4141,8.36571
61.6162,43.4343,9.2941
61.6162,45.4545,9.56677
61.6162,47.4747,8.56436
61.6162,49.4949,7.92549
61.6162,51.5152,9.42364
61.6162,53.5354,9.87107
61.6162,55.5556,8.3223
61.6162,57.5758,9.91377
61.6162,59.596,9.74834
61.6162,61.6162,9.06876
61.6162,63.6364,10.7389
61.6162,65.6566,9.03667
61.6162,67.6768,11.1408
61.6162,69.697,9.3183
61.6162,71.7172,11.4041
61.6162,73.7374,9.77313
61.6162,75.7576,11.3467
61.6162,77.7778,10.7767
61.6162,79.798,10.6674
61.6162,81.8182,12.1319
61.6162,83.8384,10.4448
61.6162,85.8586,11.9942
61.6162,87.8788,12.2017
61.6162,89.899,10.9016
61.6162,91.9192,12.6006
61.6162,93.9394,12.791
61.6162,95.9596,11.4331
61.6162,97.9798,12.6143
61.6162,100,13.7124
63.6364,-100,13.8342
63.6364,-97.9798,12.1925
63.6364,-95.9596,11.8898
63.6364,-93.9394,13.3217
63.6364,-91.9192,11.8846
63.6364,-89.899,11.39
63.6364,-87.8788,12.85
63.6364,-85.8586,11.0006
63.6364,-83.8384,11.5523
63.6364,-81.8182,11.9412
63.6364,-79.798,10.2893
63.6364,-77.7778,12.0486
63.6364,-75.7576,9.96793
63.6364,-73.7374,11.5495
63.6364,-71.7172,9.8598
63.6364,-69.697,11.1592
63.6364,-67.6768,9.49431
63.6364,-65.6566,11.0614
63.6364,-63.6364,8.99996
63.6364,-61.6162,10.7389
63.6364,-59.596,9.32273
63.6364,-57.5758,9.17314
63.6364,-55.5556,10.4351
63.6364,-53.5354,8.78132
63.6364,-51.5152,8.48353
63.6364,-49.4949,9.79739
63.6364,-47.4747,9.72647
63.6364,-45.4545,8.529
63.6364,-43.4343,7.74661
63.6364,-41.4141,7.69947
63.6364,-39.3939,7.93284
63.6364,-37.3737,8.07325
63.6364,-35.3535,7.98639
63.6364,-33.3333,7.65864
63.6364,-31.3131,7.20653
63.6364,-29.2929,7.06398
63.6364,-27.2727,7.82495
63.6364,-25.2525,8.82046
63.6364,-23.2323,7.80853
63.6364,-21.2121,6.8274
63.6364,-19.1919,8.62585
63.6364,-17.1717,6.73868
63.6364,-15.1515,8.40307
63.6364,-13.1313,6.50808
63.6364,-11.1111,8.27224
63.6364,-9.09091,7.63063
63.6364,-7.07071,6.41821
63.6364,-5.05051,6.8667
63.6364,-3.0303,7.62882
63.6364,-1.0101,7.98042
63.6364,1.0101,7.98042
63.6364,3.0303,7.62882
63.6364,5.05051,6.8667
63.6364,7.07071,6.41821
63.6364,9.09091,7.63063
63.6364,11.1111,8.27224
63.6364,13.1313,6.50808
63.6364,15.1515,8.40307
63.6364,17.1717,6.73868
63.6364,19.1919,8.62585
63.6364,21.2121,6.8274
63.6364,23.2323,7.80853
63.6364,25.2525,8.82046
63.6364,27.2727,7.82495
63.6364,29.2929,7.06398
63.6364,31.3131,7.20653
63.6364,33.3333,7.65864
63.6364,35.3535,7.98639
63.6364,37.3737,8.07325
63.6364,39.3939,7.93284
63.6364,41.4141,7.69947
63.6364,43.4343,7.74661
63.6364,45.4545,8.529
63.6364,47.4747,9.72647
63.6364,49.4949,9.79739
63.6364,51.5152,8.48353
63.6364,53.5354,8.78132
63.6364,55.5556,10.4351
63.6364,57.5758,9.17314
63.6364,59.596,9.32273
63.6364,61.6162,10.7389
63.6364,63.6364,8.99996
63.6364,65.6566,11.0614
63.6364,67.6768,9.49431
63.6364,69.697,11.1592
63.6364,71.7172,9.8598
63.6364,73.7374,11.5495
63.6364,75.7576,9.96793
63.6364,77.7778,12.0486
63.6364,79.798,10.2893
63.6364,81.8182,11.9412
63.6364,83.8384,11.5523
63.6364,85.8586,11.0006
63.6364,87.8788,12.85
63.6364,89.899,11.39
63.6364,91.9192,11.8846
63.6364,93.9394,13.3217
63.6364,95.9596,11.8898
63.6364,97.9798,12.1925
63.6364,100,13.8342
65.6566,-100,13.6578
65.6566,-97.9798,11.8553
65.6566,-95.9596,12.7609
65.6566,-93.9394,13.2325
65.6566,-91.9192,11.3277
65.6566,-89.899,12.57
65.6566,-87.8788,12.2957
65.6566,-85.8586,10.9495
65.6566,-83.8384,12.6459
65.6566,-81.8182,10.6644
65.6566,-79.798,11.8526
65.6566,-77.7778,10.9609
65.6566,-75.7576,11.0228
65.6566,-73.7374,10.9868
65.6566,-71.7172,10.6128
65.6566,-69.697,10.5624
65.6566,-67.6768,10.6883
65.6566,-65.6566,9.68529
65.6566,-63.6364,11.0614
65.6566,-61.6162,9.03667
65.6566,-59.596,10.3459
65.6566,-57.5758,10.1896
65.6566,-55.5556,8.60167
65.6566,-53.5354,9.68296
65.6566,-51.5152,10.3042
65.6566,-49.4949,9.05013
65.6566,-47.4747,8.11217
65.6566,-45.4545,8.37018
65.6566,-43.4343,9.04051
65.6566,-41.4141,9.46187
65.6566,-39.3939,9.56677
65.6566,-37.3737,9.50872
65.6566,-35.3535,9.36231
65.6566,-33.3333,9.0316
65.6566,-31.3131,8.32876
65.6566,-29.2929,7.40015
65.6566,-27.2727,7.28465
65.6566,-25.2525,8.59868
65.6566,-23.2323,8.57393
65.6566,-21.2121,6.89988
65.6566,-19.1919,8.66412
65.6566,-17.1717,7.12538
65.6566,-15.1515,8.47633
65.6566,-13.1313,6.73226
65.6566,-11.1111,8.503
65.6566,-9.09091,7.83384
65.6566,-7.07071,6.62937
65.6566,-5.05051,6.99458
65.6566,-3.0303,7.72002
65.6566,-1.0101,8.07907
65.6566,1.0101,8.07907
65.6566,3.0303,7.72002
65.6566,5.05051,6.99458
65.6566,7.07071,6.62937
65.6566,9.09091,7.83384
65.6566,11.1111,8.503
65.6566,13.1313,6.73226
65.6566,15.1515,8.47633
65.6566,17.1717,7.12538
65.6566,19.1919,8.66412
65.6566,21.2121,6.89988
65.6566,23.2323,8.57393
65.6566,25.2525,8.59868
65.6566,27.2727,7.28465
65.6566,29.2929,7.40015
65.6566,31.3131,8.32876
65.6566,33.3333,9.0316
65.6566,35.3535,9.36231
65.6566,37.3737,9.50872
65.6566,39.3939,9.56677
65.6566,41.4141,9.46187
65.6566,43.4343,9.04051
65.6566,45.4545,8.37018
65.6566,47.4747,8.11217
65.6566,49.4949,9.05013
65.6566,51.5152,10.3042
65.6566,53.5354,9.68296
65.6566,55.5556,8.60167
65.6566,57.5758,10.1896
65.6566,59.596,10.3459
65.6566,61.6162,9.03667
65.6566,63.6364,11.0614
65.6566,65.6566,9.68529
65.6566,67.6768,10.6883
65.6566,69.697,10.5624
65.6566,71.7172,10.6128
65.6566,73.7374,10.9868
65.6566,75.7576,11.0228
65.6566,77.7778,10.9609
65.6566,79.798,11.8526
65.6566,81.8182,10.6644
65.6566,83.8384,12.6459
65.6566,85.8586,10.9495
65.6566,87.8788,12.2957
65.6566,89.899,12.57
65.6566,91.9192,11.3277
65.6566,93.9394,13.2325
65.6566,95.9596,12.7609
65.6566,97.9798,11.8553
65.6566,100,13.6578
67.6768,-100,13.0857
67.6768,-97.9798,12.0335
67.6768,-95.9596,13.6304
67.6768,-93.9394,12.3973
67.6768,-91.9192,11.8061
67.6768,-89.899,13.2398
67.6768,-87.8788,11.2213
67.6768,-85.8586,12.3835
67.6768,-83.8384,11.8049
67.6768,-81.8182,11.1968
67.6768,-79.798,12.1384
67.6768,-77.7778,10.4995
67.6768,-75.7576,12.0216
67.6768,-73.7374,10.1534
67.6768,-71.7172,11.64
67.6768,-69.697,10.119
67.6768,-67.6768,10.8233
67.6768,-65.6566,10.6883
67.6768,-63.6364,9.49431
67.6768,-61.6162,11.1408
67.6768,-59.596,9.57278
67.6768,-57.5758,9.27529
67.6768,-55.5556,10.6881
67.6768,-53.5354,9.88538
67.6768,-51.5152,8.55952
67.6768,-49.4949,8.82513
67.6768,-47.4747,9.75958
67.6768,-45.4545,10.1405
67.6768,-43.4343,9.90459
67.6768,-41.4141,9.48475
67.6768,-39.3939,9.1828
67.6768,-37.3737,9.10316
67.6768,-35.3535,9.24613
67.6768,-33.3333,9.47477
67.6768,-31.3131,9.36231
67.6768,-29.2929,8.41029
67.6768,-27.2727,7.3201
67.6768,-25.2525,8.12674
67.6768,-23.2323,9.09962
67.6768,-21.2121,7.20653
67.6768,-19.1919,8.59868
67.6768,-17.1717,7.54902
67.6768,-15.1515,8.5336
67.6768,-13.1313,6.96661
67.6768,-11.1111,8.72595
67.6768,-9.09091,8.04428
67.6768,-7.07071,6.84445
67.6768,-5.05051,7.12538
67.6768,-3.0303,7.80853
67.6768,-1.0101,8.16958
67.6768,1.0101,8.16958
67.6768,3.0303,7.80853
67.6768,5.05051,7.12538
67.6768,7.07071,6.84445
67.6768,9.09091,8.04428
67.6768,11.1111,8.72595
67.6768,13.1313,6.96661
67.6768,15.1515,8.5336
67.6768,17.1717,7.54902
67.6768,19.1919,8.59868
67.6768,21.2121,7.20653
67.6768,23.2323,9.09962
67.6768,25.2525,8.12674
67.6768,27.2727,7.3201
67.6768,29.2929,8.41029
67.6768,31.3131,9.36231
67.6768,33.3333,9.47477
67.6768,35.3535,9.24613
67.6768,37.3737,9.10316
67.6768,39.3939,9.1828
67.6768,41.4141,9.48475
67.6768,43.4343,9.90459
67.6768,45.4545,10.1405
67.6768,47.4747,9.75958
67.6768,49.4949,8.82513
67.6768,51.5152,8.55952
67.6768,53.5354,9.88538
67.6768,55.5556,10.6881
67.6768,57.5758,9.27529
67.6768,59.596,9.57278
67.6768,61.6162,11.1408
67.6768,63.6364,9.49431
67.6768,65.6566,10.6883
67.6768,67.6768,10.8233
67.6768,69.697,10.119
67.6768,71.7172,11.64
67.6768,73.7374,10.1534
67.6768,75.7576,12.0216
67.6768,77.7778,10.4995
67.6768,79.798,12.1384
67.6768,81.8182,11.1968
67.6768,83.8384,11.8049
67.6768,85.8586,12.3835
67.6768,87.8788,11.2213
67.6768,89.899,13.2398
67.6768,91.9192,11.8061
67.6768,93.9394,12.3973
67.6768,95.9596,13.6304
67.6768,97.9798,12.0335
67.6768,100,13.0857
69.697,-100,12.4106
69.697,-97.9798,12.9626
69.697,-95.9596,13.6697
69.697,-93.9394,11.7134
69.697,-91.9192,13.1491
69.697,-89.899,12.3632
69.697,-87.8788,11.6919
69.697,-85.8586,12.9147
69.697,-83.8384,10.9153
69.697,-81.8182,12.7398
69.697,-79.798,10.6441
69.697,-77.7778,12.3659
69.697,-75.7576,10.3617
69.697,-73.7374,12.1204
69.697,-71.7172,10.001
69.697,-69.697,11.7709
69.697,-67.6768,10.119
69.697,-65.6566,10.5624
69.697,-63.6364,11.1592
69.697,-61.6162,9.3183
69.697,-59.596,10.4644
69.697,-57.5758,10.8589
69.697,-55.5556,9.22663
69.697,-53.5354,9.04004
69.697,-51.5152,10.1553
69.697,-49.4949,10.5429
69.697,-47.4747,9.91377
69.697,-45.4545,9.06782
69.697,-43.4343,8.49698
69.697,-41.4141,8.21008
69.697,-39.3939,8.07542
69.697,-37.3737,8.04831
69.697,-35.3535,8.23112
69.697,-33.3333,8.77522
69.697,-31.3131,9.47827
69.697,-29.2929,9.35981
69.697,-27.2727,7.93284
69.697,-25.2525,7.73164
69.697,-23.2323,9.32536
69.697,-21.2121,7.68028
69.697,-19.1919,8.48424
69.697,-17.1717,7.98356
69.697,-15.1515,8.58571
69.697,-13.1313,7.20653
69.697,-11.1111,8.9427
69.697,-9.09091,8.26129
69.697,-7.07071,7.06398
69.697,-5.05051,7.26021
69.697,-3.0303,7.89585
69.697,-1.0101,8.25371
69.697,1.0101,8.25371
69.697,3.0303,7.89585
69.697,5.05051,7.26021
69.697,7.07071,7.06398
69.697,9.09091,8.26129
69.697,11.1111,8.9427
69.697,13.1313,7.20653
69.697,15.1515,8.58571
69.697,17.1717,7.98356
69.697,19.1919,8.48424
69.697,21.2121,7.68028
69.697,23.2323,9.32536
69.697,25.2525,7.73164
69.697,27.2727,7.93284
69.697,29.2929,9.35981
69.697,31.3131,9.47827
69.697,33.3333,8.77522
69.697,35.3535,8.23112
69.697,37.3737,8.04831
69.697,39.3939,8.07542
69.697,41.4141,8.21008
69.697,43.4343,8.49698
69.697,45.4545,9.06782
69.697,47.4747,9.91377
69.697,49.4949,10.5429
69.697,51.5152,10.1553
69.697,53.5354,9.04004
69.697,55.5556,9.22663
69.697,57.5758,10.8589
69.697,59.596,10.4644
69.697,61.6162,9.3183
69.697,63.6364,11.1592
69.697,65.6566,10.5624
69.697,67.6768,10.119
69.697,69.697,11.7709
69.697,71.7172,10.001
69.697,73.7374,12.1204
69.697,75.7576,10.3617
69.697,77.7778,12.3659
69.697,79.798,10.6441
69.697,81.8182,12.7398
69.697,83.8384,10.9153
69.697,85.8586,12.9147
69.697,87.8788,11.6919
69.697,89.899,12.3632
69.697,91.9192,13.1491
69.697,93.9394,11.7134
69.697,95.9596,13.6697
69.697,97.9798,12.9626
69.697,100,12.4106
71.7172,-100,12.3722
71.7172,-97.9798,14.0256
71.7172,-95.9596,12.6819
71.7172,-93.9394,12.428
71.7172,-91.9192,13.5135
71.7172,-89.899,11.5001
71.7172,-87.8788,13.2437
71.7172,-85.8586,11.4994
71.7172,-83.8384,12.5025
71.7172,-81.8182,11.5675
71.7172,-79.798,11.9756
71.7172,-77.7778,11.2962
71.7172,-75.7576,11.855
71.7172,-73.7374,10.64
71.7172,-71.7172,12.0287
71.7172,-69.697,10.001
71.7172,-67.6768,11.64
71.7172,-65.6566,10.6128
71.7172,-63.6364,9.8598
71.7172,-61.6162,11.4041
71.7172,-59.596,10.3068
71.7172,-57.5758,9.21567
71.7172,-55.5556,10.2709
71.7172,-53.5354,10.9491
71.7172,-51.5152,10.1484
71.7172,-49.4949,9.06876
71.7172,-47.4747,8.60167
71.7172,-45.4545,8.65132
71.7172,-43.4343,8.82513
71.7172,-41.4141,8.8789
71.7172,-39.3939,8.73172
71.7172,-37.3737,8.39715
71.7172,-35.3535,8.03097
71.7172,-33.3333,8.04831
71.7172,-31.3131,8.85772
71.7172,-29.2929,9.72784
71.7172,-27.2727,8.81185
71.7172,-25.2525,7.62495
71.7172,-23.2323,9.2941
71.7172,-21.2121,8.23982
71.7172,-19.1919,8.36571
71.7172,-17.1717,8.41029
71.7172,-15.1515,8.64031
71.7172,-13.1313,7.44856
71.7172,-11.1111,9.15451
71.7172,-9.09091,8.48424
71.7172,-7.07071,7.28845
71.7172,-5.05051,7.40015
71.7172,-3.0303,7.98356
71.7172,-1.0101,8.3333
71.7172,1.0101,8.3333
71.7172,3.0303,7.98356
71.7172,5.05051,7.40015
71.7172,7.07071,7.28845
71.7172,9.09091,8.48424
71.7172,11.1111,9.15451
71.7172,13.1313,7.44856
71.7172,15.1515,8.64031
71.7172,17.1717,8.41029
71.7172,19.1919,8.36571
71.7172,21.2121,8.23982
71.7172,23.2323,9.2941
71.7172,25.2525,7.62495
71.7172,27.2727,8.81185
71.7172,29.2929,9.72784
71.7172,31.3131,8.85772
71.7172,33.3333,8.04831
71.7172,35.3535,8.03097
71.7172,37.3737,8.39715
71.7172,39.3939,8.73172
71.7172,41.4141,8.8789
71.7172,43.4343,8.82513
71.7172,45.4545,8.65132
71.7172,47.4747,8.60167
71.7172,49.4949,9.06876
71.7172,51.5152,10.1484
71.7172,53.5354,10.9491
71.7172,55.5556,10.2709
71.7172,57.5758,9.21567
71.7172,59.596,10.3068
71.7172,61.6162,11.4041
71.7172,63.6364,9.8598
71.7172,65.6566,10.6128
71.7172,67.6768,11.64
71.7172,69.697,10.001
71.7172,71.7172,12.0287
71.7172,73.7374,10.64
71.7172,75.7576,11.855
71.7172,77.7778,11.2962
71.7172,79.798,11.9756
71.7172,81.8182,11.5675
71.7172,83.8384,12.5025
71.7172,85.8586,11.4994
71.7172,87.8788,13.2437
71.7172,89.899,11.5001
71.7172,91.9192,13.5135
71.7172,93.9394,12.428
71.7172,95.9596,12.6819
71.7172,97.9798,14.0256
71.7172,100,12.3722
73.7374,-100,13.4029
73.7374,-97.9798,13.9634
73.7374,-95.9596,12.1085
73.7374,-93.9394,13.827
73.7374,-91.9192,12.2466
73.7374,-89.899,12.7609
73.7374,-87.8788,12.6804
73.7374,-85.8586,11.8715
73.7374,-83.8384,12.7449
73.7374,-81.8182,11.39
73.7374,-79.798,12.4506
73.7374,-77.7778,11.2662
73.7374,-75.7576,11.7682
73.7374,-73.7374,11.6179
73.7374,-71.7172,10.64
73.7374,-69.697,12.1204
73.7374,-67.6768,10.1534
73.7374,-65.6566,10.9868
73.7374,-63.6364,11.5495
73.7374,-61.6162,9.77313
73.7374,-59.596,10.1146
73.7374,-57.5758,11.3003
73.7374,-55.5556,10.6777
73.7374,-53.5354,9.39227
73.7374,-51.5152,9.04386
73.7374,-49.4949,9.52148
73.7374,-47.4747,10.087
73.7374,-45.4545,10.3839
73.7374,-43.4343,10.4376
73.7374,-41.4141,10.358
73.7374,-39.3939,10.1664
73.7374,-37.3737,9.75958
73.7374,-35.3535,9.02397
73.7374,-33.3333,8.21095
73.7374,-31.3131,8.24306
73.7374,-29.2929,9.48475
73.7374,-27.2727,9.5937
73.7374,-25.2525,7.86077
73.7374,-23.2323,9.10316
73.7374,-21.2121,8.81185
73.7374,-19.1919,8.27493
73.7374,-17.1717,8.81716
73.7374,-15.1515,8.70246
73.7374,-13.1313,7.69016
73.7374,-11.1111,9.36231
73.7374,-9.09091,8.71253
73.7374,-7.07071,7.51828
73.7374,-5.05051,7.54624
73.7374,-3.0303,8.07325
73.7374,-1.0101,8.41029
73.7374,1.0101,8.41029
73.7374,3.0303,8.07325
73.7374,5.05051,7.54624
73.7374,7.07071,7.51828
73.7374,9.09091,8.71253
73.7374,11.1111,9.36231
73.7374,13.1313,7.69016
73.7374,15.1515,8.70246
73.7374,17.1717,8.81716
73.7374,19.1919,8.27493
73.7374,21.2121,8.81185
73.7374,23.2323,9.10316
73.7374,25.2525,7.86077
73.7374,27.2727,9.5937
73.7374,29.2929,9.48475
73.7374,31.3131,8.24306
73.7374,33.3333,8.21095
73.7374,35.3535,9.02397
73.7374,37.3737,9.75958
73.7374,39.3939,10.1664
73.7374,41.4141,10.358
73.7374,43.4343,10.4376
73.7374,45.4545,10.3839
73.7374,47.4747,10.087
73.7374,49.4949,9.52148
73.7374,51.5152,9.04386
73.7374,53.5354,9.39227
73.7374,55.5556,10.6777
73.7374,57.5758,11.3003
73.7374,59.596,10.1146
73.7374,61.6162,9.77313
73.7374,63.6364,11.5495
73.7374,65.6566,10.9868
73.7374,67.6768,10.1534
73.7374,69.697,12.1204
73.7374,71.7172,10.64
73.7374,73.7374,11.6179
73.7374,75.7576,11.7682
73.7374,77.7778,11.2662
73.7374,79.798,12.4506
73.7374,81.8182,11.39
73.7374,83.8384,12.7449
73.7374,85.8586,11.8715
73.7374,87.8788,12.6804
73.7374,89.899,12.7609
73.7374,91.9192,12.2466
73.7374,93.9394,13.827
73.7374,95.9596,12.1085
73.7374,97.9798,13.9634
73.7374,100,13.4029
75.7576,-100,14.5076
75.7576,-97.9798,12.7886
75.7576,-95.9596,13.2874
75.7576,-93.9394,13.4901
75.7576,-91.9192,12.1608
75.7576,-89.899,13.6792
75.7576,-87.8788,11.6152
75.7576,-85.8586,13.4501
75.7576,-83.8384,11.2999
75.7576,-81.8182,13.15
75.7576,-79.798,11.0227
75.7576,-77.7778,12.7477
75.7576,-75.7576,11.0638
75.7576,-73.7374,11.7682
75.7576,-71.7172,11.855
75.7576,-69.697,10.3617
75.7576,-67.6768,12.0216
75.7576,-65.6566,11.0228
75.7576,-63.6364,9.96793
75.7576,-61.6162,11.3467
75.7576,-59.596,11.4065
75.7576,-57.5758,9.94521
75.7576,-55.5556,9.45398
75.7576,-53.5354,10.1857
75.7576,-51.5152,10.9179
75.7576,-49.4949,11.0483
75.7576,-47.4747,10.7637
75.7576,-45.4545,10.4111
75.7576,-43.4343,10.1896
75.7576,-41.4141,10.1618
75.7576,-39.3939,10.3008
75.7576,-37.3737,10.4351
75.7576,-35.3535,10.1664
75.7576,-33.3333,9.17213
75.7576,-31.3131,8.21079
75.7576,-29.2929,8.95774
75.7576,-27.2727,10.0459
75.7576,-25.2525,8.37018
75.7576,-23.2323,8.86015
75.7576,-21.2121,9.34202
75.7576,-19.1919,8.23112
75.7576,-17.1717,9.19752
75.7576,-15.1515,8.77522
75.7576,-13.1313,7.92954
75.7576,-11.1111,9.56677
75.7576,-9.09091,8.94558
75.7576,-7.07071,7.75384
75.7576,-5.05051,7.69947
75.7576,-3.0303,8.16654
75.7576,-1.0101,8.48664
75.7576,1.0101,8.48664
75.7576,3.0303,8.16654
75.7576,5.05051,7.69947
75.7576,7.07071,7.75384
75.7576,9.09091,8.94558
75.7576,11.1111,9.56677
75.7576,13.1313,7.92954
75.7576,15.1515,8.77522
75.7576,17.1717,9.19752
75.7576,19.1919,8.23112
75.7576,21.2121,9.34202
75.7576,23.2323,8.86015
75.7576,25.2525,8.37018
75.7576,27.2727,10.0459
75.7576,29.2929,8.95774
75.7576,31.3131,8.21079
75.7576,33.3333,9.17213
75.7576,35.3535,10.1664
75.7576,37.3737,10.4351
75.7576,39.3939,10.3008
75.7576,41.4141,10.1618
75.7576,43.4343,10.1896
75.7576,45.4545,10.4111
75.7576,47.4747,10.7637
75.7576,49.4949,11.0483
75.7576,51.5152,10.9179
75.7576,53.5354,10.1857
75.7576,55.5556,9.45398
75.7576,57.5758,9.94521
75.7576,59.596,11.4065
75.7576,61.6162,11.3467
75.7576,63.6364,9.96793
75.7576,65.6566,11.0228
75.7576,67.6768,12.0216
75.7576,69.697,10.3617
75.7576,71.7172,11.855
75.7576,73.7374,11.7682
75.7576,75.7576,11.0638
75.7576,77.7778,12.7477
75.7576,79.798,11.0227
75.7576,81.8182,13.15
75.7576,83.8384,11.2999
75.7576,85.8586,13.4501
75.7576,87.8788,11.6152
75.7576,89.899,13.6792
75.7576,91.9192,12.1608
75.7576,93.9394,13.4901
75.7576,95.9596,13.2874
75.7576,97.9798,12.7886
75.7576,100,14.5076
77.7778,-100,14.0591
77.7778,-97.9798,12.6922
77.7778,-95.9596,14.3428
77.7778,-93.9394,12.2289
77.7778,-91.9192,13.8846
77.7778,-89.899,12.1814
77.7778,-87.8788,13.3456
77.7778,-85.8586,12.0003
77.7778,-83.8384,13.0745
77.7778,-81.8182,11.5282
77.7778,-79.798,13.0534
77.7778,-77.7778,11.0001
77.7778,-75.7576,12.7477
77.7778,-73.7374,11.2662
77.7778,-71.7172,11.2962
77.7778,-69.697,12.3659
77.7778,-67.6768,10.4995
77.7778,-65.6566,10.9609
77.7778,-63.6364,12.0486
77.7778,-61.6162,10.7767
77.7778,-59.596,9.80294
77.7778,-57.5758,10.5543
77.7778,-55.5556,11.4302
77.7778,-53.5354,11.3229
77.7778,-51.5152,10.5833
77.7778,-49.4949,9.85528
77.7778,-47.4747,9.39227
77.7778,-45.4545,9.15128
77.7778,-43.4343,9.04385
77.7778,-41.4141,9.06771
77.7778,-39.3939,9.32273
77.7778,-37.3737,9.88538
77.7778,-35.3535,10.463
77.7778,-33.3333,10.1922
77.7778,-31.3131,8.82513
77.7778,-29.2929,8.54511
77.7778,-27.2727,10.1207
77.7778,-25.2525,9.02397
77.7778,-23.2323,8.65451
77.7778,-21.2121,9.79739
77.7778,-19.1919,8.24306
77.7778,-17.1717,9.54877
77.7778,-15.1515,8.86015
77.7778,-13.1313,8.16546
77.7778,-11.1111,9.76835
77.7778,-9.09091,9.1828
77.7778,-7.07071,7.99538
77.7778,-5.05051,7.86077
77.7778,-3.0303,8.265
77.7778,-1.0101,8.56436
77.7778,1.0101,8.56436
77.7778,3.0303,8.265
77.7778,5.05051,7.86077
77.7778,7.07071,7.99538
77.7778,9.09091,9.1828
77.7778,11.1111,9.76835
77.7778,13.1313,8.16546
77.7778,15.1515,8.86015
77.7778,17.1717,9.54877
77.7778,19.1919,8.24306
77.7778,21.2121,9.79739
77.7778,23.2323,8.65451
77.7778,25.2525,9.02397
77.7778,27.2727,10.1207
77.7778,29.2929,8.54511
77.7778,31.3131,8.82513
77.7778,33.3333,10.1922
77.7778,35.3535,10.463
77.7778,37.3737,9.88538
77.7778,39.3939,9.32273
77.7778,41.4141,9.06771
77.7778,43.4343,9.04385
77.7778,45.4545,9.15128
77.7778,47.4747,9.39227
77.7778,49.4949,9.85528
77.7778,51.5152,10.5833
77.7778,53.5354,11.3229
77.7778,55.5556,11.4302
77.7778,57.5758,10.5543
77.7778,59.596,9.80294
77.7778,61.6162,10.7767
77.7778,63.6364,12.0486
77.7778,65.6566,10.9609
77.7778,67.6768,10.4995
77.7778,69.697,12.3659
77.7778,71.7172,11.2962
77.7778,73.7374,11.2662
77.7778,75.7576,12.7477
77.7778,77.7778,11.0001
77.7778,79.798,13.0534
77.7778,81.8182,11.5282
77.7778,83.8384,13.0745
77.7778,85.8586,12.0003
77.7778,87.8788,13.3456
77.7778,89.899,12.1814
77.7778,91.9192,13.8846
77.7778,93.9394,12.2289
77.7778,95.9596,14.3428
77.7778,97.9798,12.6922
77.7778,100,14.0591
79.798,-100,12.8725
79.798,-97.9798,14.291
79.798,-95.9596,13.1494
79.798,-93.9394,13.3707
79.798,-91.9192,13.3319
79.798,-89.899,12.7493
79.798,-87.8788,13.1614
79.798,-85.8586,12.5049
79.798,-83.8384,12.6143
79.798,-81.8182,12.6703
79.798,-79.798,11.6903
79.798,-77.7778,13.0534
79.798,-75.7576,11.0227
79.798,-73.7374,12.4506
79.798,-71.7172,11.9756
79.798,-69.697,10.6441
79.798,-67.6768,12.1384
79.798,-65.6566,11.8526
79.798,-63.6364,10.2893
79.798,-61.6162,10.6674
79.798,-59.596,11.7826
79.798,-57.5758,11.6514
79.798,-55.5556,10.6128
79.798,-53.5354,9.77313
79.798,-51.5152,9.50476
79.798,-49.4949,9.57608
79.798,-47.4747,9.68529
79.798,-45.4545,9.66967
79.798,-43.4343,9.48258
79.798,-41.4141,9.16457
79.798,-39.3939,8.90043
79.798,-37.3737,9.06771
79.798,-35.3535,9.90789
79.798,-33.3333,10.6403
79.798,-31.3131,9.74834
79.798,-29.2929,8.5009
79.798,-27.2727,9.91377
79.798,-25.2525,9.68891
79.798,-23.2323,8.54511
79.798,-21.2121,10.1639
79.798,-19.1919,8.31189
79.798,-17.1717,9.87107
79.798,-15.1515,8.95774
79.798,-13.1313,8.39715
79.798,-11.1111,9.96734
79.798,-9.09091,9.42364
79.798,-7.07071,8.24306
79.798,-5.05051,8.03097
79.798,-3.0303,8.37018
79.798,-1.0101,8.64541
79.798,1.0101,8.64541
79.798,3.0303,8.37018
79.798,5.05051,8.03097
79.798,7.07071,8.24306
79.798,9.09091,9.42364
79.798,11.1111,9.96734
79.798,13.1313,8.39715
79.798,15.1515,8.95774
79.798,17.1717,9.87107
79.798,19.1919,8.31189
79.798,21.2121,10.1639
79.798,23.2323,8.54511
79.798,25.2525,9.68891
79.798,27.2727,9.91377
79.798,29.2929,8.5009
79.798,31.3131,9.74834
79.798,33.3333,10.6403
79.798,35.3535,9.90789
79.798,37.3737,9.06771
79.798,39.3939,8.90043
79.798,41.4141,9.16457
79.798,43.4343,9.48258
79.798,45.4545,9.66967
79.798,47.4747,9.68529
79.798,49.4949,9.57608
79.798,51.5152,9.50476
79.798,53.5354,9.77313
79.798,55.5556,10.6128
79.798,57.5758,11.6514
79.798,59.596,11.7826
79.798,61.6162,10.6674
79.798,63.6364,10.2893
79.798,65.6566,11.8526
79.798,67.6768,12.1384
79.798,69.697,10.6441
79.798,71.7172,11.9756
79.798,73.7374,12.4506
79.798,75.7576,11.0227
79.798,77.7778,13.0534
79.798,79.798,11.6903
79.798,81.8182,12.6703
79.798,83.8384,12.6143
79.798,85.8586,12.5049
79.798,87.8788,13.1614
79.798,89.899,12.7493
79.798,91.9192,13.3319
79.798,93.9394,13.3707
79.798,95.9596,13.1494
79.798,97.9798,14.291
79.798,100,12.8725
81.8182,-100,13.6482
81.8182,-97.9798,14.358
81.8182,-95.9596,12.8202
81.8182,-93.9394,14.3497
81.8182,-91.9192,12.3722
81.8182,-89.899,14.0928
81.8182,-87.8788,12.1032
81.8182,-85.8586,13.6697
81.8182,-83.8384,12.1046
81.8182,-81.8182,12.8294
81.8182,-79.798,12.6703
81.8182,-77.7778,11.5282
81.8182,-75.7576,13.15
81.8182,-73.7374,11.39
81.8182,-71.7172,11.5675
81.8182,-69.697,12.7398
81.8182,-67.6768,11.1968
81.8182,-65.6566,10.6644
81.8182,-63.6364,11.9412
81.8182,-61.6162,12.1319
81.8182,-59.596,10.9472
81.8182,-57.5758,10.0459
81.8182,-55.5556,10.0916
81.8182,-53.5354,10.6118
81.8182,-51.5152,11.0646
81.8182,-49.4949,11.2736
81.8182,-47.4747,11.2892
81.8182,-45.4545,11.1809
81.8182,-43.4343,10.9368
81.8182,-41.4141,10.4644
81.8182,-39.3939,9.72425
81.8182,-37.3737,9.04386
81.8182,-35.3535,9.22663
81.8182,-33.3333,10.4111
81.8182,-31.3131,10.5487
81.8182,-29.2929,8.86716
81.8182,-27.2727,9.5863
81.8182,-25.2525,10.2629
81.8182,-23.2323,8.55952
81.8182,-21.2121,10.4417
81.8182,-19.1919,8.43369
81.8182,-17.1717,10.1664
81.8182,-15.1515,9.06782
81.8182,-13.1313,8.62413
81.8182,-11.1111,10.1639
81.8182,-9.09091,9.66749
81.8182,-7.07071,8.49698
81.8182,-5.05051,8.21079
81.8182,-3.0303,8.48353
81.8182,-1.0101,8.73172
81.8182,1.0101,8.73172
81.8182,3.0303,8.48353
81.8182,5.05051,8.21079
81.8182,7.07071,8.49698
81.8182,9.09091,9.66749
81.8182,11.1111,10.1639
81.8182,13.1313,8.62413
81.8182,15.1515,9.06782
81.8182,17.1717,10.1664
81.8182,19.1919,8.43369
81.8182,21.2121,10.4417
81.8182,23.2323,8.55952
81.8182,25.2525,10.2629
81.8182,27.2727,9.5863
81.8182,29.2929,8.86716
81.8182,31.3131,10.5487
81.8182,33.3333,10.4111
81.8182,35.3535,9.22663
81.8182,37.3737,9.04386
81.8182,39.3939,9.72425
81.8182,41.4141,10.4644
81.8182,43.4343,10.9368
81.8182,45.4545,11.1809
81.8182,47.4747,11.2892
81.8182,49.4949,11.2736
81.8182,51.5152,11.0646
81.8182,53.5354,10.6118
81.8182,55.5556,10.0916
81.8182,57.5758,10.0459
81.8182,59.596,10.9472
81.8182,61.6162,12.1319
81.8182,63.6364,11.9412
81.8182,65.6566,10.6644
81.8182,67.6768,11.1968
81.8182,69.697,12.7398
81.8182,71.7172,11.5675
81.8182,73.7374,11.39
81.8182,75.7576,13.15
81.8182,77.7778,11.5282
81.8182,79.798,12.6703
81.8182,81.8182,12.8294
81.8182,83.8384,12.1046
81.8182,85.8586,13.6697
81.8182,87.8788,12.1032
81.8182,89.899,14.0928
81.8182,91.9192,12.3722
81.8182,93.9394,14.3497
81.8182,95.9596,12.8202
81.8182,97.9798,14.358
81.8182,100,13.6482
83.8384,-100,15.0489
83.8384,-97.9798,12.9383
83.8384,-95.9596,14.6334
83.8384,-93.9394,12.7447
83.8384,-91.9192,14.2876
83.8384,-89.899,12.3998
83.8384,-87.8788,14.1076
83.8384,-85.8586,12.0003
83.8384,-83.8384,13.7733
83.8384,-81.8182,12.1046
83.8384,-79.798,12.6143
83.8384,-77.7778,13.0745
83.8384,-75.7576,11.2999
83.8384,-73.7374,12.7449
83.8384,-71.7172,12.5025
83.8384,-69.697,10.9153
83.8384,-67.6768,11.8049
83.8384,-65.6566,12.6459
83.8384,-63.6364,11.5523
83.8384,-61.6162,10.4448
83.8384,-59.596,10.64
83.8384,-57.5758,11.4514
83.8384,-55.5556,11.949
83.8384,-53.5354,11.9331
83.8384,-51.5152,11.6514
83.8384,-49.4949,11.3646
83.8384,-47.4747,11.2066
83.8384,-45.4545,11.2105
83.8384,-43.4343,11.3229
83.8384,-41.4141,11.3492
83.8384,-39.3939,10.9368
83.8384,-37.3737,9.92162
83.8384,-35.3535,9.10179
83.8384,-33.3333,9.84636
83.8384,-31.3131,10.9491
83.8384,-29.2929,9.52148
83.8384,-27.2727,9.2953
83.8384,-25.2525,10.6881
83.8384,-23.2323,8.69988
83.8384,-21.2121,10.6403
83.8384,-19.1919,8.60167
83.8384,-17.1717,10.4376
83.8384,-15.1515,9.18977
83.8384,-13.1313,8.84617
83.8384,-11.1111,10.358
83.8384,-9.09091,9.91377
83.8384,-7.07071,8.7571
83.8384,-5.05051,8.40087
83.8384,-3.0303,8.60641
83.8384,-1.0101,8.82513
83.8384,1.0101,8.82513
83.8384,3.0303,8.60641
83.8384,5.05051,8.40087
83.8384,7.07071,8.7571
83.8384,9.09091,9.91377
83.8384,11.1111,10.358
83.8384,13.1313,8.84617
83.8384,15.1515,9.18977
83.8384,17.1717,10.4376
83.8384,19.1919,8.60167
83.8384,21.2121,10.6403
83.8384,23.2323,8.69988
83.8384,25.2525,10.6881
83.8384,27.2727,9.2953
83.8384,29.2929,9.52148
83.8384,31.3131,10.9491
83.8384,33.3333,9.84636
83.8384,35.3535,9.10179
83.8384,37.3737,9.92162
83.8384,39.3939,10.9368
83.8384,41.4141,11.3492
83.8384,43.4343,11.3229
83.8384,45.4545,11.2105
83.8384,47.4747,11.2066
83.8384,49.4949,11.3646
83.8384,51.5152,11.6514
83.8384,53.5354,11.9331
83.8384,55.5556,11.949
83.8384,57.5758,11.4514
83.8384,59.596,10.64
83.8384,61.6162,10.4448
83.8384,63.6364,11.5523
83.8384,65.6566,12.6459
83.8384,67.6768,11.8049
83.8384,69.697,10.9153
83.8384,71.7172,12.5025
83.8384,73.7374,12.7449
83.8384,75.7576,11.2999
83.8384,77.7778,13.0745
83.8384,79.798,12.6143
83.8384,81.8182,12.1046
83.8384,83.8384,13.7733
83.8384,85.8586,12.0003
83.8384,87.8788,14.1076
83.8384,89.899,12.3998
83.8384,91.9192,14.2876
83.8384,93.9394,12.7447
83.8384,95.9596,14.6334
83.8384,97.9798,12.9383
83.8384,100,15.0489
85.8586,-100,13.8608
85.8586,-97.9798,14.1879
85.8586,-95.9596,13.794
85.8586,-93.9394,13.8188
85.8586,-91.9192,13.3852
85.8586,-89.899,13.8122
85.8586,-87.8788,12.6525
85.8586,-85.8586,14.0256
85.8586,-83.8384,12.0003
85.8586,-81.8182,13.6697
85.8586,-79.798,12.5049
85.8586,-77.7778,12.0003
85.8586,-75.7576,13.4501
85.8586,-73.7374,11.8715
85.8586,-71.7172,11.4994
85.8586,-69.697,12.9147
85.8586,-67.6768,12.3835
85.8586,-65.6566,10.9495
85.8586,-63.6364,11.0006
85.8586,-61.6162,11.9942
85.8586,-59.596,12.4471
85.8586,-57.5758,12.0506
85.8586,-55.5556,11.3202
85.8586,-53.5354,10.7019
85.8586,-51.5152,10.3166
85.8586,-49.4949,10.1133
85.8586,-47.4747,10.04
85.8586,-45.4545,10.119
85.8586,-43.4343,10.433
85.8586,-41.4141,10.9857
85.8586,-39.3939,11.422
85.8586,-37.3737,11.0003
85.8586,-35.3535,9.68529
85.8586,-33.3333,9.40925
85.8586,-31.3131,10.9112
85.8586,-29.2929,10.2709
85.8586,-27.2727,9.15128
85.8586,-25.2525,10.9491
85.8586,-23.2323,8.95109
85.8586,-21.2121,10.774
85.8586,-19.1919,8.80779
85.8586,-17.1717,10.6881
85.8586,-15.1515,9.32273
85.8586,-13.1313,9.0632
85.8586,-11.1111,10.5497
85.8586,-9.09091,10.1618
85.8586,-7.07071,9.02329
85.8586,-5.05051,8.60167
85.8586,-3.0303,8.74006
85.8586,-1.0101,8.92737
85.8586,1.0101,8.92737
85.8586,3.0303,8.74006
85.8586,5.05051,8.60167
85.8586,7.07071,9.02329
85.8586,9.09091,10.1618
85.8586,11.1111,10.5497
85.8586,13.1313,9.0632
85.8586,15.1515,9.32273
85.8586,17.1717,10.6881
85.8586,19.1919,8.80779
85.8586,21.2121,10.774
85.8586,23.2323,8.95109
85.8586,25.2525,10.9491
85.8586,27.2727,9.15128
85.8586,29.2929,10.2709
85.8586,31.3131,10.9112
85.8586,33.3333,9.40925
85.8586,35.3535,9.68529
85.8586,37.3737,11.0003
85.8586,39.3939,11.422
85.8586,41.4141,10.9857
85.8586,43.4343,10.433
85.8586,45.4545,10.119
85.8586,47.4747,10.04
85.8586,49.4949,10.1133
85.8586,51.5152,10.3166
85.8586,53.5354,10.7019
85.8586,55.5556,11.3202
85.8586,57.5758,12.0506
85.8586,59.596,12.4471
85.8586,61.6162,11.9942
85.8586,63.6364,11.0006
85.8586,65.6566,10.9495
85.8586,67.6768,12.3835
85.8586,69.697,12.9147
85.8586,71.7172,11.4994
85.8586,73.7374,11.8715
85.8586,75.7576,13.4501
85.8586,77.7778,12.0003
85.8586,79.798,12.5049
85.8586,81.8182,13.6697
85.8586,83.8384,12.0003
85.8586,85.8586,14.0256
85.8586,87.8788,12.6525
85.8586,89.899,13.8122
85.8586,91.9192,13.3852
85.8586,93.9394,13.8188
85.8586,95.9596,13.794
85.8586,97.9798,14.1879
85.8586,100,13.8608
87.8788,-100,13.6125
87.8788,-97.9798,14.9083
87.8788,-95.9596,13.2782
87.8788,-93.9394,14.5189
87.8788,-91.9192,13.2267
87.8788,-89.899,13.7837
87.8788,-87.8788,13.6115
87.8788,-85.8586,12.6525
87.8788,-83.8384,14.1076
87.8788,-81.8182,12.1032
87.8788,-79.798,13.1614
87.8788,-77.7778,13.3456
87.8788,-75.7576,11.6152
87.8788,-73.7374,12.6804
87.8788,-71.7172,13.2437
87.8788,-69.697,11.6919
87.8788,-67.6768,11.2213
87.8788,-65.6566,12.2957
87.8788,-63.6364,12.85
87.8788,-61.6162,12.2017
87.8788,-59.596,11.1968
87.8788,-57.5758,10.5767
87.8788,-55.5556,10.4183
87.8788,-53.5354,10.4757
87.8788,-51.5152,10.5249
87.8788,-49.4949,10.4558
87.8788,-47.4747,10.2482
87.8788,-45.4545,9.96793
87.8788,-43.4343,9.81665
87.8788,-41.4141,10.119
87.8788,-39.3939,10.9665
87.8788,-37.3737,11.5493
87.8788,-35.3535,10.6377
87.8788,-33.3333,9.40155
87.8788,-31.3131,10.5833
87.8788,-29.2929,10.9368
87.8788,-27.2727,9.20494
87.8788,-25.2525,11.0614
87.8788,-23.2323,9.28872
87.8788,-21.2121,10.8589
87.8788,-19.1919,9.04386
87.8788,-17.1717,10.9214
87.8788,-15.1515,9.46572
87.8788,-13.1313,9.27529
87.8788,-11.1111,10.7389
87.8788,-9.09091,10.4111
87.8788,-7.07071,9.2953
87.8788,-5.05051,8.81354
87.8788,-3.0303,8.88557
87.8788,-1.0101,9.04004
87.8788,1.0101,9.04004
87.8788,3.0303,8.88557
87.8788,5.05051,8.81354
87.8788,7.07071,9.2953
87.8788,9.09091,10.4111
87.8788,11.1111,10.7389
87.8788,13.1313,9.27529
87.8788,15.1515,9.46572
87.8788,17.1717,10.9214
87.8788,19.1919,9.04386
87.8788,21.2121,10.8589
87.8788,23.2323,9.28872
87.8788,25.2525,11.0614
87.8788,27.2727,9.20494
87.8788,29.2929,10.9368
87.8788,31.3131,10.5833
87.8788,33.3333,9.40155
87.8788,35.3535,10.6377
87.8788,37.3737,11.5493
87.8788,39.3939,10.9665
87.8788,41.4141,10.119
87.8788,43.4343,9.81665
87.8788,45.4545,9.96793
87.8788,47.4747,10.2482
87.8788,49.4949,10.4558
87.8788,51.5152,10.5249
87.8788,53.5354,10.4757
87.8788,55.5556,10.4183
87.8788,57.5758,10.5767
87.8788,59.596,11.1968
87.8788,61.6162,12.2017
87.8788,63.6364,12.85
87.8788,65.6566,12.2957
87.8788,67.6768,11.2213
87.8788,69.697,11.6919
87.8788,71.7172,13.2437
87.8788,73.7374,12.6804
87.8788,75.7576,11.6152
87.8788,77.7778,13.3456
87.8788,79.798,13.1614
87.8788,81.8182,12.1032
87.8788,83.8384,14.1076
87.8788,85.8586,12.6525
87.8788,87.8788,13.6115
87.8788,89.899,13.7837
87.8788,91.9192,13.2267
87.8788,93.9394,14.5189
87.8788,95.9596,13.2782
87.8788,97.9798,14.9083
87.8788,100,13.6125
89.899,-100,15.4276
89.899,-97.9798,13.3115
89.899,-95.9596,15.1478
89.899,-93.9394,13.0146
89.899,-91.9192,14.7545
89.899,-89.899,13.0588
89.899,-87.8788,13.7837
89.899,-85.8586,13.8122
89.899,-83.8384,12.3998
89.899,-81.8182,14.0928
89.899,-79.798,12.7493
89.899,-77.7778,12.1814
89.899,-75.7576,13.6792
89.899,-73.7374,12.7609
89.899,-71.7172,11.5001
89.899,-69.697,12.3632
89.899,-67.6768,13.2398
89.899,-65.6566,12.57
89.899,-63.6364,11.39
89.899,-61.6162,10.9016
89.899,-59.596,11.1546
89.899,-57.5758,11.6393
89.899,-55.5556,11.9942
89.899,-53.5354,12.1384
89.899,-51.5152,12.1199
89.899,-49.4949,11.9762
89.899,-47.4747,11.6779
89.899,-45.4545,11.1553
89.899,-43.4343,10.4392
89.899,-41.4141,9.90617
89.899,-39.3939,10.2349
89.899,-37.3737,11.3646
89.899,-35.3535,11.4664
89.899,-33.3333,9.8598
89.899,-31.3131,10.1887
89.899,-29.2929,11.4041
89.899,-27.2727,9.45398
89.899,-25.2525,11.0597
89.899,-23.2323,9.68529
89.899,-21.2121,10.9105
89.899,-19.1919,9.30221
89.899,-17.1717,11.1408
89.899,-15.1515,9.61775
89.899,-13.1313,9.48258
89.899,-11.1111,10.9253
89.899,-9.09091,10.6609
89.899,-7.07071,9.57278
89.899,-5.05051,9.03667
89.899,-3.0303,9.04386
89.899,-1.0101,9.16457
89.899,1.0101,9.16457
89.899,3.0303,9.04386
89.899,5.05051,9.03667
89.899,7.07071,9.57278
89.899,9.09091,10.6609
89.899,11.1111,10.9253
89.899,13.1313,9.48258
89.899,15.1515,9.61775
89.899,17.1717,11.1408
89.899,19.1919,9.30221
89.899,21.2121,10.9105
89.899,23.2323,9.68529
89.899,25.2525,11.0597
89.899,27.2727,9.45398
89.899,29.2929,11.4041
89.899,31.3131,10.1887
89.899,33.3333,9.8598
89.899,35.3535,11.4664
89.899,37.3737,11.3646
89.899,39.3939,10.2349
89.899,41.4141,9.90617
89.899,43.4343,10.4392
89.899,45.4545,11.1553
89.899,47.4747,11.6779
89.899,49.4949,11.9762
89.899,51.5152,12.1199
89.899,53.5354,12.1384
89.899,55.5556,11.9942
89.899,57.5758,11.6393
89.899,59.596,11.1546
89.899,61.6162,10.9016
89.899,63.6364,11.39
89.899,65.6566,12.57
89.899,67.6768,13.2398
89.899,69.697,12.3632
89.899,71.7172,11.5001
89.899,73.7374,12.7609
89.899,75.7576,13.6792
89.899,77.7778,12.1814
89.899,79.798,12.7493
89.899,81.8182,14.0928
89.899,83.8384,12.3998
89.899,85.8586,13.8122
89.899,87.8788,13.7837
89.899,89.899,13.0588
89.899,91.9192,14.7545
89.899,93.9394,13.0146
89.899,95.9596,15.1478
89.899,97.9798,13.3115
89.899,100,15.4276
91.9192,-100,14.1143
91.9192,-97.9798,15.0083
91.9192,-95.9596,13.5545
91.9192,-93.9394,15.0468
91.9192,-91.9192,13.0002
91.9192,-89.899,14.7545
91.9192,-87.8788,13.2267
91.9192,-85.8586,13.3852
91.9192,-83.8384,14.2876
91.9192,-81.8182,12.3722
91.9192,-79.798,13.3319
91.9192,-77.7778,13.8846
91.9192,-75.7576,12.1608
91.9192,-73.7374,12.2466
91.9192,-71.7172,13.5135
91.9192,-69.697,13.1491
91.9192,-67.6768,11.8061
91.9192,-65.6566,11.3277
91.9192,-63.6364,11.8846
91.9192,-61.6162,12.6006
91.9192,-59.596,12.9092
91.9192,-57.5758,12.8186
91.9192,-55.5556,12.5629
91.9192,-53.5354,12.3345
91.9192,-51.5152,12.224
91.9192,-49.4949,12.2404
91.9192,-47.4747,12.3063
91.9192,-45.4545,12.2166
91.9192,-43.4343,11.6779
91.9192,-41.4141,10.6674
91.9192,-39.3939,10.001
91.9192,-37.3737,10.7767
91.9192,-35.3535,11.843
91.9192,-33.3333,10.6118
91.9192,-31.3131,9.92585
91.9192,-29.2929,11.634
91.9192,-27.2727,9.8598
91.9192,-25.2525,10.9857
91.9192,-23.2323,10.1146
91.9192,-21.2121,10.9425
91.9192,-19.1919,9.57608
91.9192,-17.1717,11.3492
91.9192,-15.1515,9.77787
91.9192,-13.1313,9.68529
91.9192,-11.1111,11.1088
91.9192,-9.09091,10.9105
91.9192,-7.07071,9.85528
91.9192,-5.05051,9.27109
91.9192,-3.0303,9.21567
91.9192,-1.0101,9.30221
91.9192,1.0101,9.30221
91.9192,3.0303,9.21567
91.9192,5.05051,9.27109
91.9192,7.07071,9.85528
91.9192,9.09091,10.9105
91.9192,11.1111,11.1088
91.9192,13.1313,9.68529
91.9192,15.1515,9.77787
91.9192,17.1717,11.3492
91.9192,19.1919,9.57608
91.9192,21.2121,10.9425
91.9192,23.2323,10.1146
91.9192,25.2525,10.9857
91.9192,27.2727,9.8598
91.9192,29.2929,11.634
91.9192,31.3131,9.92585
91.9192,33.3333,10.6118
91.9192,35.3535,11.843
91.9192,37.3737,10.7767
91.9192,39.3939,10.001
91.9192,41.4141,10.6674
91.9192,43.4343,11.6779
91.9192,45.4545,12.2166
91.9192,47.4747,12.3063
91.9192,49.4949,12.2404
91.9192,51.5152,12.224
91.9192,53.5354,12.3345
91.9192,55.5556,12.5629
91.9192,57.5758,12.8186
91.9192,59.596,12.9092
91.9192,61.6162,12.6006
91.9192,63.6364,11.8846
91.9192,65.6566,11.3277
91.9192,67.6768,11.8061
91.9192,69.697,13.1491
91.9192,71.7172,13.5135
91.9192,73.7374,12.2466
91.9192,75.7576,12.1608
91.9192,77.7778,13.8846
91.9192,79.798,13.3319
91.9192,81.8182,12.3722
91.9192,83.8384,14.2876
91.9192,85.8586,13.3852
91.9192,87.8788,13.2267
91.9192,89.899,14.7545
91.9192,91.9192,13.0002
91.9192,93.9394,15.0468
91.9192,95.9596,13.5545
91.9192,97.9798,15.0083
91.9192,100,14.1143
93.9394,-100,14.4281
93.9394,-97.9798,14.6526
93.9394,-95.9596,14.6557
93.9394,-93.9394,13.6954
93.9394,-91.9192,15.0468
93.9394,-89.899,13.0146
93.9394,-87.8788,14.5189
93.9394,-85.8586,13.8188
93.9394,-83.8384,12.7447
93.9394,-81.8182,14.3497
93.9394,-79.798,13.3707
93.9394,-77.7778,12.2289
93.9394,-75.7576,13.4901
93.9394,-73.7374,13.827
93.9394,-71.7172,12.428
93.9394,-69.697,11.7134
93.9394,-67.6768,12.3973
93.9394,-65.6566,13.2325
93.9394,-63.6364,13.3217
93.9394,-61.6162,12.791
93.9394,-59.596,12.1171
93.9394,-57.5758,11.5908
93.9394,-55.5556,11.2651
93.9394,-53.5354,11.0976
93.9394,-51.5152,11.0638
93.9394,-49.4949,11.1968
93.9394,-47.4747,11.5523
93.9394,-45.4545,12.0667
93.9394,-43.4343,12.3489
93.9394,-41.4141,11.7849
93.9394,-39.3939,10.5249
93.9394,-37.3737,10.3047
93.9394,-35.3535,11.7296
93.9394,-33.3333,11.4044
93.9394,-31.3131,9.91062
93.9394,-29.2929,11.6514
93.9394,-27.2727,10.366
93.9394,-25.2525,10.8799
93.9394,-23.2323,10.5543
93.9394,-21.2121,10.9665
93.9394,-19.1919,9.8598
93.9394,-17.1717,11.5493
93.9394,-15.1515,9.94521
93.9394,-13.1313,9.88368
93.9394,-11.1111,11.2892
93.9394,-9.09091,11.1592
93.9394,-7.07071,10.1422
93.9394,-5.05051,9.51668
93.9394,-3.0303,9.40155
93.9394,-1.0101,9.45398
93.9394,1.0101,9.45398
93.9394,3.0303,9.40155
93.9394,5.05051,9.51668
93.9394,7.07071,10.1422
93.9394,9.09091,11.1592
93.9394,11.1111,11.2892
93.9394,13.1313,9.88368
93.9394,15.1515,9.94521
93.9394,17.1717,11.5493
93.9394,19.1919,9.8598
93.9394,21.2121,10.9665
93.9394,23.2323,10.5543
93.9394,25.2525,10.8799
93.9394,27.2727,10.366
93.9394,29.2929,11.6514
93.9394,31.3131,9.91062
93.9394,33.3333,11.4044
93.9394,35.3535,11.7296
93.9394,37.3737,10.3047
93.9394,39.3939,10.5249
93.9394,41.4141,11.7849
93.9394,43.4343,12.3489
93.9394,45.4545,12.0667
93.9394,47.4747,11.5523
93.9394,49.4949,11.1968
93.9394,51.5152,11.0638
93.9394,53.5354,11.0976
93.9394,55.5556,11.2651
93.9394,57.5758,11.5908
93.9394,59.596,12.1171
93.9394,61.6162,12.791
93.9394,63.6364,13.3217
93.9394,65.6566,13.2325
93.9394,67.6768,12.3973
93.9394,69.697,11.7134
93.9394,71.7172,12.428
93.9394,73.7374,13.827
93.9394,75.7576,13.4901
93.9394,77.7778,12.2289
93.9394,79.798,13.3707
93.9394,81.8182,14.3497
93.9394,83.8384,12.7447
93.9394,85.8586,13.8188
93.9394,87.8788,14.5189
93.9394,89.899,13.0146
93.9394,91.9192,15.0468
93.9394,93.9394,13.6954
93.9394,95.9596,14.6557
93.9394,97.9798,14.6526
93.9394,100,14.4281
95.9596,-100,15.6906
95.9596,-97.9798,14.093
95.9596,-95.9596,14.8354
95.9596,-93.9394,14.6557
95.9596,-91.9192,13.5545
95.9596,-89.899,15.1478
95.9596,-87.8788,13.2782
95.9596,-85.8586,13.794
95.9596,-83.8384,14.6334
95.9596,-81.8182,12.8202
95.9596,-79.798,13.1494
95.9596,-77.7778,14.3428
95.9596,-75.7576,13.2874
95.9596,-73.7374,12.1085
95.9596,-71.7172,12.6819
95.9596,-69.697,13.6697
95.9596,-67.6768,13.6304
95.9596,-65.6566,12.7609
95.9596,-63.6364,11.8898
95.9596,-61.6162,11.4331
95.9596,-59.596,11.3277
95.9596,-57.5758,11.3561
95.9596,-55.5556,11.3536
95.9596,-53.5354,11.2465
95.9596,-51.5152,11.0368
95.9596,-49.4949,10.8124
95.9596,-47.4747,10.7791
95.9596,-45.4545,11.1968
95.9596,-43.4343,12.0248
95.9596,-41.4141,12.4471
95.9596,-39.3939,11.492
95.9596,-37.3737,10.3054
95.9596,-35.3535,11.3202
95.9596,-33.3333,12.0216
95.9596,-31.3131,10.1656
95.9596,-29.2929,11.5206
95.9596,-27.2727,10.9136
95.9596,-25.2525,10.7767
95.9596,-23.2323,10.9868
95.9596,-21.2121,10.9911
95.9596,-19.1919,10.1487
95.9596,-17.1717,11.7433
95.9596,-15.1515,10.119
95.9596,-13.1313,10.078
95.9596,-11.1111,11.4664
95.9596,-9.09091,11.4065
95.9596,-7.07071,10.433
95.9596,-5.05051,9.77313
95.9596,-3.0303,9.60183
95.9596,-1.0101,9.6207
95.9596,1.0101,9.6207
95.9596,3.0303,9.60183
95.9596,5.05051,9.77313
95.9596,7.07071,10.433
95.9596,9.09091,11.4065
95.9596,11.1111,11.4664
95.9596,13.1313,10.078
95.9596,15.1515,10.119
95.9596,17.1717,11.7433
95.9596,19.1919,10.1487
95.9596,21.2121,10.9911
95.9596,23.2323,10.9868
95.9596,25.2525,10.7767
95.9596,27.2727,10.9136
95.9596,29.2929,11.5206
95.9596,31.3131,10.1656
95.9596,33.3333,12.0216
95.9596,35.3535,11.3202
95.9596,37.3737,10.3054
95.9596,39.3939,11.492
95.9596,41.4141,12.4471
95.9596,43.4343,12.0248
95.9596,45.4545,11.1968
95.9596,47.4747,10.7791
95.9596,49.4949,10.8124
95.9596,51.5152,11.0368
95.9596,53.5354,11.2465
95.9596,55.5556,11.3536
95.9596,57.5758,11.3561
95.9596,59.596,11.3277
95.9596,61.6162,11.4331
95.9596,63.6364,11.8898
95.9596,65.6566,12.7609
95.9596,67.6768,13.6304
95.9596,69.697,13.6697
95.9596,71.7172,12.6819
95.9596,73.7374,12.1085
95.9596,75.7576,13.2874
95.9596,77.7778,14.3428
95.9596,79.798,13.1494
95.9596,81.8182,12.8202
95.9596,83.8384,14.6334
95.9596,85.8586,13.794
95.9596,87.8788,13.2782
95.9596,89.899,15.1478
95.9596,91.9192,13.5545
95.9596,93.9394,14.6557
95.9596,95.9596,14.8354
95.9596,97.9798,14.093
95.9596,100,15.6906
97.9798,-100,14
97.9798,-97.9798,15.7758
97.9798,-95.9596,14.093
97.9798,-93.9394,14.6526
97.9798,-91.9192,15.0083
97.9798,-89.899,13.3115
97.9798,-87.8788,14.9083
97.9798,-85.8586,14.1879
97.9798,-83.8384,12.9383
97.9798,-81.8182,14.358
97.9798,-79.798,14.291
97.9798,-77.7778,12.6922
97.9798,-75.7576,12.7886
97.9798,-73.7374,13.9634
97.9798,-71.7172,14.0256
97.9798,-69.697,12.9626
97.9798,-67.6768,12.0335
97.9798,-65.6566,11.8553
97.9798,-63.6364,12.1925
97.9798,-61.6162,12.6143
97.9798,-59.596,12.8885
97.9798,-57.5758,12.9812
97.9798,-55.5556,12.9285
97.9798,-53.5354,12.7449
97.9798,-51.5152,12.3959
97.9798,-49.4949,11.8422
97.9798,-47.4747,11.1779
97.9798,-45.4545,10.803
97.9798,-43.4343,11.2662
97.9798,-41.4141,12.3345
97.9798,-39.3939,12.3593
97.9798,-37.3737,10.8215
97.9798,-35.3535,10.896
97.9798,-33.3333,12.3489
97.9798,-31.3131,10.64
97.9798,-29.2929,11.3202
97.9798,-27.2727,11.4514
97.9798,-25.2525,10.7019
97.9798,-23.2323,11.3996
97.9798,-21.2121,11.0228
97.9798,-19.1919,10.4392
97.9798,-17.1717,11.9331
97.9798,-15.1515,10.2985
97.9798,-13.1313,10.2686
97.9798,-11.1111,11.64
97.9798,-9.09091,11.6514
97.9798,-7.07071,10.7268
97.9798,-5.05051,10.04
97.9798,-3.0303,9.81665
97.9798,-1.0101,9.80294
97.9798,1.0101,9.80294
97.9798,3.0303,9.81665
97.9798,5.05051,10.04
97.9798,7.07071,10.7268
97.9798,9.09091,11.6514
97.9798,11.1111,11.64
97.9798,13.1313,10.2686
97.9798,15.1515,10.2985
97.9798,17.1717,11.9331
97.9798,19.1919,10.4392
97.9798,21.2121,11.0228
97.9798,23.2323,11.3996
97.9798,25.2525,10.7019
97.9798,27.2727,11.4514
97.9798,29.2929,11.3202
97.9798,31.3131,10.64
97.9798,33.3333,12.3489
97.9798,35.3535,10.896
97.9798,37.3737,10.8215
97.9798,39.3939,12.3593
97.9798,41.4141,12.3345
97.9798,43.4343,11.2662
97.9798,45.4545,10.803
97.9798,47.4747,11.1779
97.9798,49.4949,11.8422
97.9798,51.5152,12.3959
97.9798,53.5354,12.7449
97.9798,55.5556,12.9285
97.9798,57.5758,12.9812
97.9798,59.596,12.8885
97.9798,61.6162,12.6143
97.9798,63.6364,12.1925
97.9798,65.6566,11.8553
97.9798,67.6768,12.0335
97.9798,69.697,12.9626
97.9798,71.7172,14.0256
97.9798,73.7374,13.9634
97.9798,75.7576,12.7886
97.9798,77.7778,12.6922
97.9798,79.798,14.291
97.9798,81.8182,14.358
97.9798,83.8384,12.9383
97.9798,85.8586,14.1879
97.9798,87.8788,14.9083
97.9798,89.899,13.3115
97.9798,91.9192,15.0083
97.9798,93.9394,14.6526
97.9798,95.9596,14.093
97.9798,97.9798,15.7758
97.9798,100,14
100,-100,16.0225
100,-97.9798,14
100,-95.9596,15.6906
100,-93.9394,14.4281
100,-91.9192,14.1143
100,-89.899,15.4276
100,-87.8788,13.6125
100,-85.8586,13.8608
100,-83.8384,15.0489
100,-81.8182,13.6482
100,-79.798,12.8725
100,-77.7778,14.0591
100,-75.7576,14.5076
100,-73.7374,13.4029
100,-71.7172,12.3722
100,-69.697,12.4106
100,-67.6768,13.0857
100,-65.6566,13.6578
100,-63.6364,13.8342
100,-61.6162,13.7124
100,-59.596,13.4911
100,-57.5758,13.3116
100,-55.5556,13.2332
100,-53.5354,13.2437
100,-51.5152,13.2466
100,-49.4949,13.0388
100,-47.4747,12.3959
100,-45.4545,11.418
100,-43.4343,10.9153
100,-41.4141,11.7387
100,-39.3939,12.7398
100,-37.3737,11.6393
100,-35.3535,10.6898
100,-33.3333,12.3827
100,-31.3131,11.2427
100,-29.2929,11.1237
100,-27.2727,11.9412
100,-25.2525,10.6725
100,-23.2323,11.7849
100,-21.2121,11.0662
100,-19.1919,10.7285
100,-17.1717,12.1204
100,-15.1515,10.4832
100,-13.1313,10.4558
100,-11.1111,11.81
100,-9.09091,11.8935
100,-7.07071,11.0228
100,-5.05051,10.3166
100,-3.0303,10.0459
100,-1.0101,10.001
100,1.0101,10.001
100,3.0303,10.0459
100,5.05051,10.3166
100,7.07071,11.0228
100,9.09091,11.8935
100,11.1111,11.81
100,13.1313,10.4558
100,15.1515,10.4832
100,17.1717,12.1204
100,19.1919,10.7285
100,21.2121,11.0662
100,23.2323,11.7849
100,25.2525,10.6725
100,27.2727,11.9412
100,29.2929,11.1237
100,31.3131,11.2427
100,33.3333,12.3827
100,35.3535,10.6898
100,37.3737,11.6393
100,39.3939,12.7398
100,41.4141,11.7387
100,43.4343,10.9153
100,45.4545,11.418
100,47.4747,12.3959
100,49.4949,13.0388
100,51.5152,13.2466
100,53.5354,13.2437
100,55.5556,13.2332
100,57.5758,13.3116
100,59.596,13.4911
100,61.6162,13.7124
100,63.6364,13.8342
100,65.6566,13.6578
100,67.6768,13.0857
100,69.697,12.4106
100,71.7172,12.3722
100,73.7374,13.4029
100,75.7576,14.5076
100,77.7778,14.0591
100,79.798,12.8725
100,81.8182,13.6482
100,83.8384,15.0489
100,85.8586,13.8608
100,87.8788,13.6125
100,89.899,15.4276
100,91.9192,14.1143
100,93.9394,14.4281
100,95.9596,15.6906
100,97.9798,14
100,100,16.0225
