x,y,f
-10.24,-10.24,1.75529e+09
-10.24,-10.0331,1.62824e+09
-10.24,-9.82626,1.51689e+09
-10.24,-9.61939,1.4195e+09
-10.24,-9.41253,1.33449e+09
-10.24,-9.20566,1.26044e+09
-10.24,-8.99879,1.19605e+09
-10.24,-8.79192,1.14017e+09
-10.24,-8.58505,1.09177e+09
-10.24,-8.37818,1.04991e+09
-10.24,-8.17131,1.01377e+09
-10.24,-7.96444,9.8261e+08
-10.24,-7.75758,9.55768e+08
-10.24,-7.55071,9.32665e+08
-10.24,-7.34384,9.12787e+08
-10.24,-7.13697,8.95679e+08
-10.24,-6.9301,8.80945e+08
-10.24,-6.72323,8.68236e+08
-10.24,-6.51636,8.57248e+08
-10.24,-6.30949,8.47717e+08
-10.24,-6.10263,8.39415e+08
-10.24,-5.89576,8.32145e+08
-10.24,-5.68889,8.25737e+08
-10.24,-5.48202,8.20046e+08
-10.24,-5.27515,8.1495e+08
-10.24,-5.06828,8.10344e+08
-10.24,-4.86141,8.0614e+08
-10.24,-4.65455,8.02265e+08
-10.24,-4.44768,7.98657e+08
-10.24,-4.24081,7.95267e+08
-10.24,-4.03394,7.92051e+08
-10.24,-3.82707,7.88977e+08
-10.24,-3.6202,7.86016e+08
-10.24,-3.41333,7.83147e+08
-10.24,-3.20646,7.80352e+08
-10.24,-2.9996,7.77617e+08
-10.24,-2.79273,7.7493e+08
-10.24,-2.58586,7.72284e+08
-10.24,-2.37899,7.69672e+08
-10.24,-2.17212,7.67088e+08
-10.24,-1.96525,7.6453e+08
-10.24,-1.75838,7.61994e+08
-10.24,-1.55152,7.59478e+08
-10.24,-1.34465,7.56981e+08
-10.24,-1.13778,7.54501e+08
-10.24,-0.930909,7.52038e+08
-10.24,-0.72404,7.49591e+08
-10.24,-0.517172,7.4716e+08
-10.24,-0.310303,7.44745e+08
-10.24,-0.103434,7.42344e+08
-10.24,0.103434,7.39959e+08
-10.24,0.310303,7.37589e+08
-10.24,0.517172,7.35234e+08
-10.24,0.72404,7.32893e+08
-10.24,0.930909,7.30569e+08
-10.24,1.13778,7.28259e+08
-10.24,1.34465,7.25966e+08
-10.24,1.55152,7.2369e+08
-10.24,1.75838,7.21431e+08
-10.24,1.96525,7.1919e+08
-10.24,2.17212,7.16969e+08
-10.24,2.37899,7.14771e+08
-10.24,2.58586,7.12597e+08
-10.24,2.79273,7.10451e+08
-10.24,2.9996,7.08337e+08
-10.24,3.20646,7.06261e+08
-10.24,3.41333,7.04231e+08
-10.24,3.6202,7.02255e+08
-10.24,3.82707,7.00345e+08
-10.24,4.03394,6.98516e+08
-10.24,4.24081,6.96787e+08
-10.24,4.44768,6.9518e+08
-10.24,4.65455,6.93722e+08
-10.24,4.86141,6.92449e+08
-10.24,5.06828,6.91403e+08
-10.24,5.27515,6.90633e+08
-10.24,5.48202,6.90201e+08
-10.24,5.68889,6.90178e+08
-10.24,5.89576,6.90653e+08
-10.24,6.10263,6.91726e+08
-10.24,6.30949,6.93518e+08
-10.24,6.51636,6.96171e+08
-10.24,6.72323,6.9985e+08
-10.24,6.9301,7.04747e+08
-10.24,7.13697,7.11083e+08
-10.24,7.34384,7.19117e+08
-10.24,7.55071,7.29141e+08
-10.24,7.75758,7.41495e+08
-10.24,7.96444,7.56564e+08
-10.24,8.17131,7.74787e+08
-10.24,8.37818,7.96662e+08
-10.24,8.58505,8.22753e+08
-10.24,8.79192,8.53697e+08
-10.24,8.99879,8.90208e+08
-10.24,9.20566,9.33091e+08
-10.24,9.41253,9.83244e+08
-10.24,9.61939,1.04167e+09
-10.24,9.82626,1.1095e+09
-10.24,10.0331,1.18796e+09
-10.24,10.24,1.27845e+09
-10.0331,-10.24,1.62824e+09
-10.0331,-10.0331,1.50185e+09
-10.0331,-9.82626,1.39114e+09
-10.0331,-9.61939,1.29435e+09
-10.0331,-9.41253,1.20992e+09
-10.0331,-9.20566,1.13641e+09
-10.0331,-8.99879,1.07255e+09
-10.0331,-8.79192,1.01718e+09
-10.0331,-8.58505,9.69267e+08
-10.0331,-8.37818,9.2788e+08
-10.0331,-8.17131,8.92192e+08
-10.0331,-7.96444,8.61467e+08
-10.0331,-7.75758,8.35049e+08
-10.0331,-7.55071,8.12356e+08
-10.0331,-7.34384,7.92876e+08
-10.0331,-7.13697,7.76156e+08
-10.0331,-6.9301,7.618e+08
-10.0331,-6.72323,7.4946e+08
-10.0331,-6.51636,7.38833e+08
-10.0331,-6.30949,7.29656e+08
-10.0331,-6.10263,7.21701e+08
-10.0331,-5.89576,7.14771e+08
-10.0331,-5.68889,7.08698e+08
-10.0331,-5.48202,7.03338e+08
-10.0331,-5.27515,6.98567e+08
-10.0331,-5.06828,6.94282e+08
-10.0331,-4.86141,6.90396e+08
-10.0331,-4.65455,6.86835e+08
-10.0331,-4.44768,6.83538e+08
-10.0331,-4.24081,6.80455e+08
-10.0331,-4.03394,6.77545e+08
-10.0331,-3.82707,6.74774e+08
-10.0331,-3.6202,6.72114e+08
-10.0331,-3.41333,6.69544e+08
-10.0331,-3.20646,6.67045e+08
-10.0331,-2.9996,6.64605e+08
-10.0331,-2.79273,6.62211e+08
-10.0331,-2.58586,6.59857e+08
-10.0331,-2.37899,6.57534e+08
-10.0331,-2.17212,6.55239e+08
-10.0331,-1.96525,6.52968e+08
-10.0331,-1.75838,6.50718e+08
-10.0331,-1.55152,6.48487e+08
-10.0331,-1.34465,6.46273e+08
-10.0331,-1.13778,6.44075e+08
-10.0331,-0.930909,6.41893e+08
-10.0331,-0.72404,6.39726e+08
-10.0331,-0.517172,6.37574e+08
-10.0331,-0.310303,6.35435e+08
-10.0331,-0.103434,6.33311e+08
-10.0331,0.103434,6.312e+08
-10.0331,0.310303,6.29104e+08
-10.0331,0.517172,6.27021e+08
-10.0331,0.72404,6.24952e+08
-10.0331,0.930909,6.22898e+08
-10.0331,1.13778,6.20858e+08
-10.0331,1.34465,6.18832e+08
-10.0331,1.55152,6.16823e+08
-10.0331,1.75838,6.14829e+08
-10.0331,1.96525,6.12852e+08
-10.0331,2.17212,6.10895e+08
-10.0331,2.37899,6.08958e+08
-10.0331,2.58586,6.07044e+08
-10.0331,2.79273,6.05156e+08
-10.0331,2.9996,6.033e+08
-10.0331,3.20646,6.01479e+08
-10.0331,3.41333,5.99703e+08
-10.0331,3.6202,5.97978e+08
-10.0331,3.82707,5.96318e+08
-10.0331,4.03394,5.94737e+08
-10.0331,4.24081,5.93253e+08
-10.0331,4.44768,5.91889e+08
-10.0331,4.65455,5.90671e+08
-10.0331,4.86141,5.89635e+08
-10.0331,5.06828,5.88822e+08
-10.0331,5.27515,5.88282e+08
-10.0331,5.48202,5.88076e+08
-10.0331,5.68889,5.88275e+08
-10.0331,5.89576,5.88965e+08
-10.0331,6.10263,5.90249e+08
-10.0331,6.30949,5.92247e+08
-10.0331,6.51636,5.95098e+08
-10.0331,6.72323,5.98968e+08
-10.0331,6.9301,6.04048e+08
-10.0331,7.13697,6.10559e+08
-10.0331,7.34384,6.18757e+08
-10.0331,7.55071,6.28936e+08
-10.0331,7.75758,6.41432e+08
-10.0331,7.96444,6.56631e+08
-10.0331,8.17131,6.7497e+08
-10.0331,8.37818,6.96946e+08
-10.0331,8.58505,7.23122e+08
-10.0331,8.79192,7.54133e+08
-10.0331,8.99879,7.90691e+08
-10.0331,9.20566,8.336e+08
-10.0331,9.41253,8.83757e+08
-10.0331,9.61939,9.42164e+08
-10.0331,9.82626,1.00994e+09
-10.0331,10.0331,1.08833e+09
-10.0331,10.24,1.1787e+09
-9.82626,-10.24,1.51689e+09
-9.82626,-10.0331,1.39114e+09
-9.82626,-9.82626,1.28103e+09
-9.82626,-9.61939,1.18481e+09
-9.82626,-9.41253,1.10092e+09
-9.82626,-9.20566,1.02794e+09
-9.82626,-8.99879,9.64572e+08
-9.82626,-8.79192,9.09678e+08
-9.82626,-8.58505,8.6222e+08
-9.82626,-8.37818,8.21271e+08
-9.82626,-8.17131,7.86006e+08
-9.82626,-7.96444,7.55687e+08
-9.82626,-7.75758,7.29662e+08
-9.82626,-7.55071,7.07349e+08
-9.82626,-7.34384,6.88238e+08
-9.82626,-7.13697,6.71876e+08
-9.82626,-6.9301,6.57868e+08
-9.82626,-6.72323,6.45868e+08
-9.82626,-6.51636,6.35573e+08
-9.82626,-6.30949,6.2672e+08
-9.82626,-6.10263,6.19082e+08
-9.82626,-5.89576,6.12464e+08
-9.82626,-5.68889,6.06697e+08
-9.82626,-5.48202,6.01638e+08
-9.82626,-5.27515,5.97164e+08
-9.82626,-5.06828,5.93171e+08
-9.82626,-4.86141,5.89574e+08
-9.82626,-4.65455,5.86298e+08
-9.82626,-4.44768,5.83284e+08
-9.82626,-4.24081,5.80481e+08
-9.82626,-4.03394,5.77848e+08
-9.82626,-3.82707,5.75351e+08
-9.82626,-3.6202,5.72964e+08
-9.82626,-3.41333,5.70664e+08
-9.82626,-3.20646,5.68434e+08
-9.82626,-2.9996,5.6626e+08
-9.82626,-2.79273,5.64132e+08
-9.82626,-2.58586,5.62041e+08
-9.82626,-2.37899,5.59981e+08
-9.82626,-2.17212,5.57947e+08
-9.82626,-1.96525,5.55936e+08
-9.82626,-1.75838,5.53944e+08
-9.82626,-1.55152,5.5197e+08
-9.82626,-1.34465,5.50012e+08
-9.82626,-1.13778,5.48069e+08
-9.82626,-0.930909,5.4614e+08
-9.82626,-0.72404,5.44225e+08
-9.82626,-0.517172,5.42324e+08
-9.82626,-0.310303,5.40436e+08
-9.82626,-0.103434,5.38561e+08
-9.82626,0.103434,5.36698e+08
-9.82626,0.310303,5.34849e+08
-9.82626,0.517172,5.33012e+08
-9.82626,0.72404,5.31188e+08
-9.82626,0.930909,5.29377e+08
-9.82626,1.13778,5.27579e+08
-9.82626,1.34465,5.25795e+08
-9.82626,1.55152,5.24025e+08
-9.82626,1.75838,5.22271e+08
-9.82626,1.96525,5.20532e+08
-9.82626,2.17212,5.18811e+08
-9.82626,2.37899,5.17109e+08
-9.82626,2.58586,5.15429e+08
-9.82626,2.79273,5.13775e+08
-9.82626,2.9996,5.12149e+08
-9.82626,3.20646,5.10558e+08
-9.82626,3.41333,5.09009e+08
-9.82626,3.6202,5.07511e+08
-9.82626,3.82707,5.06076e+08
-9.82626,4.03394,5.04717e+08
-9.82626,4.24081,5.03452e+08
-9.82626,4.44768,5.02305e+08
-9.82626,4.65455,5.01302e+08
-9.82626,4.86141,5.00478e+08
-9.82626,5.06828,4.99873e+08
-9.82626,5.27515,4.99538e+08
-9.82626,5.48202,4.99532e+08
-9.82626,5.68889,4.99928e+08
-9.82626,5.89576,5.0081e+08
-9.82626,6.10263,5.0228e+08
-9.82626,6.30949,5.04458e+08
-9.82626,6.51636,5.07483e+08
-9.82626,6.72323,5.1152e+08
-9.82626,6.9301,5.16759e+08
-9.82626,7.13697,5.2342e+08
-9.82626,7.34384,5.31758e+08
-9.82626,7.55071,5.42067e+08
-9.82626,7.75758,5.54682e+08
-9.82626,7.96444,5.69987e+08
-9.82626,8.17131,5.88418e+08
-9.82626,8.37818,6.10472e+08
-9.82626,8.58505,6.36709e+08
-9.82626,8.79192,6.67763e+08
-9.82626,8.99879,7.04346e+08
-9.82626,9.20566,7.47258e+08
-9.82626,9.41253,7.97395e+08
-9.82626,9.61939,8.55758e+08
-9.82626,9.82626,9.23462e+08
-9.82626,10.0331,1.00175e+09
-9.82626,10.24,1.09199e+09
-9.61939,-10.24,1.4195e+09
-9.61939,-10.0331,1.29435e+09
-9.61939,-9.82626,1.18481e+09
-9.61939,-9.61939,1.08914e+09
-9.61939,-9.41253,1.00577e+09
-9.61939,-9.20566,9.33273e+08
-9.61939,-8.99879,8.70377e+08
-9.61939,-8.79192,8.15931e+08
-9.61939,-8.58505,7.689e+08
-9.61939,-8.37818,7.28362e+08
-9.61939,-8.17131,6.93491e+08
-9.61939,-7.96444,6.63552e+08
-9.61939,-7.75758,6.37891e+08
-9.61939,-7.55071,6.15931e+08
-9.61939,-7.34384,5.97161e+08
-9.61939,-7.13697,5.81129e+08
-9.61939,-6.9301,5.67443e+08
-9.61939,-6.72323,5.55754e+08
-9.61939,-6.51636,5.45763e+08
-9.61939,-6.30949,5.37208e+08
-9.61939,-6.10263,5.29861e+08
-9.61939,-5.89576,5.23527e+08
-9.61939,-5.68889,5.1804e+08
-9.61939,-5.48202,5.13255e+08
-9.61939,-5.27515,5.09051e+08
-9.61939,-5.06828,5.05324e+08
-9.61939,-4.86141,5.01989e+08
-9.61939,-4.65455,4.98973e+08
-9.61939,-4.44768,4.96214e+08
-9.61939,-4.24081,4.93665e+08
-9.61939,-4.03394,4.91282e+08
-9.61939,-3.82707,4.89034e+08
-9.61939,-3.6202,4.86893e+08
-9.61939,-3.41333,4.84838e+08
-9.61939,-3.20646,4.82851e+08
-9.61939,-2.9996,4.80918e+08
-9.61939,-2.79273,4.7903e+08
-9.61939,-2.58586,4.77177e+08
-9.61939,-2.37899,4.75353e+08
-9.61939,-2.17212,4.73555e+08
-9.61939,-1.96525,4.71777e+08
-9.61939,-1.75838,4.70018e+08
-9.61939,-1.55152,4.68276e+08
-9.61939,-1.34465,4.66548e+08
-9.61939,-1.13778,4.64835e+08
-9.61939,-0.930909,4.63135e+08
-9.61939,-0.72404,4.61447e+08
-9.61939,-0.517172,4.59772e+08
-9.61939,-0.310303,4.5811e+08
-9.61939,-0.103434,4.56459e+08
-9.61939,0.103434,4.54819e+08
-9.61939,0.310303,4.53192e+08
-9.61939,0.517172,4.51576e+08
-9.61939,0.72404,4.49972e+08
-9.61939,0.930909,4.4838e+08
-9.61939,1.13778,4.46801e+08
-9.61939,1.34465,4.45234e+08
-9.61939,1.55152,4.4368e+08
-9.61939,1.75838,4.4214e+08
-9.61939,1.96525,4.40615e+08
-9.61939,2.17212,4.39107e+08
-9.61939,2.37899,4.37616e+08
-9.61939,2.58586,4.36146e+08
-9.61939,2.79273,4.347e+08
-9.61939,2.9996,4.33282e+08
-9.61939,3.20646,4.31897e+08
-9.61939,3.41333,4.30552e+08
-9.61939,3.6202,4.29257e+08
-9.61939,3.82707,4.28022e+08
-9.61939,4.03394,4.26861e+08
-9.61939,4.24081,4.25793e+08
-9.61939,4.44768,4.2484e+08
-9.61939,4.65455,4.24029e+08
-9.61939,4.86141,4.23393e+08
-9.61939,5.06828,4.22974e+08
-9.61939,5.27515,4.2282e+08
-9.61939,5.48202,4.22992e+08
-9.61939,5.68889,4.23561e+08
-9.61939,5.89576,4.24612e+08
-9.61939,6.10263,4.26246e+08
-9.61939,6.30949,4.28582e+08
-9.61939,6.51636,4.31758e+08
-9.61939,6.72323,4.35939e+08
-9.61939,6.9301,4.41314e+08
-9.61939,7.13697,4.48103e+08
-9.61939,7.34384,4.5656e+08
-9.61939,7.55071,4.66977e+08
-9.61939,7.75758,4.79689e+08
-9.61939,7.96444,4.95078e+08
-9.61939,8.17131,5.13581e+08
-9.61939,8.37818,5.3569e+08
-9.61939,8.58505,5.61967e+08
-9.61939,8.79192,5.93043e+08
-9.61939,8.99879,6.29628e+08
-9.61939,9.20566,6.72522e+08
-9.61939,9.41253,7.22619e+08
-9.61939,9.61939,7.80916e+08
-9.61939,9.82626,8.48529e+08
-9.61939,10.0331,9.26695e+08
-9.61939,10.24,1.01679e+09
-9.41253,-10.24,1.33449e+09
-9.41253,-10.0331,1.20992e+09
-9.41253,-9.82626,1.10092e+09
-9.41253,-9.61939,1.00577e+09
-9.41253,-9.41253,9.22884e+08
-9.41253,-9.20566,8.50854e+08
-9.41253,-8.99879,7.88401e+08
-9.41253,-8.79192,7.34376e+08
-9.41253,-8.58505,6.87748e+08
-9.41253,-8.37818,6.47594e+08
-9.41253,-8.17131,6.1309e+08
-9.41253,-7.96444,5.83504e+08
-9.41253,-7.75758,5.58183e+08
-9.41253,-7.55071,5.3655e+08
-9.41253,-7.34384,5.18095e+08
-9.41253,-7.13697,5.02369e+08
-9.41253,-6.9301,4.88978e+08
-9.41253,-6.72323,4.77577e+08
-9.41253,-6.51636,4.67865e+08
-9.41253,-6.30949,4.59582e+08
-9.41253,-6.10263,4.525e+08
-9.41253,-5.89576,4.46427e+08
-9.41253,-5.68889,4.41194e+08
-9.41253,-5.48202,4.36658e+08
-9.41253,-5.27515,4.327e+08
-9.41253,-5.06828,4.29215e+08
-9.41253,-4.86141,4.26117e+08
-9.41253,-4.65455,4.23336e+08
-9.41253,-4.44768,4.20809e+08
-9.41253,-4.24081,4.18489e+08
-9.41253,-4.03394,4.16333e+08
-9.41253,-3.82707,4.1431e+08
-9.41253,-3.6202,4.12391e+08
-9.41253,-3.41333,4.10556e+08
-9.41253,-3.20646,4.08788e+08
-9.41253,-2.9996,4.07073e+08
-9.41253,-2.79273,4.054e+08
-9.41253,-2.58586,4.03762e+08
-9.41253,-2.37899,4.02152e+08
-9.41253,-2.17212,4.00565e+08
-9.41253,-1.96525,3.98998e+08
-9.41253,-1.75838,3.97449e+08
-9.41253,-1.55152,3.95915e+08
-9.41253,-1.34465,3.94395e+08
-9.41253,-1.13778,3.92888e+08
-9.41253,-0.930909,3.91393e+08
-9.41253,-0.72404,3.8991e+08
-9.41253,-0.517172,3.88438e+08
-9.41253,-0.310303,3.86978e+08
-9.41253,-0.103434,3.85528e+08
-9.41253,0.103434,3.84089e+08
-9.41253,0.310303,3.82661e+08
-9.41253,0.517172,3.81244e+08
-9.41253,0.72404,3.79838e+08
-9.41253,0.930909,3.78443e+08
-9.41253,1.13778,3.77058e+08
-9.41253,1.34465,3.75686e+08
-9.41253,1.55152,3.74326e+08
-9.41253,1.75838,3.72979e+08
-9.41253,1.96525,3.71645e+08
-9.41253,2.17212,3.70327e+08
-9.41253,2.37899,3.69026e+08
-9.41253,2.58586,3.67744e+08
-9.41253,2.79273,3.66485e+08
-9.41253,2.9996,3.65252e+08
-9.41253,3.20646,3.64051e+08
-9.41253,3.41333,3.62889e+08
-9.41253,3.6202,3.61774e+08
-9.41253,3.82707,3.60718e+08
-9.41253,4.03394,3.59735e+08
-9.41253,4.24081,3.58842e+08
-9.41253,4.44768,3.58061e+08
-9.41253,4.65455,3.5742e+08
-9.41253,4.86141,3.56952e+08
-9.41253,5.06828,3.56697e+08
-9.41253,5.27515,3.56704e+08
-9.41253,5.48202,3.57033e+08
-9.41253,5.68889,3.57755e+08
-9.41253,5.89576,3.58954e+08
-9.41253,6.10263,3.6073e+08
-9.41253,6.30949,3.63203e+08
-9.41253,6.51636,3.6651e+08
-9.41253,6.72323,3.70815e+08
-9.41253,6.9301,3.76306e+08
-9.41253,7.13697,3.83203e+08
-9.41253,7.34384,3.91758e+08
-9.41253,7.55071,4.02263e+08
-9.41253,7.75758,4.15052e+08
-9.41253,7.96444,4.30506e+08
-9.41253,8.17131,4.49059e+08
-9.41253,8.37818,4.71205e+08
-9.41253,8.58505,4.97502e+08
-9.41253,8.79192,5.2858e+08
-9.41253,8.99879,5.65149e+08
-9.41253,9.20566,6.08006e+08
-9.41253,9.41253,6.58042e+08
-9.41253,9.61939,7.16256e+08
-9.41253,9.82626,7.83758e+08
-9.41253,10.0331,8.61785e+08
-9.41253,10.24,9.51709e+08
-9.20566,-10.24,1.26044e+09
-9.20566,-10.0331,1.13641e+09
-9.20566,-9.82626,1.02794e+09
-9.20566,-9.61939,9.33273e+08
-9.20566,-9.41253,8.50854e+08
-9.20566,-9.20566,7.79265e+08
-9.20566,-8.99879,7.1723e+08
-9.20566,-8.79192,6.63602e+08
-9.20566,-8.58505,6.17352e+08
-9.20566,-8.37818,5.77558e+08
-9.20566,-8.17131,5.43399e+08
-9.20566,-7.96444,5.14142e+08
-9.20566,-7.75758,4.89137e+08
-9.20566,-7.55071,4.67807e+08
-9.20566,-7.34384,4.49644e+08
-9.20566,-7.13697,4.342e+08
-9.20566,-6.9301,4.21081e+08
-9.20566,-6.72323,4.09944e+08
-9.20566,-6.51636,4.00488e+08
-9.20566,-6.30949,3.92454e+08
-9.20566,-6.10263,3.85615e+08
-9.20566,-5.89576,3.79778e+08
-9.20566,-5.68889,3.74777e+08
-9.20566,-5.48202,3.70469e+08
-9.20566,-5.27515,3.66733e+08
-9.20566,-5.06828,3.63467e+08
-9.20566,-4.86141,3.60585e+08
-9.20566,-4.65455,3.58016e+08
-9.20566,-4.44768,3.55699e+08
-9.20566,-4.24081,3.53585e+08
-9.20566,-4.03394,3.51634e+08
-9.20566,-3.82707,3.49813e+08
-9.20566,-3.6202,3.48095e+08
-9.20566,-3.41333,3.46459e+08
-9.20566,-3.20646,3.44888e+08
-9.20566,-2.9996,3.43368e+08
-9.20566,-2.79273,3.41889e+08
-9.20566,-2.58586,3.40444e+08
-9.20566,-2.37899,3.39025e+08
-9.20566,-2.17212,3.37629e+08
-9.20566,-1.96525,3.36252e+08
-9.20566,-1.75838,3.3489e+08
-9.20566,-1.55152,3.33543e+08
-9.20566,-1.34465,3.32209e+08
-9.20566,-1.13778,3.30888e+08
-9.20566,-0.930909,3.29577e+08
-9.20566,-0.72404,3.28277e+08
-9.20566,-0.517172,3.26988e+08
-9.20566,-0.310303,3.25709e+08
-9.20566,-0.103434,3.2444e+08
-9.20566,0.103434,3.23181e+08
-9.20566,0.310303,3.21931e+08
-9.20566,0.517172,3.20692e+08
-9.20566,0.72404,3.19462e+08
-9.20566,0.930909,3.18243e+08
-9.20566,1.13778,3.17034e+08
-9.20566,1.34465,3.15836e+08
-9.20566,1.55152,3.14649e+08
-9.20566,1.75838,3.13474e+08
-9.20566,1.96525,3.12311e+08
-9.20566,2.17212,3.11163e+08
-9.20566,2.37899,3.10031e+08
-9.20566,2.58586,3.08917e+08
-9.20566,2.79273,3.07825e+08
-9.20566,2.9996,3.06757e+08
-9.20566,3.20646,3.05721e+08
-9.20566,3.41333,3.04721e+08
-9.20566,3.6202,3.03767e+08
-9.20566,3.82707,3.02871e+08
-9.20566,4.03394,3.02045e+08
-9.20566,4.24081,3.01308e+08
-9.20566,4.44768,3.0068e+08
-9.20566,4.65455,3.0019e+08
-9.20566,4.86141,2.99869e+08
-9.20566,5.06828,2.99759e+08
-9.20566,5.27515,2.99908e+08
-9.20566,5.48202,3.00375e+08
-9.20566,5.68889,3.0123e+08
-9.20566,5.89576,3.02558e+08
-9.20566,6.10263,3.04459e+08
-9.20566,6.30949,3.0705e+08
-9.20566,6.51636,3.10469e+08
-9.20566,6.72323,3.14879e+08
-9.20566,6.9301,3.20468e+08
-9.20566,7.13697,3.27454e+08
-9.20566,7.34384,3.36089e+08
-9.20566,7.55071,3.46664e+08
-9.20566,7.75758,3.59511e+08
-9.20566,7.96444,3.75011e+08
-9.20566,8.17131,3.93597e+08
-9.20566,8.37818,4.15762e+08
-9.20566,8.58505,4.42061e+08
-9.20566,8.79192,4.73124e+08
-9.20566,8.99879,5.09659e+08
-9.20566,9.20566,5.52461e+08
-9.20566,9.41253,6.0242e+08
-9.20566,9.61939,6.60532e+08
-9.20566,9.82626,7.27907e+08
-9.20566,10.0331,8.05778e+08
-9.20566,10.24,8.95515e+08
-8.99879,-10.24,1.19605e+09
-8.99879,-10.0331,1.07255e+09
-8.99879,-9.82626,9.64572e+08
-8.99879,-9.61939,8.70377e+08
-8.99879,-9.41253,7.88401e+08
-8.99879,-9.20566,7.1723e+08
-8.99879,-8.99879,6.55591e+08
-8.99879,-8.79192,6.02337e+08
-8.99879,-8.58505,5.56442e+08
-8.99879,-8.37818,5.16987e+08
-8.99879,-8.17131,4.8315e+08
-8.99879,-7.96444,4.542e+08
-8.99879,-7.75758,4.29489e+08
-8.99879,-7.55071,4.08441e+08
-8.99879,-7.34384,3.90548e+08
-8.99879,-7.13697,3.75364e+08
-8.99879,-6.9301,3.62496e+08
-8.99879,-6.72323,3.51602e+08
-8.99879,-6.51636,3.42381e+08
-8.99879,-6.30949,3.34574e+08
-8.99879,-6.10263,3.27957e+08
-8.99879,-5.89576,3.22336e+08
-8.99879,-5.68889,3.17546e+08
-8.99879,-5.48202,3.13444e+08
-8.99879,-5.27515,3.0991e+08
-8.99879,-5.06828,3.06842e+08
-8.99879,-4.86141,3.04155e+08
-8.99879,-4.65455,3.01778e+08
-8.99879,-4.44768,2.9965e+08
-8.99879,-4.24081,2.97723e+08
-8.99879,-4.03394,2.95956e+08
-8.99879,-3.82707,2.94317e+08
-8.99879,-3.6202,2.92779e+08
-8.99879,-3.41333,2.91322e+08
-8.99879,-3.20646,2.89928e+08
-8.99879,-2.9996,2.88583e+08
-8.99879,-2.79273,2.87279e+08
-8.99879,-2.58586,2.86007e+08
-8.99879,-2.37899,2.8476e+08
-8.99879,-2.17212,2.83534e+08
-8.99879,-1.96525,2.82326e+08
-8.99879,-1.75838,2.81133e+08
-8.99879,-1.55152,2.79954e+08
-8.99879,-1.34465,2.78787e+08
-8.99879,-1.13778,2.77631e+08
-8.99879,-0.930909,2.76485e+08
-8.99879,-0.72404,2.75349e+08
-8.99879,-0.517172,2.74223e+08
-8.99879,-0.310303,2.73106e+08
-8.99879,-0.103434,2.71998e+08
-8.99879,0.103434,2.709e+08
-8.99879,0.310303,2.6981e+08
-8.99879,0.517172,2.68729e+08
-8.99879,0.72404,2.67658e+08
-8.99879,0.930909,2.66596e+08
-8.99879,1.13778,2.65543e+08
-8.99879,1.34465,2.645e+08
-8.99879,1.55152,2.63467e+08
-8.99879,1.75838,2.62446e+08
-8.99879,1.96525,2.61436e+08
-8.99879,2.17212,2.6044e+08
-8.99879,2.37899,2.59458e+08
-8.99879,2.58586,2.58494e+08
-8.99879,2.79273,2.5755e+08
-8.99879,2.9996,2.5663e+08
-8.99879,3.20646,2.55739e+08
-8.99879,3.41333,2.54884e+08
-8.99879,3.6202,2.54073e+08
-8.99879,3.82707,2.53318e+08
-8.99879,4.03394,2.52632e+08
-8.99879,4.24081,2.52032e+08
-8.99879,4.44768,2.5154e+08
-8.99879,4.65455,2.51182e+08
-8.99879,4.86141,2.50992e+08
-8.99879,5.06828,2.51009e+08
-8.99879,5.27515,2.51282e+08
-8.99879,5.48202,2.51869e+08
-8.99879,5.68889,2.52841e+08
-8.99879,5.89576,2.54281e+08
-8.99879,6.10263,2.56288e+08
-8.99879,6.30949,2.5898e+08
-8.99879,6.51636,2.62495e+08
-8.99879,6.72323,2.66993e+08
-8.99879,6.9301,2.72663e+08
-8.99879,7.13697,2.79721e+08
-8.99879,7.34384,2.88419e+08
-8.99879,7.55071,2.99048e+08
-8.99879,7.75758,3.11937e+08
-8.99879,7.96444,3.27467e+08
-8.99879,8.17131,3.4607e+08
-8.99879,8.37818,3.68236e+08
-8.99879,8.58505,3.94522e+08
-8.99879,8.79192,4.25554e+08
-8.99879,8.99879,4.62039e+08
-8.99879,9.20566,5.0477e+08
-8.99879,9.41253,5.54637e+08
-8.99879,9.61939,6.12632e+08
-8.99879,9.82626,6.79863e+08
-8.99879,10.0331,7.57562e+08
-8.99879,10.24,8.47098e+08
-8.79192,-10.24,1.14017e+09
-8.79192,-10.0331,1.01718e+09
-8.79192,-9.82626,9.09678e+08
-8.79192,-9.61939,8.15931e+08
-8.79192,-9.41253,7.34376e+08
-8.79192,-9.20566,6.63602e+08
-8.79192,-8.99879,6.02337e+08
-8.79192,-8.79192,5.49438e+08
-8.79192,-8.58505,5.03878e+08
-8.79192,-8.37818,4.6474e+08
-8.79192,-8.17131,4.31205e+08
-8.79192,-7.96444,4.02543e+08
-8.79192,-7.75758,3.78105e+08
-8.79192,-7.55071,3.57319e+08
-8.79192,-7.34384,3.39677e+08
-8.79192,-7.13697,3.24733e+08
-8.79192,-6.9301,3.12097e+08
-8.79192,-6.72323,3.01425e+08
-8.79192,-6.51636,2.92419e+08
-8.79192,-6.30949,2.84821e+08
-8.79192,-6.10263,2.78406e+08
-8.79192,-5.89576,2.72982e+08
-8.79192,-5.68889,2.68383e+08
-8.79192,-5.48202,2.64468e+08
-8.79192,-5.27515,2.61117e+08
-8.79192,-5.06828,2.58229e+08
-8.79192,-4.86141,2.55718e+08
-8.79192,-4.65455,2.53513e+08
-8.79192,-4.44768,2.51556e+08
-8.79192,-4.24081,2.49796e+08
-8.79192,-4.03394,2.48195e+08
-8.79192,-3.82707,2.4672e+08
-8.79192,-3.6202,2.45344e+08
-8.79192,-3.41333,2.44047e+08
-8.79192,-3.20646,2.42811e+08
-8.79192,-2.9996,2.41624e+08
-8.79192,-2.79273,2.40476e+08
-8.79192,-2.58586,2.39358e+08
-8.79192,-2.37899,2.38265e+08
-8.79192,-2.17212,2.37192e+08
-8.79192,-1.96525,2.36135e+08
-8.79192,-1.75838,2.35093e+08
-8.79192,-1.55152,2.34064e+08
-8.79192,-1.34465,2.33045e+08
-8.79192,-1.13778,2.32037e+08
-8.79192,-0.930909,2.31039e+08
-8.79192,-0.72404,2.30049e+08
-8.79192,-0.517172,2.29068e+08
-8.79192,-0.310303,2.28096e+08
-8.79192,-0.103434,2.27132e+08
-8.79192,0.103434,2.26177e+08
-8.79192,0.310303,2.25229e+08
-8.79192,0.517172,2.2429e+08
-8.79192,0.72404,2.23359e+08
-8.79192,0.930909,2.22437e+08
-8.79192,1.13778,2.21523e+08
-8.79192,1.34465,2.20619e+08
-8.79192,1.55152,2.19724e+08
-8.79192,1.75838,2.18839e+08
-8.79192,1.96525,2.17965e+08
-8.79192,2.17212,2.17103e+08
-8.79192,2.37899,2.16255e+08
-8.79192,2.58586,2.15424e+08
-8.79192,2.79273,2.14611e+08
-8.79192,2.9996,2.13822e+08
-8.79192,3.20646,2.1306e+08
-8.79192,3.41333,2.12333e+08
-8.79192,3.6202,2.11649e+08
-8.79192,3.82707,2.11019e+08
-8.79192,4.03394,2.10456e+08
-8.79192,4.24081,2.09978e+08
-8.79192,4.44768,2.09605e+08
-8.79192,4.65455,2.09364e+08
-8.79192,4.86141,2.09288e+08
-8.79192,5.06828,2.09417e+08
-8.79192,5.27515,2.09797e+08
-8.79192,5.48202,2.10489e+08
-8.79192,5.68889,2.11561e+08
-8.79192,5.89576,2.13097e+08
-8.79192,6.10263,2.15196e+08
-8.79192,6.30949,2.17974e+08
-8.79192,6.51636,2.21568e+08
-8.79192,6.72323,2.26139e+08
-8.79192,6.9301,2.31874e+08
-8.79192,7.13697,2.3899e+08
-8.79192,7.34384,2.47736e+08
-8.79192,7.55071,2.58402e+08
-8.79192,7.75758,2.71319e+08
-8.79192,7.96444,2.86864e+08
-8.79192,8.17131,3.05469e+08
-8.79192,8.37818,3.27623e+08
-8.79192,8.58505,3.5388e+08
-8.79192,8.79192,3.84867e+08
-8.79192,8.99879,4.21287e+08
-8.79192,9.20566,4.63934e+08
-8.79192,9.41253,5.13694e+08
-8.79192,9.61939,5.71558e+08
-8.79192,9.82626,6.38632e+08
-8.79192,10.0331,7.16146e+08
-8.79192,10.24,8.05465e+08
-8.58505,-10.24,1.09177e+09
-8.58505,-10.0331,9.69267e+08
-8.58505,-9.82626,8.6222e+08
-8.58505,-9.61939,7.689e+08
-8.58505,-9.41253,6.87748e+08
-8.58505,-9.20566,6.17352e+08
-8.58505,-8.99879,5.56442e+08
-8.58505,-8.79192,5.03878e+08
-8.58505,-8.58505,4.58635e+08
-8.58505,-8.37818,4.19796e+08
-8.58505,-8.17131,3.86544e+08
-8.58505,-7.96444,3.5815e+08
-8.58505,-7.75758,3.33968e+08
-8.58505,-7.55071,3.13425e+08
-8.58505,-7.34384,2.96015e+08
-8.58505,-7.13697,2.81294e+08
-8.58505,-6.9301,2.6887e+08
-8.58505,-6.72323,2.58403e+08
-8.58505,-6.51636,2.49595e+08
-8.58505,-6.30949,2.42188e+08
-8.58505,-6.10263,2.35958e+08
-8.58505,-5.89576,2.30712e+08
-8.58505,-5.68889,2.26287e+08
-8.58505,-5.48202,2.22542e+08
-8.58505,-5.27515,2.19357e+08
-8.58505,-5.06828,2.1663e+08
-8.58505,-4.86141,2.14278e+08
-8.58505,-4.65455,2.12229e+08
-8.58505,-4.44768,2.10424e+08
-8.58505,-4.24081,2.08816e+08
-8.58505,-4.03394,2.07363e+08
-8.58505,-3.82707,2.06035e+08
-8.58505,-3.6202,2.04804e+08
-8.58505,-3.41333,2.0365e+08
-8.58505,-3.20646,2.02556e+08
-8.58505,-2.9996,2.0151e+08
-8.58505,-2.79273,2.00501e+08
-8.58505,-2.58586,1.99521e+08
-8.58505,-2.37899,1.98565e+08
-8.58505,-2.17212,1.97628e+08
-8.58505,-1.96525,1.96707e+08
-8.58505,-1.75838,1.95799e+08
-8.58505,-1.55152,1.94903e+08
-8.58505,-1.34465,1.94017e+08
-8.58505,-1.13778,1.93141e+08
-8.58505,-0.930909,1.92273e+08
-8.58505,-0.72404,1.91414e+08
-8.58505,-0.517172,1.90562e+08
-8.58505,-0.310303,1.89719e+08
-8.58505,-0.103434,1.88883e+08
-8.58505,0.103434,1.88054e+08
-8.58505,0.310303,1.87234e+08
-8.58505,0.517172,1.8642e+08
-8.58505,0.72404,1.85615e+08
-8.58505,0.930909,1.84816e+08
-8.58505,1.13778,1.84026e+08
-8.58505,1.34465,1.83244e+08
-8.58505,1.55152,1.82471e+08
-8.58505,1.75838,1.81707e+08
-8.58505,1.96525,1.80954e+08
-8.58505,2.17212,1.80212e+08
-8.58505,2.37899,1.79482e+08
-8.58505,2.58586,1.78768e+08
-8.58505,2.79273,1.78073e+08
-8.58505,2.9996,1.77398e+08
-8.58505,3.20646,1.76751e+08
-8.58505,3.41333,1.76137e+08
-8.58505,3.6202,1.75565e+08
-8.58505,3.82707,1.75045e+08
-8.58505,4.03394,1.7459e+08
-8.58505,4.24081,1.74218e+08
-8.58505,4.44768,1.7395e+08
-8.58505,4.65455,1.73811e+08
-8.58505,4.86141,1.73835e+08
-8.58505,5.06828,1.7406e+08
-8.58505,5.27515,1.74535e+08
-8.58505,5.48202,1.75317e+08
-8.58505,5.68889,1.76475e+08
-8.58505,5.89576,1.78093e+08
-8.58505,6.10263,1.80269e+08
-8.58505,6.30949,1.83118e+08
-8.58505,6.51636,1.86778e+08
-8.58505,6.72323,1.91408e+08
-8.58505,6.9301,1.97195e+08
-8.58505,7.13697,2.04354e+08
-8.58505,7.34384,2.13135e+08
-8.58505,7.55071,2.23826e+08
-8.58505,7.75758,2.36756e+08
-8.58505,7.96444,2.52303e+08
-8.58505,8.17131,2.70897e+08
-8.58505,8.37818,2.93025e+08
-8.58505,8.58505,3.19241e+08
-8.58505,8.79192,3.50169e+08
-8.58505,8.99879,3.86512e+08
-8.58505,9.20566,4.29061e+08
-8.58505,9.41253,4.78701e+08
-8.58505,9.61939,5.36422e+08
-8.58505,9.82626,6.03326e+08
-8.58505,10.0331,6.80643e+08
-8.58505,10.24,7.69734e+08
-8.37818,-10.24,1.04991e+09
-8.37818,-10.0331,9.2788e+08
-8.37818,-9.82626,8.21271e+08
-8.37818,-9.61939,7.28362e+08
-8.37818,-9.41253,6.47594e+08
-8.37818,-9.20566,5.77558e+08
-8.37818,-8.99879,5.16987e+08
-8.37818,-8.79192,4.6474e+08
-8.37818,-8.58505,4.19796e+08
-8.37818,-8.37818,3.81239e+08
-8.37818,-8.17131,3.48253e+08
-8.37818,-7.96444,3.20111e+08
-8.37818,-7.75758,2.96168e+08
-8.37818,-7.55071,2.75851e+08
-8.37818,-7.34384,2.58657e+08
-8.37818,-7.13697,2.44141e+08
-8.37818,-6.9301,2.31914e+08
-8.37818,-6.72323,2.21635e+08
-8.37818,-6.51636,2.13008e+08
-8.37818,-6.30949,2.05775e+08
-8.37818,-6.10263,1.99713e+08
-8.37818,-5.89576,1.94631e+08
-8.37818,-5.68889,1.90364e+08
-8.37818,-5.48202,1.86772e+08
-8.37818,-5.27515,1.83736e+08
-8.37818,-5.06828,1.81156e+08
-8.37818,-4.86141,1.78946e+08
-8.37818,-4.65455,1.77037e+08
-8.37818,-4.44768,1.7537e+08
-8.37818,-4.24081,1.73897e+08
-8.37818,-4.03394,1.72578e+08
-8.37818,-3.82707,1.7138e+08
-8.37818,-3.6202,1.70279e+08
-8.37818,-3.41333,1.69253e+08
-8.37818,-3.20646,1.68286e+08
-8.37818,-2.9996,1.67365e+08
-8.37818,-2.79273,1.6648e+08
-8.37818,-2.58586,1.65623e+08
-8.37818,-2.37899,1.64789e+08
-8.37818,-2.17212,1.63973e+08
-8.37818,-1.96525,1.63173e+08
-8.37818,-1.75838,1.62384e+08
-8.37818,-1.55152,1.61606e+08
-8.37818,-1.34465,1.60838e+08
-8.37818,-1.13778,1.60079e+08
-8.37818,-0.930909,1.59328e+08
-8.37818,-0.72404,1.58584e+08
-8.37818,-0.517172,1.57847e+08
-8.37818,-0.310303,1.57118e+08
-8.37818,-0.103434,1.56395e+08
-8.37818,0.103434,1.5568e+08
-8.37818,0.310303,1.54971e+08
-8.37818,0.517172,1.54269e+08
-8.37818,0.72404,1.53574e+08
-8.37818,0.930909,1.52886e+08
-8.37818,1.13778,1.52205e+08
-8.37818,1.34465,1.51532e+08
-8.37818,1.55152,1.50867e+08
-8.37818,1.75838,1.5021e+08
-8.37818,1.96525,1.49563e+08
-8.37818,2.17212,1.48926e+08
-8.37818,2.37899,1.48301e+08
-8.37818,2.58586,1.47691e+08
-8.37818,2.79273,1.47098e+08
-8.37818,2.9996,1.46526e+08
-8.37818,3.20646,1.45979e+08
-8.37818,3.41333,1.45465e+08
-8.37818,3.6202,1.4499e+08
-8.37818,3.82707,1.44567e+08
-8.37818,4.03394,1.44207e+08
-8.37818,4.24081,1.43928e+08
-8.37818,4.44768,1.43751e+08
-8.37818,4.65455,1.43702e+08
-8.37818,4.86141,1.43812e+08
-8.37818,5.06828,1.44121e+08
-8.37818,5.27515,1.44676e+08
-8.37818,5.48202,1.45535e+08
-8.37818,5.68889,1.46767e+08
-8.37818,5.89576,1.48454e+08
-8.37818,6.10263,1.50694e+08
-8.37818,6.30949,1.53602e+08
-8.37818,6.51636,1.57315e+08
-8.37818,6.72323,1.61992e+08
-8.37818,6.9301,1.67817e+08
-8.37818,7.13697,1.75008e+08
-8.37818,7.34384,1.83811e+08
-8.37818,7.55071,1.94514e+08
-8.37818,7.75758,2.07446e+08
-8.37818,7.96444,2.22983e+08
-8.37818,8.17131,2.41553e+08
-8.37818,8.37818,2.63644e+08
-8.37818,8.58505,2.89806e+08
-8.37818,8.79192,3.20664e+08
-8.37818,8.99879,3.56919e+08
-8.37818,9.20566,3.99359e+08
-8.37818,9.41253,4.48868e+08
-8.37818,9.61939,5.06434e+08
-8.37818,9.82626,5.73158e+08
-8.37818,10.0331,6.50265e+08
-8.37818,10.24,7.39118e+08
-8.17131,-10.24,1.01377e+09
-8.17131,-10.0331,8.92192e+08
-8.17131,-9.82626,7.86006e+08
-8.17131,-9.61939,6.93491e+08
-8.17131,-9.41253,6.1309e+08
-8.17131,-9.20566,5.43399e+08
-8.17131,-8.99879,4.8315e+08
-8.17131,-8.79192,4.31205e+08
-8.17131,-8.58505,3.86544e+08
-8.17131,-8.37818,3.48253e+08
-8.17131,-8.17131,3.15518e+08
-8.17131,-7.96444,2.87612e+08
-8.17131,-7.75758,2.63891e+08
-8.17131,-7.55071,2.43786e+08
-8.17131,-7.34384,2.26792e+08
-8.17131,-7.13697,2.12466e+08
-8.17131,-6.9301,2.00421e+08
-8.17131,-6.72323,1.90316e+08
-8.17131,-6.51636,1.81854e+08
-8.17131,-6.30949,1.74781e+08
-8.17131,-6.10263,1.68872e+08
-8.17131,-5.89576,1.63938e+08
-8.17131,-5.68889,1.59814e+08
-8.17131,-5.48202,1.56362e+08
-8.17131,-5.27515,1.53461e+08
-8.17131,-5.06828,1.51012e+08
-8.17131,-4.86141,1.48931e+08
-8.17131,-4.65455,1.47148e+08
-8.17131,-4.44768,1.45604e+08
-8.17131,-4.24081,1.44251e+08
-8.17131,-4.03394,1.43051e+08
-8.17131,-3.82707,1.41971e+08
-8.17131,-3.6202,1.40985e+08
-8.17131,-3.41333,1.40073e+08
-8.17131,-3.20646,1.39219e+08
-8.17131,-2.9996,1.38409e+08
-8.17131,-2.79273,1.37634e+08
-8.17131,-2.58586,1.36887e+08
-8.17131,-2.37899,1.36162e+08
-8.17131,-2.17212,1.35453e+08
-8.17131,-1.96525,1.34759e+08
-8.17131,-1.75838,1.34076e+08
-8.17131,-1.55152,1.33404e+08
-8.17131,-1.34465,1.3274e+08
-8.17131,-1.13778,1.32084e+08
-8.17131,-0.930909,1.31436e+08
-8.17131,-0.72404,1.30794e+08
-8.17131,-0.517172,1.30159e+08
-8.17131,-0.310303,1.29531e+08
-8.17131,-0.103434,1.28909e+08
-8.17131,0.103434,1.28293e+08
-8.17131,0.310303,1.27683e+08
-8.17131,0.517172,1.27079e+08
-8.17131,0.72404,1.26482e+08
-8.17131,0.930909,1.25891e+08
-8.17131,1.13778,1.25307e+08
-8.17131,1.34465,1.24729e+08
-8.17131,1.55152,1.24159e+08
-8.17131,1.75838,1.23597e+08
-8.17131,1.96525,1.23043e+08
-8.17131,2.17212,1.22499e+08
-8.17131,2.37899,1.21967e+08
-8.17131,2.58586,1.21448e+08
-8.17131,2.79273,1.20945e+08
-8.17131,2.9996,1.20462e+08
-8.17131,3.20646,1.20004e+08
-8.17131,3.41333,1.19577e+08
-8.17131,3.6202,1.19188e+08
-8.17131,3.82707,1.18849e+08
-8.17131,4.03394,1.18572e+08
-8.17131,4.24081,1.18375e+08
-8.17131,4.44768,1.18277e+08
-8.17131,4.65455,1.18304e+08
-8.17131,4.86141,1.18489e+08
-8.17131,5.06828,1.1887e+08
-8.17131,5.27515,1.19494e+08
-8.17131,5.48202,1.20419e+08
-8.17131,5.68889,1.21712e+08
-8.17131,5.89576,1.23457e+08
-8.17131,6.10263,1.25749e+08
-8.17131,6.30949,1.28705e+08
-8.17131,6.51636,1.3246e+08
-8.17131,6.72323,1.37172e+08
-8.17131,6.9301,1.43025e+08
-8.17131,7.13697,1.50235e+08
-8.17131,7.34384,1.5905e+08
-8.17131,7.55071,1.69755e+08
-8.17131,7.75758,1.82678e+08
-8.17131,7.96444,1.98193e+08
-8.17131,8.17131,2.16729e+08
-8.17131,8.37818,2.38772e+08
-8.17131,8.58505,2.64871e+08
-8.17131,8.79192,2.95648e+08
-8.17131,8.99879,3.31804e+08
-8.17131,9.20566,3.74124e+08
-8.17131,9.41253,4.23492e+08
-8.17131,9.61939,4.80893e+08
-8.17131,9.82626,5.47427e+08
-8.17131,10.0331,6.24316e+08
-8.17131,10.24,7.1292e+08
-7.96444,-10.24,9.8261e+08
-7.96444,-10.0331,8.61467e+08
-7.96444,-9.82626,7.55687e+08
-7.96444,-9.61939,6.63552e+08
-7.96444,-9.41253,5.83504e+08
-7.96444,-9.20566,5.14142e+08
-7.96444,-8.99879,4.542e+08
-7.96444,-8.79192,4.02543e+08
-7.96444,-8.58505,3.5815e+08
-7.96444,-8.37818,3.20111e+08
-7.96444,-8.17131,2.87612e+08
-7.96444,-7.96444,2.59928e+08
-7.96444,-7.75758,2.36416e+08
-7.96444,-7.55071,2.16508e+08
-7.96444,-7.34384,1.997e+08
-7.96444,-7.13697,1.85551e+08
-7.96444,-6.9301,1.73673e+08
-7.96444,-6.72323,1.63728e+08
-7.96444,-6.51636,1.55419e+08
-7.96444,-6.30949,1.48491e+08
-7.96444,-6.10263,1.42722e+08
-7.96444,-5.89576,1.37923e+08
-7.96444,-5.68889,1.33929e+08
-7.96444,-5.48202,1.30602e+08
-7.96444,-5.27515,1.27823e+08
-7.96444,-5.06828,1.25493e+08
-7.96444,-4.86141,1.23527e+08
-7.96444,-4.65455,1.21857e+08
-7.96444,-4.44768,1.20423e+08
-7.96444,-4.24081,1.19179e+08
-7.96444,-4.03394,1.18084e+08
-7.96444,-3.82707,1.17108e+08
-7.96444,-3.6202,1.16225e+08
-7.96444,-3.41333,1.15415e+08
-7.96444,-3.20646,1.1466e+08
-7.96444,-2.9996,1.1395e+08
-7.96444,-2.79273,1.13273e+08
-7.96444,-2.58586,1.12623e+08
-7.96444,-2.37899,1.11993e+08
-7.96444,-2.17212,1.1138e+08
-7.96444,-1.96525,1.1078e+08
-7.96444,-1.75838,1.10191e+08
-7.96444,-1.55152,1.09611e+08
-7.96444,-1.34465,1.09039e+08
-7.96444,-1.13778,1.08475e+08
-7.96444,-0.930909,1.07917e+08
-7.96444,-0.72404,1.07366e+08
-7.96444,-0.517172,1.06821e+08
-7.96444,-0.310303,1.06281e+08
-7.96444,-0.103434,1.05748e+08
-7.96444,0.103434,1.0522e+08
-7.96444,0.310303,1.04697e+08
-7.96444,0.517172,1.0418e+08
-7.96444,0.72404,1.03669e+08
-7.96444,0.930909,1.03163e+08
-7.96444,1.13778,1.02664e+08
-7.96444,1.34465,1.02171e+08
-7.96444,1.55152,1.01684e+08
-7.96444,1.75838,1.01205e+08
-7.96444,1.96525,1.00733e+08
-7.96444,2.17212,1.00271e+08
-7.96444,2.37899,9.98193e+07
-7.96444,2.58586,9.93802e+07
-7.96444,2.79273,9.89566e+07
-7.96444,2.9996,9.85518e+07
-7.96444,3.20646,9.81706e+07
-7.96444,3.41333,9.78193e+07
-7.96444,3.6202,9.75056e+07
-7.96444,3.82707,9.724e+07
-7.96444,4.03394,9.70353e+07
-7.96444,4.24081,9.69079e+07
-7.96444,4.44768,9.68784e+07
-7.96444,4.65455,9.69723e+07
-7.96444,4.86141,9.72211e+07
-7.96444,5.06828,9.76632e+07
-7.96444,5.27515,9.83457e+07
-7.96444,5.48202,9.93253e+07
-7.96444,5.68889,1.0067e+08
-7.96444,5.89576,1.02462e+08
-7.96444,6.10263,1.04797e+08
-7.96444,6.30949,1.0779e+08
-7.96444,6.51636,1.11576e+08
-7.96444,6.72323,1.16313e+08
-7.96444,6.9301,1.22184e+08
-7.96444,7.13697,1.29405e+08
-7.96444,7.34384,1.3822e+08
-7.96444,7.55071,1.48917e+08
-7.96444,7.75758,1.61821e+08
-7.96444,7.96444,1.77306e+08
-7.96444,8.17131,1.95798e+08
-7.96444,8.37818,2.17783e+08
-7.96444,8.58505,2.43809e+08
-7.96444,8.79192,2.74496e+08
-7.96444,8.99879,3.10544e+08
-7.96444,9.20566,3.52736e+08
-7.96444,9.41253,4.01954e+08
-7.96444,9.61939,4.59181e+08
-7.96444,9.82626,5.25515e+08
-7.96444,10.0331,6.02178e+08
-7.96444,10.24,6.90524e+08
-7.75758,-10.24,9.55768e+08
-7.75758,-10.0331,8.35049e+08
-7.75758,-9.82626,7.29662e+08
-7.75758,-9.61939,6.37891e+08
-7.75758,-9.41253,5.58183e+08
-7.75758,-9.20566,4.89137e+08
-7.75758,-8.99879,4.29489e+08
-7.75758,-8.79192,3.78105e+08
-7.75758,-8.58505,3.33968e+08
-7.75758,-8.37818,2.96168e+08
-7.75758,-8.17131,2.63891e+08
-7.75758,-7.96444,2.36416e+08
-7.75758,-7.75758,2.131e+08
-7.75758,-7.55071,1.93376e+08
-7.75758,-7.34384,1.76742e+08
-7.75758,-7.13697,1.62757e+08
-7.75758,-6.9301,1.51034e+08
-7.75758,-6.72323,1.41236e+08
-7.75758,-6.51636,1.33067e+08
-7.75758,-6.30949,1.26273e+08
-7.75758,-6.10263,1.20632e+08
-7.75758,-5.89576,1.15955e+08
-7.75758,-5.68889,1.12079e+08
-7.75758,-5.48202,1.08865e+08
-7.75758,-5.27515,1.06196e+08
-7.75758,-5.06828,1.03972e+08
-7.75758,-4.86141,1.0211e+08
-7.75758,-4.65455,1.00541e+08
-7.75758,-4.44768,9.92055e+07
-7.75758,-4.24081,9.80574e+07
-7.75758,-4.03394,9.70575e+07
-7.75758,-3.82707,9.61743e+07
-7.75758,-3.6202,9.53825e+07
-7.75758,-3.41333,9.46617e+07
-7.75758,-3.20646,9.3996e+07
-7.75758,-2.9996,9.33729e+07
-7.75758,-2.79273,9.27826e+07
-7.75758,-2.58586,9.22178e+07
-7.75758,-2.37899,9.16728e+07
-7.75758,-2.17212,9.11435e+07
-7.75758,-1.96525,9.06266e+07
-7.75758,-1.75838,9.012e+07
-7.75758,-1.55152,8.96221e+07
-7.75758,-1.34465,8.91317e+07
-7.75758,-1.13778,8.86479e+07
-7.75758,-0.930909,8.81703e+07
-7.75758,-0.72404,8.76983e+07
-7.75758,-0.517172,8.72319e+07
-7.75758,-0.310303,8.67707e+07
-7.75758,-0.103434,8.63147e+07
-7.75758,0.103434,8.58637e+07
-7.75758,0.310303,8.54178e+07
-7.75758,0.517172,8.49769e+07
-7.75758,0.72404,8.45411e+07
-7.75758,0.930909,8.41106e+07
-7.75758,1.13778,8.36854e+07
-7.75758,1.34465,8.32659e+07
-7.75758,1.55152,8.28525e+07
-7.75758,1.75838,8.24457e+07
-7.75758,1.96525,8.20462e+07
-7.75758,2.17212,8.16552e+07
-7.75758,2.37899,8.12742e+07
-7.75758,2.58586,8.0905e+07
-7.75758,2.79273,8.05503e+07
-7.75758,2.9996,8.02136e+07
-7.75758,3.20646,7.98996e+07
-7.75758,3.41333,7.96143e+07
-7.75758,3.6202,7.93656e+07
-7.75758,3.82707,7.91635e+07
-7.75758,4.03394,7.90209e+07
-7.75758,4.24081,7.89541e+07
-7.75758,4.44768,7.89833e+07
-7.75758,4.65455,7.91338e+07
-7.75758,4.86141,7.94369e+07
-7.75758,5.06828,7.99309e+07
-7.75758,5.27515,8.06622e+07
-7.75758,5.48202,8.16874e+07
-7.75758,5.68889,8.30741e+07
-7.75758,5.89576,8.49034e+07
-7.75758,6.10263,8.72717e+07
-7.75758,6.30949,9.02931e+07
-7.75758,6.51636,9.41016e+07
-7.75758,6.72323,9.88544e+07
-7.75758,6.9301,1.04735e+08
-7.75758,7.13697,1.11956e+08
-7.75758,7.34384,1.20765e+08
-7.75758,7.55071,1.31444e+08
-7.75758,7.75758,1.4432e+08
-7.75758,7.96444,1.59766e+08
-7.75758,8.17131,1.78207e+08
-7.75758,8.37818,2.00126e+08
-7.75758,8.58505,2.2607e+08
-7.75758,8.79192,2.56659e+08
-7.75758,8.99879,2.9259e+08
-7.75758,9.20566,3.34647e+08
-7.75758,9.41253,3.83707e+08
-7.75758,9.61939,4.40752e+08
-7.75758,9.82626,5.06879e+08
-7.75758,10.0331,5.83307e+08
-7.75758,10.24,6.71389e+08
-7.55071,-10.24,9.32665e+08
-7.55071,-10.0331,8.12356e+08
-7.55071,-9.82626,7.07349e+08
-7.55071,-9.61939,6.15931e+08
-7.55071,-9.41253,5.3655e+08
-7.55071,-9.20566,4.67807e+08
-7.55071,-8.99879,4.08441e+08
-7.55071,-8.79192,3.57319e+08
-7.55071,-8.58505,3.13425e+08
-7.55071,-8.37818,2.75851e+08
-7.55071,-8.17131,2.43786e+08
-7.55071,-7.96444,2.16508e+08
-7.55071,-7.75758,1.93376e+08
-7.55071,-7.55071,1.73824e+08
-7.55071,-7.34384,1.57352e+08
-7.55071,-7.13697,1.4352e+08
-7.55071,-6.9301,1.31941e+08
-7.55071,-6.72323,1.22278e+08
-7.55071,-6.51636,1.14238e+08
-7.55071,-6.30949,1.07566e+08
-7.55071,-6.10263,1.02042e+08
-7.55071,-5.89576,9.7476e+07
-7.55071,-5.68889,9.37069e+07
-7.55071,-5.48202,9.05959e+07
-7.55071,-5.27515,8.80258e+07
-7.55071,-5.06828,8.58976e+07
-7.55071,-4.86141,8.41283e+07
-7.55071,-4.65455,8.26487e+07
-7.55071,-4.44768,8.14014e+07
-7.55071,-4.24081,8.0339e+07
-7.55071,-4.03394,7.94231e+07
-7.55071,-3.82707,7.86221e+07
-7.55071,-3.6202,7.79111e+07
-7.55071,-3.41333,7.72698e+07
-7.55071,-3.20646,7.66824e+07
-7.55071,-2.9996,7.61365e+07
-7.55071,-2.79273,7.56225e+07
-7.55071,-2.58586,7.51331e+07
-7.55071,-2.37899,7.46626e+07
-7.55071,-2.17212,7.42071e+07
-7.55071,-1.96525,7.37633e+07
-7.55071,-1.75838,7.33292e+07
-7.55071,-1.55152,7.29031e+07
-7.55071,-1.34465,7.24839e+07
-7.55071,-1.13778,7.20708e+07
-7.55071,-0.930909,7.16633e+07
-7.55071,-0.72404,7.1261e+07
-7.55071,-0.517172,7.08635e+07
-7.55071,-0.310303,7.04709e+07
-7.55071,-0.103434,7.00828e+07
-7.55071,0.103434,6.96994e+07
-7.55071,0.310303,6.93205e+07
-7.55071,0.517172,6.89461e+07
-7.55071,0.72404,6.85763e+07
-7.55071,0.930909,6.82112e+07
-7.55071,1.13778,6.7851e+07
-7.55071,1.34465,6.74959e+07
-7.55071,1.55152,6.71463e+07
-7.55071,1.75838,6.68028e+07
-7.55071,1.96525,6.64661e+07
-7.55071,2.17212,6.61371e+07
-7.55071,2.37899,6.58175e+07
-7.55071,2.58586,6.5509e+07
-7.55071,2.79273,6.52142e+07
-7.55071,2.9996,6.49366e+07
-7.55071,3.20646,6.46808e+07
-7.55071,3.41333,6.44526e+07
-7.55071,3.6202,6.42599e+07
-7.55071,3.82707,6.41126e+07
-7.55071,4.03394,6.40234e+07
-7.55071,4.24081,6.40083e+07
-7.55071,4.44768,6.40876e+07
-7.55071,4.65455,6.42861e+07
-7.55071,4.86141,6.4635e+07
-7.55071,5.06828,6.51722e+07
-7.55071,5.27515,6.59439e+07
-7.55071,5.48202,6.70062e+07
-7.55071,5.68889,6.84265e+07
-7.55071,5.89576,7.02854e+07
-7.55071,6.10263,7.26788e+07
-7.55071,6.30949,7.57201e+07
-7.55071,6.51636,7.95429e+07
-7.55071,6.72323,8.43038e+07
-7.55071,6.9301,9.01855e+07
-7.55071,7.13697,9.74002e+07
-7.55071,7.34384,1.06193e+08
-7.55071,7.55071,1.16848e+08
-7.55071,7.75758,1.29689e+08
-7.55071,7.96444,1.45088e+08
-7.55071,8.17131,1.63469e+08
-7.55071,8.37818,1.85314e+08
-7.55071,8.58505,2.1117e+08
-7.55071,8.79192,2.41654e+08
-7.55071,8.99879,2.77462e+08
-7.55071,9.20566,3.19375e+08
-7.55071,9.41253,3.6827e+08
-7.55071,9.61939,4.25127e+08
-7.55071,9.82626,4.9104e+08
-7.55071,10.0331,5.67226e+08
-7.55071,10.24,6.55037e+08
-7.34384,-10.24,9.12787e+08
-7.34384,-10.0331,7.92876e+08
-7.34384,-9.82626,6.88238e+08
-7.34384,-9.61939,5.97161e+08
-7.34384,-9.41253,5.18095e+08
-7.34384,-9.20566,4.49644e+08
-7.34384,-8.99879,3.90548e+08
-7.34384,-8.79192,3.39677e+08
-7.34384,-8.58505,2.96015e+08
-7.34384,-8.37818,2.58657e+08
-7.34384,-8.17131,2.26792e+08
-7.34384,-7.96444,1.997e+08
-7.34384,-7.75758,1.76742e+08
-7.34384,-7.55071,1.57352e+08
-7.34384,-7.34384,1.41032e+08
-7.34384,-7.13697,1.27341e+08
-7.34384,-6.9301,1.15895e+08
-7.34384,-6.72323,1.06358e+08
-7.34384,-6.51636,9.84364e+07
-7.34384,-6.30949,9.18765e+07
-7.34384,-6.10263,8.64588e+07
-7.34384,-5.89576,8.19945e+07
-7.34384,-5.68889,7.83222e+07
-7.34384,-5.48202,7.5304e+07
-7.34384,-5.27515,7.2823e+07
-7.34384,-5.06828,7.07807e+07
-7.34384,-4.86141,6.90945e+07
-7.34384,-4.65455,6.76953e+07
-7.34384,-4.44768,6.65262e+07
-7.34384,-4.24081,6.554e+07
-7.34384,-4.03394,6.46984e+07
-7.34384,-3.82707,6.39703e+07
-7.34384,-3.6202,6.33306e+07
-7.34384,-3.41333,6.27595e+07
-7.34384,-3.20646,6.2241e+07
-7.34384,-2.9996,6.17631e+07
-7.34384,-2.79273,6.13162e+07
-7.34384,-2.58586,6.08929e+07
-7.34384,-2.37899,6.04879e+07
-7.34384,-2.17212,6.00971e+07
-7.34384,-1.96525,5.97174e+07
-7.34384,-1.75838,5.93468e+07
-7.34384,-1.55152,5.89835e+07
-7.34384,-1.34465,5.86267e+07
-7.34384,-1.13778,5.82754e+07
-7.34384,-0.930909,5.79291e+07
-7.34384,-0.72404,5.75875e+07
-7.34384,-0.517172,5.72504e+07
-7.34384,-0.310303,5.69176e+07
-7.34384,-0.103434,5.65889e+07
-7.34384,0.103434,5.62643e+07
-7.34384,0.310303,5.59437e+07
-7.34384,0.517172,5.56273e+07
-7.34384,0.72404,5.5315e+07
-7.34384,0.930909,5.50069e+07
-7.34384,1.13778,5.47031e+07
-7.34384,1.34465,5.44041e+07
-7.34384,1.55152,5.411e+07
-7.34384,1.75838,5.38214e+07
-7.34384,1.96525,5.35391e+07
-7.34384,2.17212,5.3264e+07
-7.34384,2.37899,5.29975e+07
-7.34384,2.58586,5.27416e+07
-7.34384,2.79273,5.24986e+07
-7.34384,2.9996,5.2272e+07
-7.34384,3.20646,5.20663e+07
-7.34384,3.41333,5.18874e+07
-7.34384,3.6202,5.17427e+07
-7.34384,3.82707,5.16423e+07
-7.34384,4.03394,5.15986e+07
-7.34384,4.24081,5.16276e+07
-7.34384,4.44768,5.17491e+07
-7.34384,4.65455,5.19879e+07
-7.34384,4.86141,5.23749e+07
-7.34384,5.06828,5.29478e+07
-7.34384,5.27515,5.37524e+07
-7.34384,5.48202,5.48444e+07
-7.34384,5.68889,5.62909e+07
-7.34384,5.89576,5.8172e+07
-7.34384,6.10263,6.05831e+07
-7.34384,6.30949,6.36371e+07
-7.34384,6.51636,6.74671e+07
-7.34384,6.72323,7.2229e+07
-7.34384,6.9301,7.81047e+07
-7.34384,7.13697,8.53057e+07
-7.34384,7.34384,9.40766e+07
-7.34384,7.55071,1.047e+08
-7.34384,7.75758,1.17498e+08
-7.34384,7.96444,1.32844e+08
-7.34384,8.17131,1.51159e+08
-7.34384,8.37818,1.72925e+08
-7.34384,8.58505,1.98686e+08
-7.34384,8.79192,2.29058e+08
-7.34384,8.99879,2.64735e+08
-7.34384,9.20566,3.06499e+08
-7.34384,9.41253,3.55223e+08
-7.34384,9.61939,4.11886e+08
-7.34384,9.82626,4.77579e+08
-7.34384,10.0331,5.53518e+08
-7.34384,10.24,6.41052e+08
-7.13697,-10.24,8.95679e+08
-7.13697,-10.0331,7.76156e+08
-7.13697,-9.82626,6.71876e+08
-7.13697,-9.61939,5.81129e+08
-7.13697,-9.41253,5.02369e+08
-7.13697,-9.20566,4.342e+08
-7.13697,-8.99879,3.75364e+08
-7.13697,-8.79192,3.24733e+08
-7.13697,-8.58505,2.81294e+08
-7.13697,-8.37818,2.44141e+08
-7.13697,-8.17131,2.12466e+08
-7.13697,-7.96444,1.85551e+08
-7.13697,-7.75758,1.62757e+08
-7.13697,-7.55071,1.4352e+08
-7.13697,-7.34384,1.27341e+08
-7.13697,-7.13697,1.13783e+08
-7.13697,-6.9301,1.02461e+08
-7.13697,-6.72323,9.30398e+07
-7.13697,-6.51636,8.52274e+07
-7.13697,-6.30949,7.87704e+07
-7.13697,-6.10263,7.34501e+07
-7.13697,-5.89576,6.90782e+07
-7.13697,-5.68889,6.54937e+07
-7.13697,-5.48202,6.25592e+07
-7.13697,-5.27515,6.01585e+07
-7.13697,-5.06828,5.81933e+07
-7.13697,-4.86141,5.65813e+07
-7.13697,-4.65455,5.52539e+07
-7.13697,-4.44768,5.41543e+07
-7.13697,-4.24081,5.32357e+07
-7.13697,-4.03394,5.246e+07
-7.13697,-3.82707,5.17961e+07
-7.13697,-3.6202,5.12194e+07
-7.13697,-3.41333,5.07099e+07
-7.13697,-3.20646,5.02521e+07
-7.13697,-2.9996,4.98338e+07
-7.13697,-2.79273,4.94456e+07
-7.13697,-2.58586,4.90803e+07
-7.13697,-2.37899,4.87326e+07
-7.13697,-2.17212,4.83983e+07
-7.13697,-1.96525,4.80746e+07
-7.13697,-1.75838,4.77593e+07
-7.13697,-1.55152,4.74509e+07
-7.13697,-1.34465,4.71484e+07
-7.13697,-1.13778,4.68509e+07
-7.13697,-0.930909,4.6558e+07
-7.13697,-0.72404,4.62693e+07
-7.13697,-0.517172,4.59847e+07
-7.13697,-0.310303,4.57038e+07
-7.13697,-0.103434,4.54267e+07
-7.13697,0.103434,4.51532e+07
-7.13697,0.310303,4.48834e+07
-7.13697,0.517172,4.46172e+07
-7.13697,0.72404,4.43547e+07
-7.13697,0.930909,4.4096e+07
-7.13697,1.13778,4.38413e+07
-7.13697,1.34465,4.35907e+07
-7.13697,1.55152,4.33446e+07
-7.13697,1.75838,4.31036e+07
-7.13697,1.96525,4.28683e+07
-7.13697,2.17212,4.26397e+07
-7.13697,2.37899,4.24191e+07
-7.13697,2.58586,4.22084e+07
-7.13697,2.79273,4.201e+07
-7.13697,2.9996,4.18273e+07
-7.13697,3.20646,4.16645e+07
-7.13697,3.41333,4.15276e+07
-7.13697,3.6202,4.14241e+07
-7.13697,3.82707,4.13635e+07
-7.13697,4.03394,4.13584e+07
-7.13697,4.24081,4.14244e+07
-7.13697,4.44768,4.15813e+07
-7.13697,4.65455,4.18537e+07
-7.13697,4.86141,4.2272e+07
-7.13697,5.06828,4.28738e+07
-7.13697,5.27515,4.37046e+07
-7.13697,5.48202,4.48197e+07
-7.13697,5.68889,4.62858e+07
-7.13697,5.89576,4.81826e+07
-7.13697,6.10263,5.0605e+07
-7.13697,6.30949,5.36654e+07
-7.13697,6.51636,5.74962e+07
-7.13697,6.72323,6.22528e+07
-7.13697,6.9301,6.81163e+07
-7.13697,7.13697,7.52976e+07
-7.13697,7.34384,8.40403e+07
-7.13697,7.55071,9.46257e+07
-7.13697,7.75758,1.07377e+08
-7.13697,7.96444,1.22663e+08
-7.13697,8.17131,1.40906e+08
-7.13697,8.37818,1.62586e+08
-7.13697,8.58505,1.88246e+08
-7.13697,8.79192,2.18501e+08
-7.13697,8.99879,2.54044e+08
-7.13697,9.20566,2.95653e+08
-7.13697,9.41253,3.442e+08
-7.13697,9.61939,4.00664e+08
-7.13697,9.82626,4.66132e+08
-7.13697,10.0331,5.41819e+08
-7.13697,10.24,6.29072e+08
-6.9301,-10.24,8.80945e+08
-6.9301,-10.0331,7.618e+08
-6.9301,-9.82626,6.57868e+08
-6.9301,-9.61939,5.67443e+08
-6.9301,-9.41253,4.88978e+08
-6.9301,-9.20566,4.21081e+08
-6.9301,-8.99879,3.62496e+08
-6.9301,-8.79192,3.12097e+08
-6.9301,-8.58505,2.6887e+08
-6.9301,-8.37818,2.31914e+08
-6.9301,-8.17131,2.00421e+08
-6.9301,-7.96444,1.73673e+08
-6.9301,-7.75758,1.51034e+08
-6.9301,-7.55071,1.31941e+08
-6.9301,-7.34384,1.15895e+08
-6.9301,-7.13697,1.02461e+08
-6.9301,-6.9301,9.12544e+07
-6.9301,-6.72323,8.19411e+07
-6.9301,-6.51636,7.42295e+07
-6.9301,-6.30949,6.78672e+07
-6.9301,-6.10263,6.2636e+07
-6.9301,-5.89576,5.83482e+07
-6.9301,-5.68889,5.48434e+07
-6.9301,-5.48202,5.19848e+07
-6.9301,-5.27515,4.96563e+07
-6.9301,-5.06828,4.77602e+07
-6.9301,-4.86141,4.62146e+07
-6.9301,-4.65455,4.49511e+07
-6.9301,-4.44768,4.39133e+07
-6.9301,-4.24081,4.30545e+07
-6.9301,-4.03394,4.23369e+07
-6.9301,-3.82707,4.17297e+07
-6.9301,-3.6202,4.12083e+07
-6.9301,-3.41333,4.0753e+07
-6.9301,-3.20646,4.03483e+07
-6.9301,-2.9996,3.99822e+07
-6.9301,-2.79273,3.96453e+07
-6.9301,-2.58586,3.93306e+07
-6.9301,-2.37899,3.90328e+07
-6.9301,-2.17212,3.87478e+07
-6.9301,-1.96525,3.84728e+07
-6.9301,-1.75838,3.82056e+07
-6.9301,-1.55152,3.79449e+07
-6.9301,-1.34465,3.76895e+07
-6.9301,-1.13778,3.74388e+07
-6.9301,-0.930909,3.71921e+07
-6.9301,-0.72404,3.69493e+07
-6.9301,-0.517172,3.67101e+07
-6.9301,-0.310303,3.64743e+07
-6.9301,-0.103434,3.62418e+07
-6.9301,0.103434,3.60126e+07
-6.9301,0.310303,3.57866e+07
-6.9301,0.517172,3.55639e+07
-6.9301,0.72404,3.53444e+07
-6.9301,0.930909,3.51284e+07
-6.9301,1.13778,3.49158e+07
-6.9301,1.34465,3.47071e+07
-6.9301,1.55152,3.45024e+07
-6.9301,1.75838,3.43023e+07
-6.9301,1.96525,3.41074e+07
-6.9301,2.17212,3.39187e+07
-6.9301,2.37899,3.37375e+07
-6.9301,2.58586,3.35656e+07
-6.9301,2.79273,3.34054e+07
-6.9301,2.9996,3.32601e+07
-6.9301,3.20646,3.3134e+07
-6.9301,3.41333,3.30329e+07
-6.9301,3.6202,3.29641e+07
-6.9301,3.82707,3.29372e+07
-6.9301,4.03394,3.29644e+07
-6.9301,4.24081,3.30614e+07
-6.9301,4.44768,3.32476e+07
-6.9301,4.65455,3.35475e+07
-6.9301,4.86141,3.39912e+07
-6.9301,5.06828,3.4616e+07
-6.9301,5.27515,3.54671e+07
-6.9301,5.48202,3.65995e+07
-6.9301,5.68889,3.80794e+07
-6.9301,5.89576,3.99861e+07
-6.9301,6.10263,4.24141e+07
-6.9301,6.30949,4.54753e+07
-6.9301,6.51636,4.93014e+07
-6.9301,6.72323,5.40472e+07
-6.9301,6.9301,5.98932e+07
-6.9301,7.13697,6.70493e+07
-6.9301,7.34384,7.57585e+07
-6.9301,7.55071,8.6301e+07
-6.9301,7.75758,9.8999e+07
-6.9301,7.96444,1.14221e+08
-6.9301,8.17131,1.32387e+08
-6.9301,8.37818,1.53977e+08
-6.9301,8.58505,1.79531e+08
-6.9301,8.79192,2.09665e+08
-6.9301,8.99879,2.45067e+08
-6.9301,9.20566,2.86516e+08
-6.9301,9.41253,3.34883e+08
-6.9301,9.61939,3.91143e+08
-6.9301,9.82626,4.56382e+08
-6.9301,10.0331,5.31813e+08
-6.9301,10.24,6.1878e+08
-6.72323,-10.24,8.68236e+08
-6.72323,-10.0331,7.4946e+08
-6.72323,-9.82626,6.45868e+08
-6.72323,-9.61939,5.55754e+08
-6.72323,-9.41253,4.77577e+08
-6.72323,-9.20566,4.09944e+08
-6.72323,-8.99879,3.51602e+08
-6.72323,-8.79192,3.01425e+08
-6.72323,-8.58505,2.58403e+08
-6.72323,-8.37818,2.21635e+08
-6.72323,-8.17131,1.90316e+08
-6.72323,-7.96444,1.63728e+08
-6.72323,-7.75758,1.41236e+08
-6.72323,-7.55071,1.22278e+08
-6.72323,-7.34384,1.06358e+08
-6.72323,-7.13697,9.30398e+07
-6.72323,-6.9301,8.19411e+07
-6.72323,-6.72323,7.27279e+07
-6.72323,-6.51636,6.51097e+07
-6.72323,-6.30949,5.88346e+07
-6.72323,-6.10263,5.3685e+07
-6.72323,-5.89576,4.94741e+07
-6.72323,-5.68889,4.60417e+07
-6.72323,-5.48202,4.32516e+07
-6.72323,-5.27515,4.09882e+07
-6.72323,-5.06828,3.91541e+07
-6.72323,-4.86141,3.76678e+07
-6.72323,-4.65455,3.64613e+07
-6.72323,-4.44768,3.54782e+07
-6.72323,-4.24081,3.46724e+07
-6.72323,-4.03394,3.4006e+07
-6.72323,-3.82707,3.34487e+07
-6.72323,-3.6202,3.29758e+07
-6.72323,-3.41333,3.25678e+07
-6.72323,-3.20646,3.22096e+07
-6.72323,-2.9996,3.18889e+07
-6.72323,-2.79273,3.15968e+07
-6.72323,-2.58586,3.13261e+07
-6.72323,-2.37899,3.10716e+07
-6.72323,-2.17212,3.08294e+07
-6.72323,-1.96525,3.05966e+07
-6.72323,-1.75838,3.03712e+07
-6.72323,-1.55152,3.01517e+07
-6.72323,-1.34465,2.99371e+07
-6.72323,-1.13778,2.97267e+07
-6.72323,-0.930909,2.95201e+07
-6.72323,-0.72404,2.93169e+07
-6.72323,-0.517172,2.91168e+07
-6.72323,-0.310303,2.89199e+07
-6.72323,-0.103434,2.87258e+07
-6.72323,0.103434,2.85347e+07
-6.72323,0.310303,2.83465e+07
-6.72323,0.517172,2.81611e+07
-6.72323,0.72404,2.79787e+07
-6.72323,0.930909,2.77993e+07
-6.72323,1.13778,2.7623e+07
-6.72323,1.34465,2.74502e+07
-6.72323,1.55152,2.7281e+07
-6.72323,1.75838,2.71159e+07
-6.72323,1.96525,2.69557e+07
-6.72323,2.17212,2.68011e+07
-6.72323,2.37899,2.66536e+07
-6.72323,2.58586,2.65147e+07
-6.72323,2.79273,2.6387e+07
-6.72323,2.9996,2.62735e+07
-6.72323,3.20646,2.61784e+07
-6.72323,3.41333,2.61075e+07
-6.72323,3.6202,2.60679e+07
-6.72323,3.82707,2.60692e+07
-6.72323,4.03394,2.61234e+07
-6.72323,4.24081,2.62459e+07
-6.72323,4.44768,2.6456e+07
-6.72323,4.65455,2.67781e+07
-6.72323,4.86141,2.72419e+07
-6.72323,5.06828,2.78844e+07
-6.72323,5.27515,2.87507e+07
-6.72323,5.48202,2.98952e+07
-6.72323,5.68889,3.13839e+07
-6.72323,5.89576,3.32956e+07
-6.72323,6.10263,3.57243e+07
-6.72323,6.30949,3.87813e+07
-6.72323,6.51636,4.25979e+07
-6.72323,6.72323,4.73281e+07
-6.72323,6.9301,5.31518e+07
-6.72323,7.13697,6.0278e+07
-6.72323,7.34384,6.89491e+07
-6.72323,7.55071,7.94444e+07
-6.72323,7.75758,9.20848e+07
-6.72323,7.96444,1.07238e+08
-6.72323,8.17131,1.25323e+08
-6.72323,8.37818,1.46818e+08
-6.72323,8.58505,1.72263e+08
-6.72323,8.79192,2.0227e+08
-6.72323,8.99879,2.37529e+08
-6.72323,9.20566,2.78815e+08
-6.72323,9.41253,3.26997e+08
-6.72323,9.61939,3.83049e+08
-6.72323,9.82626,4.48056e+08
-6.72323,10.0331,5.23226e+08
-6.72323,10.24,6.09904e+08
-6.51636,-10.24,8.57248e+08
-6.51636,-10.0331,7.38833e+08
-6.51636,-9.82626,6.35573e+08
-6.51636,-9.61939,5.45763e+08
-6.51636,-9.41253,4.67865e+08
-6.51636,-9.20566,4.00488e+08
-6.51636,-8.99879,3.42381e+08
-6.51636,-8.79192,2.92419e+08
-6.51636,-8.58505,2.49595e+08
-6.51636,-8.37818,2.13008e+08
-6.51636,-8.17131,1.81854e+08
-6.51636,-7.96444,1.55419e+08
-6.51636,-7.75758,1.33067e+08
-6.51636,-7.55071,1.14238e+08
-6.51636,-7.34384,9.84364e+07
-6.51636,-7.13697,8.52274e+07
-6.51636,-6.9301,7.42295e+07
-6.51636,-6.72323,6.51097e+07
-6.51636,-6.51636,5.7578e+07
-6.51636,-6.30949,5.13834e+07
-6.51636,-6.10263,4.6309e+07
-6.51636,-5.89576,4.21682e+07
-6.51636,-5.68889,3.88018e+07
-6.51636,-5.48202,3.60737e+07
-6.51636,-5.27515,3.3869e+07
-6.51636,-5.06828,3.20905e+07
-6.51636,-4.86141,3.06572e+07
-6.51636,-4.65455,2.95013e+07
-6.51636,-4.44768,2.85667e+07
-6.51636,-4.24081,2.78076e+07
-6.51636,-4.03394,2.71864e+07
-6.51636,-3.82707,2.66728e+07
-6.51636,-3.6202,2.62424e+07
-6.51636,-3.41333,2.58758e+07
-6.51636,-3.20646,2.5558e+07
-6.51636,-2.9996,2.52769e+07
-6.51636,-2.79273,2.50236e+07
-6.51636,-2.58586,2.4791e+07
-6.51636,-2.37899,2.4574e+07
-6.51636,-2.17212,2.43688e+07
-6.51636,-1.96525,2.41724e+07
-6.51636,-1.75838,2.3983e+07
-6.51636,-1.55152,2.37991e+07
-6.51636,-1.34465,2.36197e+07
-6.51636,-1.13778,2.34441e+07
-6.51636,-0.930909,2.32718e+07
-6.51636,-0.72404,2.31026e+07
-6.51636,-0.517172,2.29363e+07
-6.51636,-0.310303,2.27726e+07
-6.51636,-0.103434,2.26116e+07
-6.51636,0.103434,2.24532e+07
-6.51636,0.310303,2.22973e+07
-6.51636,0.517172,2.2144e+07
-6.51636,0.72404,2.19932e+07
-6.51636,0.930909,2.18451e+07
-6.51636,1.13778,2.16999e+07
-6.51636,1.34465,2.15576e+07
-6.51636,1.55152,2.14187e+07
-6.51636,1.75838,2.12835e+07
-6.51636,1.96525,2.11527e+07
-6.51636,2.17212,2.10272e+07
-6.51636,2.37899,2.09082e+07
-6.51636,2.58586,2.07974e+07
-6.51636,2.79273,2.06971e+07
-6.51636,2.9996,2.06104e+07
-6.51636,3.20646,2.05415e+07
-6.51636,3.41333,2.04959e+07
-6.51636,3.6202,2.04807e+07
-6.51636,3.82707,2.05053e+07
-6.51636,4.03394,2.05817e+07
-6.51636,4.24081,2.0725e+07
-6.51636,4.44768,2.09544e+07
-6.51636,4.65455,2.12939e+07
-6.51636,4.86141,2.17732e+07
-6.51636,5.06828,2.2429e+07
-6.51636,5.27515,2.33059e+07
-6.51636,5.48202,2.44581e+07
-6.51636,5.68889,2.59511e+07
-6.51636,5.89576,2.78634e+07
-6.51636,6.10263,3.02885e+07
-6.51636,6.30949,3.33371e+07
-6.51636,6.51636,3.71399e+07
-6.51636,6.72323,4.18504e+07
-6.51636,6.9301,4.76476e+07
-6.51636,7.13697,5.47401e+07
-6.51636,7.34384,6.33691e+07
-6.51636,7.55071,7.38131e+07
-6.51636,7.75758,8.63922e+07
-6.51636,7.96444,1.01473e+08
-6.51636,8.17131,1.19473e+08
-6.51636,8.37818,1.4087e+08
-6.51636,8.58505,1.66201e+08
-6.51636,8.79192,1.96079e+08
-6.51636,8.99879,2.31191e+08
-6.51636,9.20566,2.7231e+08
-6.51636,9.41253,3.20304e+08
-6.51636,9.61939,3.76145e+08
-6.51636,9.82626,4.40917e+08
-6.51636,10.0331,5.15824e+08
-6.51636,10.24,6.0221e+08
-6.30949,-10.24,8.47717e+08
-6.30949,-10.0331,7.29656e+08
-6.30949,-9.82626,6.2672e+08
-6.30949,-9.61939,5.37208e+08
-6.30949,-9.41253,4.59582e+08
-6.30949,-9.20566,3.92454e+08
-6.30949,-8.99879,3.34574e+08
-6.30949,-8.79192,2.84821e+08
-6.30949,-8.58505,2.42188e+08
-6.30949,-8.37818,2.05775e+08
-6.30949,-8.17131,1.74781e+08
-6.30949,-7.96444,1.48491e+08
-6.30949,-7.75758,1.26273e+08
-6.30949,-7.55071,1.07566e+08
-6.30949,-7.34384,9.18765e+07
-6.30949,-7.13697,7.87704e+07
-6.30949,-6.9301,6.78672e+07
-6.30949,-6.72323,5.88346e+07
-6.30949,-6.51636,5.13834e+07
-6.30949,-6.30949,4.52633e+07
-6.30949,-6.10263,4.02579e+07
-6.30949,-5.89576,3.61815e+07
-6.30949,-5.68889,3.28751e+07
-6.30949,-5.48202,3.02033e+07
-6.30949,-5.27515,2.80515e+07
-6.30949,-5.06828,2.6323e+07
-6.30949,-4.86141,2.4937e+07
-6.30949,-4.65455,2.38261e+07
-6.30949,-4.44768,2.29346e+07
-6.30949,-4.24081,2.22167e+07
-6.30949,-4.03394,2.16351e+07
-6.30949,-3.82707,2.11598e+07
-6.30949,-3.6202,2.07665e+07
-6.30949,-3.41333,2.0436e+07
-6.30949,-3.20646,2.01532e+07
-6.30949,-2.9996,1.99065e+07
-6.30949,-2.79273,1.96867e+07
-6.30949,-2.58586,1.94871e+07
-6.30949,-2.37899,1.93024e+07
-6.30949,-2.17212,1.9129e+07
-6.30949,-1.96525,1.89641e+07
-6.30949,-1.75838,1.88056e+07
-6.30949,-1.55152,1.86522e+07
-6.30949,-1.34465,1.85029e+07
-6.30949,-1.13778,1.83571e+07
-6.30949,-0.930909,1.82143e+07
-6.30949,-0.72404,1.80742e+07
-6.30949,-0.517172,1.79366e+07
-6.30949,-0.310303,1.78015e+07
-6.30949,-0.103434,1.76687e+07
-6.30949,0.103434,1.75381e+07
-6.30949,0.310303,1.74098e+07
-6.30949,0.517172,1.72837e+07
-6.30949,0.72404,1.716e+07
-6.30949,0.930909,1.70385e+07
-6.30949,1.13778,1.69196e+07
-6.30949,1.34465,1.68034e+07
-6.30949,1.55152,1.66901e+07
-6.30949,1.75838,1.65803e+07
-6.30949,1.96525,1.64745e+07
-6.30949,2.17212,1.63735e+07
-6.30949,2.37899,1.62786e+07
-6.30949,2.58586,1.61914e+07
-6.30949,2.79273,1.61142e+07
-6.30949,2.9996,1.60499e+07
-6.30949,3.20646,1.60028e+07
-6.30949,3.41333,1.59782e+07
-6.30949,3.6202,1.59831e+07
-6.30949,3.82707,1.60269e+07
-6.30949,4.03394,1.61212e+07
-6.30949,4.24081,1.62811e+07
-6.30949,4.44768,1.65257e+07
-6.30949,4.65455,1.68787e+07
-6.30949,4.86141,1.73695e+07
-6.30949,5.06828,1.80345e+07
-6.30949,5.27515,1.89181e+07
-6.30949,5.48202,2.00741e+07
-6.30949,5.68889,2.15677e+07
-6.30949,5.89576,2.34768e+07
-6.30949,6.10263,2.58944e+07
-6.30949,6.30949,2.89309e+07
-6.30949,6.51636,3.27164e+07
-6.30949,6.72323,3.74036e+07
-6.30949,6.9301,4.31709e+07
-6.30949,7.13697,5.02261e+07
-6.30949,7.34384,5.88097e+07
-6.30949,7.55071,6.91991e+07
-6.30949,7.75758,8.17136e+07
-6.30949,7.96444,9.67185e+07
-6.30949,8.17131,1.14631e+08
-6.30949,8.37818,1.35926e+08
-6.30949,8.58505,1.61142e+08
-6.30949,8.79192,1.90887e+08
-6.30949,8.99879,2.25848e+08
-6.30949,9.20566,2.66798e+08
-6.30949,9.41253,3.14602e+08
-6.30949,9.61939,3.7023e+08
-6.30949,9.82626,4.34763e+08
-6.30949,10.0331,5.09405e+08
-6.30949,10.24,5.95496e+08
-6.10263,-10.24,8.39415e+08
-6.10263,-10.0331,7.21701e+08
-6.10263,-9.82626,6.19082e+08
-6.10263,-9.61939,5.29861e+08
-6.10263,-9.41253,4.525e+08
-6.10263,-9.20566,3.85615e+08
-6.10263,-8.99879,3.27957e+08
-6.10263,-8.79192,2.78406e+08
-6.10263,-8.58505,2.35958e+08
-6.10263,-8.37818,1.99713e+08
-6.10263,-8.17131,1.68872e+08
-6.10263,-7.96444,1.42722e+08
-6.10263,-7.75758,1.20632e+08
-6.10263,-7.55071,1.02042e+08
-6.10263,-7.34384,8.64588e+07
-6.10263,-7.13697,7.34501e+07
-6.10263,-6.9301,6.2636e+07
-6.10263,-6.72323,5.3685e+07
-6.10263,-6.51636,4.6309e+07
-6.10263,-6.30949,4.02579e+07
-6.10263,-6.10263,3.53164e+07
-6.10263,-5.89576,3.1299e+07
-6.10263,-5.68889,2.80475e+07
-6.10263,-5.48202,2.54268e+07
-6.10263,-5.27515,2.33228e+07
-6.10263,-5.06828,2.16392e+07
-6.10263,-4.86141,2.02955e+07
-6.10263,-4.65455,1.92246e+07
-6.10263,-4.44768,1.83711e+07
-6.10263,-4.24081,1.76896e+07
-6.10263,-4.03394,1.71428e+07
-6.10263,-3.82707,1.6701e+07
-6.10263,-3.6202,1.634e+07
-6.10263,-3.41333,1.60408e+07
-6.10263,-3.20646,1.57884e+07
-6.10263,-2.9996,1.55713e+07
-6.10263,-2.79273,1.53805e+07
-6.10263,-2.58586,1.52092e+07
-6.10263,-2.37899,1.50524e+07
-6.10263,-2.17212,1.49062e+07
-6.10263,-1.96525,1.47681e+07
-6.10263,-1.75838,1.46361e+07
-6.10263,-1.55152,1.45088e+07
-6.10263,-1.34465,1.43852e+07
-6.10263,-1.13778,1.42648e+07
-6.10263,-0.930909,1.41471e+07
-6.10263,-0.72404,1.40318e+07
-6.10263,-0.517172,1.39188e+07
-6.10263,-0.310303,1.38079e+07
-6.10263,-0.103434,1.3699e+07
-6.10263,0.103434,1.35921e+07
-6.10263,0.310303,1.34872e+07
-6.10263,0.517172,1.33842e+07
-6.10263,0.72404,1.32833e+07
-6.10263,0.930909,1.31844e+07
-6.10263,1.13778,1.30878e+07
-6.10263,1.34465,1.29935e+07
-6.10263,1.55152,1.29019e+07
-6.10263,1.75838,1.28134e+07
-6.10263,1.96525,1.27286e+07
-6.10263,2.17212,1.26482e+07
-6.10263,2.37899,1.25735e+07
-6.10263,2.58586,1.25061e+07
-6.10263,2.79273,1.24481e+07
-6.10263,2.9996,1.24025e+07
-6.10263,3.20646,1.23734e+07
-6.10263,3.41333,1.2366e+07
-6.10263,3.6202,1.23874e+07
-6.10263,3.82707,1.24465e+07
-6.10263,4.03394,1.25552e+07
-6.10263,4.24081,1.27282e+07
-6.10263,4.44768,1.29844e+07
-6.10263,4.65455,1.33473e+07
-6.10263,4.86141,1.38462e+07
-6.10263,5.06828,1.4517e+07
-6.10263,5.27515,1.54038e+07
-6.10263,5.48202,1.65603e+07
-6.10263,5.68889,1.80511e+07
-6.10263,5.89576,1.99538e+07
-6.10263,6.10263,2.23608e+07
-6.10263,6.30949,2.53821e+07
-6.10263,6.51636,2.91471e+07
-6.10263,6.72323,3.38079e+07
-6.10263,6.9301,3.95424e+07
-6.10263,7.13697,4.65574e+07
-6.10263,7.34384,5.50926e+07
-6.10263,7.55071,6.54247e+07
-6.10263,7.75758,7.78718e+07
-6.10263,7.96444,9.27983e+07
-6.10263,8.17131,1.1062e+08
-6.10263,8.37818,1.31811e+08
-6.10263,8.58505,1.56908e+08
-6.10263,8.79192,1.86519e+08
-6.10263,8.99879,2.21328e+08
-6.10263,9.20566,2.62106e+08
-6.10263,9.41253,3.09717e+08
-6.10263,9.61939,3.6513e+08
-6.10263,9.82626,4.29422e+08
-6.10263,10.0331,5.03798e+08
-6.10263,10.24,5.89592e+08
-5.89576,-10.24,8.32145e+08
-5.89576,-10.0331,7.14771e+08
-5.89576,-9.82626,6.12464e+08
-5.89576,-9.61939,5.23527e+08
-5.89576,-9.41253,4.46427e+08
-5.89576,-9.20566,3.79778e+08
-5.89576,-8.99879,3.22336e+08
-5.89576,-8.79192,2.72982e+08
-5.89576,-8.58505,2.30712e+08
-5.89576,-8.37818,1.94631e+08
-5.89576,-8.17131,1.63938e+08
-5.89576,-7.96444,1.37923e+08
-5.89576,-7.75758,1.15955e+08
-5.89576,-7.55071,9.7476e+07
-5.89576,-7.34384,8.19945e+07
-5.89576,-7.13697,6.90782e+07
-5.89576,-6.9301,5.83482e+07
-5.89576,-6.72323,4.94741e+07
-5.89576,-6.51636,4.21682e+07
-5.89576,-6.30949,3.61815e+07
-5.89576,-6.10263,3.1299e+07
-5.89576,-5.89576,2.73361e+07
-5.89576,-5.68889,2.41347e+07
-5.89576,-5.48202,2.15606e+07
-5.89576,-5.27515,1.94998e+07
-5.89576,-5.06828,1.78566e+07
-5.89576,-4.86141,1.65507e+07
-5.89576,-4.65455,1.55155e+07
-5.89576,-4.44768,1.46957e+07
-5.89576,-4.24081,1.40462e+07
-5.89576,-4.03394,1.35299e+07
-5.89576,-3.82707,1.31173e+07
-5.89576,-3.6202,1.27844e+07
-5.89576,-3.41333,1.25123e+07
-5.89576,-3.20646,1.22862e+07
-5.89576,-2.9996,1.20946e+07
-5.89576,-2.79273,1.19287e+07
-5.89576,-2.58586,1.17817e+07
-5.89576,-2.37899,1.16486e+07
-5.89576,-2.17212,1.15258e+07
-5.89576,-1.96525,1.14106e+07
-5.89576,-1.75838,1.13011e+07
-5.89576,-1.55152,1.11959e+07
-5.89576,-1.34465,1.10943e+07
-5.89576,-1.13778,1.09954e+07
-5.89576,-0.930909,1.0899e+07
-5.89576,-0.72404,1.08047e+07
-5.89576,-0.517172,1.07124e+07
-5.89576,-0.310303,1.0622e+07
-5.89576,-0.103434,1.05333e+07
-5.89576,0.103434,1.04464e+07
-5.89576,0.310303,1.03612e+07
-5.89576,0.517172,1.02777e+07
-5.89576,0.72404,1.0196e+07
-5.89576,0.930909,1.01161e+07
-5.89576,1.13778,1.00382e+07
-5.89576,1.34465,9.96238e+06
-5.89576,1.55152,9.88895e+06
-5.89576,1.75838,9.81831e+06
-5.89576,1.96525,9.751e+06
-5.89576,2.17212,9.68783e+06
-5.89576,2.37899,9.62992e+06
-5.89576,2.58586,9.57883e+06
-5.89576,2.79273,9.53672e+06
-5.89576,2.9996,9.5065e+06
-5.89576,3.20646,9.49211e+06
-5.89576,3.41333,9.49877e+06
-5.89576,3.6202,9.53336e+06
-5.89576,3.82707,9.60482e+06
-5.89576,4.03394,9.72469e+06
-5.89576,4.24081,9.90769e+06
-5.89576,4.44768,1.01724e+07
-5.89576,4.65455,1.05422e+07
-5.89576,4.86141,1.10461e+07
-5.89576,5.06828,1.17197e+07
-5.89576,5.27515,1.2607e+07
-5.89576,5.48202,1.37611e+07
-5.89576,5.68889,1.52463e+07
-5.89576,5.89576,1.71397e+07
-5.89576,6.10263,1.95335e+07
-5.89576,6.30949,2.25368e+07
-5.89576,6.51636,2.62787e+07
-5.89576,6.72323,3.09106e+07
-5.89576,6.9301,3.66097e+07
-5.89576,7.13697,4.3582e+07
-5.89576,7.34384,5.20664e+07
-5.89576,7.55071,6.23388e+07
-5.89576,7.75758,7.47163e+07
-5.89576,7.96444,8.95622e+07
-5.89576,8.17131,1.07291e+08
-5.89576,8.37818,1.28376e+08
-5.89576,8.58505,1.53353e+08
-5.89576,8.79192,1.82826e+08
-5.89576,8.99879,2.17481e+08
-5.89576,9.20566,2.58086e+08
-5.89576,9.41253,3.05503e+08
-5.89576,9.61939,3.60698e+08
-5.89576,9.82626,4.24749e+08
-5.89576,10.0331,4.98856e+08
-5.89576,10.24,5.84353e+08
-5.68889,-10.24,8.25737e+08
-5.68889,-10.0331,7.08698e+08
-5.68889,-9.82626,6.06697e+08
-5.68889,-9.61939,5.1804e+08
-5.68889,-9.41253,4.41194e+08
-5.68889,-9.20566,3.74777e+08
-5.68889,-8.99879,3.17546e+08
-5.68889,-8.79192,2.68383e+08
-5.68889,-8.58505,2.26287e+08
-5.68889,-8.37818,1.90364e+08
-5.68889,-8.17131,1.59814e+08
-5.68889,-7.96444,1.33929e+08
-5.68889,-7.75758,1.12079e+08
-5.68889,-7.55071,9.37069e+07
-5.68889,-7.34384,7.83222e+07
-5.68889,-7.13697,6.54937e+07
-5.68889,-6.9301,5.48434e+07
-5.68889,-6.72323,4.60417e+07
-5.68889,-6.51636,3.88018e+07
-5.68889,-6.30949,3.28751e+07
-5.68889,-6.10263,2.80475e+07
-5.68889,-5.89576,2.41347e+07
-5.68889,-5.68889,2.09795e+07
-5.68889,-5.48202,1.84477e+07
-5.68889,-5.27515,1.64262e+07
-5.68889,-5.06828,1.48194e+07
-5.68889,-4.86141,1.35475e+07
-5.68889,-4.65455,1.2544e+07
-5.68889,-4.44768,1.1754e+07
-5.68889,-4.24081,1.11326e+07
-5.68889,-4.03394,1.06432e+07
-5.68889,-3.82707,1.0256e+07
-5.68889,-3.6202,9.94748e+06
-5.68889,-3.41333,9.69885e+06
-5.68889,-3.20646,9.4954e+06
-5.68889,-2.9996,9.32571e+06
-5.68889,-2.79273,9.18103e+06
-5.68889,-2.58586,9.05476e+06
-5.68889,-2.37899,8.94193e+06
-5.68889,-2.17212,8.83895e+06
-5.68889,-1.96525,8.74317e+06
-5.68889,-1.75838,8.65274e+06
-5.68889,-1.55152,8.56637e+06
-5.68889,-1.34465,8.48315e+06
-5.68889,-1.13778,8.4025e+06
-5.68889,-0.930909,8.32401e+06
-5.68889,-0.72404,8.24742e+06
-5.68889,-0.517172,8.17257e+06
-5.68889,-0.310303,8.09935e+06
-5.68889,-0.103434,8.02768e+06
-5.68889,0.103434,7.95752e+06
-5.68889,0.310303,7.88887e+06
-5.68889,0.517172,7.82172e+06
-5.68889,0.72404,7.7561e+06
-5.68889,0.930909,7.69208e+06
-5.68889,1.13778,7.62977e+06
-5.68889,1.34465,7.56933e+06
-5.68889,1.55152,7.51102e+06
-5.68889,1.75838,7.45522e+06
-5.68889,1.96525,7.40245e+06
-5.68889,2.17212,7.3535e+06
-5.68889,2.37899,7.30946e+06
-5.68889,2.58586,7.27184e+06
-5.68889,2.79273,7.24274e+06
-5.68889,2.9996,7.22502e+06
-5.68889,3.20646,7.22254e+06
-5.68889,3.41333,7.24043e+06
-5.68889,3.6202,7.28547e+06
-5.68889,3.82707,7.36649e+06
-5.68889,4.03394,7.49487e+06
-5.68889,4.24081,7.68516e+06
-5.68889,4.44768,7.95581e+06
-5.68889,4.65455,8.32991e+06
-5.68889,4.86141,8.83622e+06
-5.68889,5.06828,9.51024e+06
-5.68889,5.27515,1.03954e+07
-5.68889,5.48202,1.15447e+07
-5.68889,5.68889,1.30218e+07
-5.68889,5.89576,1.49037e+07
-5.68889,6.10263,1.72819e+07
-5.68889,6.30949,2.02651e+07
-5.68889,6.51636,2.39817e+07
-5.68889,6.72323,2.85825e+07
-5.68889,6.9301,3.42441e+07
-5.68889,7.13697,4.11716e+07
-5.68889,7.34384,4.96034e+07
-5.68889,7.55071,5.98141e+07
-5.68889,7.75758,7.212e+07
-5.68889,7.96444,8.68835e+07
-5.68889,8.17131,1.04518e+08
-5.68889,8.37818,1.25496e+08
-5.68889,8.58505,1.5035e+08
-5.68889,8.79192,1.79685e+08
-5.68889,8.99879,2.14184e+08
-5.68889,9.20566,2.54614e+08
-5.68889,9.41253,3.01836e+08
-5.68889,9.61939,3.56813e+08
-5.68889,9.82626,4.2062e+08
-5.68889,10.0331,4.94458e+08
-5.68889,10.24,5.79656e+08
-5.48202,-10.24,8.20046e+08
-5.48202,-10.0331,7.03338e+08
-5.48202,-9.82626,6.01638e+08
-5.48202,-9.61939,5.13255e+08
-5.48202,-9.41253,4.36658e+08
-5.48202,-9.20566,3.70469e+08
-5.48202,-8.99879,3.13444e+08
-5.48202,-8.79192,2.64468e+08
-5.48202,-8.58505,2.22542e+08
-5.48202,-8.37818,1.86772e+08
-5.48202,-8.17131,1.56362e+08
-5.48202,-7.96444,1.30602e+08
-5.48202,-7.75758,1.08865e+08
-5.48202,-7.55071,9.05959e+07
-5.48202,-7.34384,7.5304e+07
-5.48202,-7.13697,6.25592e+07
-5.48202,-6.9301,5.19848e+07
-5.48202,-6.72323,4.32516e+07
-5.48202,-6.51636,3.60737e+07
-5.48202,-6.30949,3.02033e+07
-5.48202,-6.10263,2.54268e+07
-5.48202,-5.89576,2.15606e+07
-5.48202,-5.68889,1.84477e+07
-5.48202,-5.48202,1.59549e+07
-5.48202,-5.27515,1.3969e+07
-5.48202,-5.06828,1.23951e+07
-5.48202,-4.86141,1.11536e+07
-5.48202,-4.65455,1.01784e+07
-5.48202,-4.44768,9.41494e+06
-5.48202,-4.24081,8.81837e+06
-5.48202,-4.03394,8.3523e+06
-5.48202,-3.82707,7.98732e+06
-5.48202,-3.6202,7.69994e+06
-5.48202,-3.41333,7.47153e+06
-5.48202,-3.20646,7.28751e+06
-5.48202,-2.9996,7.13657e+06
-5.48202,-2.79273,7.01004e+06
-5.48202,-2.58586,6.90138e+06
-5.48202,-2.37899,6.80573e+06
-5.48202,-2.17212,6.71951e+06
-5.48202,-1.96525,6.64015e+06
-5.48202,-1.75838,6.56581e+06
-5.48202,-1.55152,6.49523e+06
-5.48202,-1.34465,6.42754e+06
-5.48202,-1.13778,6.36216e+06
-5.48202,-0.930909,6.29871e+06
-5.48202,-0.72404,6.23694e+06
-5.48202,-0.517172,6.17668e+06
-5.48202,-0.310303,6.11784e+06
-5.48202,-0.103434,6.06035e+06
-5.48202,0.103434,6.00418e+06
-5.48202,0.310303,5.9493e+06
-5.48202,0.517172,5.89572e+06
-5.48202,0.72404,5.84347e+06
-5.48202,0.930909,5.79262e+06
-5.48202,1.13778,5.74325e+06
-5.48202,1.34465,5.69554e+06
-5.48202,1.55152,5.64973e+06
-5.48202,1.75838,5.60616e+06
-5.48202,1.96525,5.56537e+06
-5.48202,2.17212,5.52809e+06
-5.48202,2.37899,5.49538e+06
-5.48202,2.58586,5.46872e+06
-5.48202,2.79273,5.45016e+06
-5.48202,2.9996,5.44249e+06
-5.48202,3.20646,5.4495e+06
-5.48202,3.41333,5.47623e+06
-5.48202,3.6202,5.52936e+06
-5.48202,3.82707,5.6176e+06
-5.48202,4.03394,5.75219e+06
-5.48202,4.24081,5.94752e+06
-5.48202,4.44768,6.22184e+06
-5.48202,4.65455,6.59805e+06
-5.48202,4.86141,7.10467e+06
-5.48202,5.06828,7.77689e+06
-5.48202,5.27515,8.65791e+06
-5.48202,5.48202,9.80026e+06
-5.48202,5.68889,1.12674e+07
-5.48202,5.89576,1.31358e+07
-5.48202,6.10263,1.54964e+07
-5.48202,6.30949,1.84576e+07
-5.48202,6.51636,2.2147e+07
-5.48202,6.72323,2.6715e+07
-5.48202,6.9301,3.23373e+07
-5.48202,7.13697,3.92185e+07
-5.48202,7.34384,4.75959e+07
-5.48202,7.55071,5.77434e+07
-5.48202,7.75758,6.99764e+07
-5.48202,7.96444,8.4656e+07
-5.48202,8.17131,1.02195e+08
-5.48202,8.37818,1.23063e+08
-5.48202,8.58505,1.47794e+08
-5.48202,8.79192,1.7699e+08
-5.48202,8.99879,2.11332e+08
-5.48202,9.20566,2.51586e+08
-5.48202,9.41253,2.98611e+08
-5.48202,9.61939,3.53369e+08
-5.48202,9.82626,4.16933e+08
-5.48202,10.0331,4.905e+08
-5.48202,10.24,5.75399e+08
-5.27515,-10.24,8.1495e+08
-5.27515,-10.0331,6.98567e+08
-5.27515,-9.82626,5.97164e+08
-5.27515,-9.61939,5.09051e+08
-5.27515,-9.41253,4.327e+08
-5.27515,-9.20566,3.66733e+08
-5.27515,-8.99879,3.0991e+08
-5.27515,-8.79192,2.61117e+08
-5.27515,-8.58505,2.19357e+08
-5.27515,-8.37818,1.83736e+08
-5.27515,-8.17131,1.53461e+08
-5.27515,-7.96444,1.27823e+08
-5.27515,-7.75758,1.06196e+08
-5.27515,-7.55071,8.80258e+07
-5.27515,-7.34384,7.2823e+07
-5.27515,-7.13697,6.01585e+07
-5.27515,-6.9301,4.96563e+07
-5.27515,-6.72323,4.09882e+07
-5.27515,-6.51636,3.3869e+07
-5.27515,-6.30949,2.80515e+07
-5.27515,-6.10263,2.33228e+07
-5.27515,-5.89576,1.94998e+07
-5.27515,-5.68889,1.64262e+07
-5.27515,-5.48202,1.3969e+07
-5.27515,-5.27515,1.20157e+07
-5.27515,-5.06828,1.04716e+07
-5.27515,-4.86141,9.2575e+06
-5.27515,-4.65455,8.30761e+06
-5.27515,-4.44768,7.56759e+06
-5.27515,-4.24081,6.9929e+06
-5.27515,-4.03394,6.54733e+06
-5.27515,-3.82707,6.20167e+06
-5.27515,-3.6202,5.93258e+06
-5.27515,-3.41333,5.72159e+06
-5.27515,-3.20646,5.55421e+06
-5.27515,-2.9996,5.41925e+06
-5.27515,-2.79273,5.30814e+06
-5.27515,-2.58586,5.21442e+06
-5.27515,-2.37899,5.13326e+06
-5.27515,-2.17212,5.06116e+06
-5.27515,-1.96525,4.99558e+06
-5.27515,-1.75838,4.93473e+06
-5.27515,-1.55152,4.87737e+06
-5.27515,-1.34465,4.82265e+06
-5.27515,-1.13778,4.77001e+06
-5.27515,-0.930909,4.71909e+06
-5.27515,-0.72404,4.66964e+06
-5.27515,-0.517172,4.62152e+06
-5.27515,-0.310303,4.57462e+06
-5.27515,-0.103434,4.52889e+06
-5.27515,0.103434,4.48429e+06
-5.27515,0.310303,4.44081e+06
-5.27515,0.517172,4.39844e+06
-5.27515,0.72404,4.35723e+06
-5.27515,0.930909,4.31722e+06
-5.27515,1.13778,4.27851e+06
-5.27515,1.34465,4.24125e+06
-5.27515,1.55152,4.20567e+06
-5.27515,1.75838,4.17211e+06
-5.27515,1.96525,4.14108e+06
-5.27515,2.17212,4.11329e+06
-5.27515,2.37899,4.08975e+06
-5.27515,2.58586,4.07192e+06
-5.27515,2.79273,4.06178e+06
-5.27515,2.9996,4.06207e+06
-5.27515,3.20646,4.07651e+06
-5.27515,3.41333,4.11006e+06
-5.27515,3.6202,4.16927e+06
-5.27515,3.82707,4.26275e+06
-5.27515,4.03394,4.4016e+06
-5.27515,4.24081,4.60005e+06
-5.27515,4.44768,4.87617e+06
-5.27515,4.65455,5.25264e+06
-5.27515,4.86141,5.75773e+06
-5.27515,5.06828,6.4264e+06
-5.27515,5.27515,7.30151e+06
-5.27515,5.48202,8.43526e+06
-5.27515,5.68889,9.89079e+06
-5.27515,5.89576,1.1744e+07
-5.27515,6.10263,1.40855e+07
-5.27515,6.30949,1.70231e+07
-5.27515,6.51636,2.06839e+07
-5.27515,6.72323,2.52176e+07
-5.27515,6.9301,3.07993e+07
-5.27515,7.13697,3.76327e+07
-5.27515,7.34384,4.59545e+07
-5.27515,7.55071,5.60376e+07
-5.27515,7.75758,6.81963e+07
-5.27515,7.96444,8.27909e+07
-5.27515,8.17131,1.00233e+08
-5.27515,8.37818,1.20991e+08
-5.27515,8.58505,1.45597e+08
-5.27515,8.79192,1.74653e+08
-5.27515,8.99879,2.08837e+08
-5.27515,9.20566,2.48915e+08
-5.27515,9.41253,2.95743e+08
-5.27515,9.61939,3.50281e+08
-5.27515,9.82626,4.13601e+08
-5.27515,10.0331,4.86897e+08
-5.27515,10.24,5.71497e+08
-5.06828,-10.24,8.10344e+08
-5.06828,-10.0331,6.94282e+08
-5.06828,-9.82626,5.93171e+08
-5.06828,-9.61939,5.05324e+08
-5.06828,-9.41253,4.29215e+08
-5.06828,-9.20566,3.63467e+08
-5.06828,-8.99879,3.06842e+08
-5.06828,-8.79192,2.58229e+08
-5.06828,-8.58505,2.1663e+08
-5.06828,-8.37818,1.81156e+08
-5.06828,-8.17131,1.51012e+08
-5.06828,-7.96444,1.25493e+08
-5.06828,-7.75758,1.03972e+08
-5.06828,-7.55071,8.58976e+07
-5.06828,-7.34384,7.07807e+07
-5.06828,-7.13697,5.81933e+07
-5.06828,-6.9301,4.77602e+07
-5.06828,-6.72323,3.91541e+07
-5.06828,-6.51636,3.20905e+07
-5.06828,-6.30949,2.6323e+07
-5.06828,-6.10263,2.16392e+07
-5.06828,-5.89576,1.78566e+07
-5.06828,-5.68889,1.48194e+07
-5.06828,-5.48202,1.23951e+07
-5.06828,-5.27515,1.04716e+07
-5.06828,-5.06828,8.95458e+06
-5.06828,-4.86141,7.76521e+06
-5.06828,-4.65455,6.83798e+06
-5.06828,-4.44768,6.11883e+06
-5.06828,-4.24081,5.56345e+06
-5.06828,-4.03394,5.13585e+06
-5.06828,-3.82707,4.80701e+06
-5.06828,-3.6202,4.55374e+06
-5.06828,-3.41333,4.3577e+06
-5.06828,-3.20646,4.20456e+06
-5.06828,-2.9996,4.0832e+06
-5.06828,-2.79273,3.98515e+06
-5.06828,-2.58586,3.90401e+06
-5.06828,-2.37899,3.83504e+06
-5.06828,-2.17212,3.77477e+06
-5.06828,-1.96525,3.72071e+06
-5.06828,-1.75838,3.6711e+06
-5.06828,-1.55152,3.62474e+06
-5.06828,-1.34465,3.58078e+06
-5.06828,-1.13778,3.53871e+06
-5.06828,-0.930909,3.49816e+06
-5.06828,-0.72404,3.45889e+06
-5.06828,-0.517172,3.42078e+06
-5.06828,-0.310303,3.38372e+06
-5.06828,-0.103434,3.34767e+06
-5.06828,0.103434,3.31259e+06
-5.06828,0.310303,3.27846e+06
-5.06828,0.517172,3.24529e+06
-5.06828,0.72404,3.2131e+06
-5.06828,0.930909,3.18196e+06
-5.06828,1.13778,3.15194e+06
-5.06828,1.34465,3.12319e+06
-5.06828,1.55152,3.09593e+06
-5.06828,1.75838,3.07048e+06
-5.06828,1.96525,3.04733e+06
-5.06828,2.17212,3.02716e+06
-5.06828,2.37899,3.01096e+06
-5.06828,2.58586,3.00014e+06
-5.06828,2.79273,2.99664e+06
-5.06828,2.9996,3.00313e+06
-5.06828,3.20646,3.02326e+06
-5.06828,3.41333,3.0619e+06
-5.06828,3.6202,3.12551e+06
-5.06828,3.82707,3.22257e+06
-5.06828,4.03394,3.36405e+06
-5.06828,4.24081,3.56402e+06
-5.06828,4.44768,3.84035e+06
-5.06828,4.65455,4.21554e+06
-5.06828,4.86141,4.7176e+06
-5.06828,5.06828,5.38124e+06
-5.06828,5.27515,6.24899e+06
-5.06828,5.48202,7.37274e+06
-5.06828,5.68889,8.81524e+06
-5.06828,5.89576,1.0652e+07
-5.06828,6.10263,1.29731e+07
-5.06828,6.30949,1.58858e+07
-5.06828,6.51636,1.95168e+07
-5.06828,6.72323,2.40151e+07
-5.06828,6.9301,2.9555e+07
-5.06828,7.13697,3.63397e+07
-5.06828,7.34384,4.46048e+07
-5.06828,7.55071,5.46225e+07
-5.06828,7.75758,6.67061e+07
-5.06828,7.96444,8.12149e+07
-5.06828,8.17131,9.85593e+07
-5.06828,8.37818,1.19207e+08
-5.06828,8.58505,1.43688e+08
-5.06828,8.79192,1.72603e+08
-5.06828,8.99879,2.06629e+08
-5.06828,9.20566,2.46529e+08
-5.06828,9.41253,2.9316e+08
-5.06828,9.61939,3.47478e+08
-5.06828,9.82626,4.10553e+08
-5.06828,10.0331,4.83578e+08
-5.06828,10.24,5.67878e+08
-4.86141,-10.24,8.0614e+08
-4.86141,-10.0331,6.90396e+08
-4.86141,-9.82626,5.89574e+08
-4.86141,-9.61939,5.01989e+08
-4.86141,-9.41253,4.26117e+08
-4.86141,-9.20566,3.60585e+08
-4.86141,-8.99879,3.04155e+08
-4.86141,-8.79192,2.55718e+08
-4.86141,-8.58505,2.14278e+08
-4.86141,-8.37818,1.78946e+08
-4.86141,-8.17131,1.48931e+08
-4.86141,-7.96444,1.23527e+08
-4.86141,-7.75758,1.0211e+08
-4.86141,-7.55071,8.41283e+07
-4.86141,-7.34384,6.90945e+07
-4.86141,-7.13697,5.65813e+07
-4.86141,-6.9301,4.62146e+07
-4.86141,-6.72323,3.76678e+07
-4.86141,-6.51636,3.06572e+07
-4.86141,-6.30949,2.4937e+07
-4.86141,-6.10263,2.02955e+07
-4.86141,-5.89576,1.65507e+07
-4.86141,-5.68889,1.35475e+07
-4.86141,-5.48202,1.11536e+07
-4.86141,-5.27515,9.2575e+06
-4.86141,-5.06828,7.76521e+06
-4.86141,-4.86141,6.59823e+06
-4.86141,-4.65455,5.69137e+06
-4.86141,-4.44768,4.99082e+06
-4.86141,-4.24081,4.45252e+06
-4.86141,-4.03394,4.0407e+06
-4.86141,-3.82707,3.72649e+06
-4.86141,-3.6202,3.4869e+06
-4.86141,-3.41333,3.30371e+06
-4.86141,-3.20646,3.16271e+06
-4.86141,-2.9996,3.05289e+06
-4.86141,-2.79273,2.96585e+06
-4.86141,-2.58586,2.89529e+06
-4.86141,-2.37899,2.83651e+06
-4.86141,-2.17212,2.78609e+06
-4.86141,-1.96525,2.7416e+06
-4.86141,-1.75838,2.70131e+06
-4.86141,-1.55152,2.66404e+06
-4.86141,-1.34465,2.62897e+06
-4.86141,-1.13778,2.59559e+06
-4.86141,-0.930909,2.56356e+06
-4.86141,-0.72404,2.53265e+06
-4.86141,-0.517172,2.50274e+06
-4.86141,-0.310303,2.47374e+06
-4.86141,-0.103434,2.44559e+06
-4.86141,0.103434,2.41826e+06
-4.86141,0.310303,2.39175e+06
-4.86141,0.517172,2.36605e+06
-4.86141,0.72404,2.3412e+06
-4.86141,0.930909,2.31723e+06
-4.86141,1.13778,2.29424e+06
-4.86141,1.34465,2.27235e+06
-4.86141,1.55152,2.25178e+06
-4.86141,1.75838,2.23284e+06
-4.86141,1.96525,2.21597e+06
-4.86141,2.17212,2.20186e+06
-4.86141,2.37899,2.19146e+06
-4.86141,2.58586,2.18612e+06
-4.86141,2.79273,2.18775e+06
-4.86141,2.9996,2.19897e+06
-4.86141,3.20646,2.22332e+06
-4.86141,3.41333,2.26562e+06
-4.86141,3.6202,2.33222e+06
-4.86141,3.82707,2.43148e+06
-4.86141,4.03394,2.57423e+06
-4.86141,4.24081,2.77439e+06
-4.86141,4.44768,3.04964e+06
-4.86141,4.65455,3.42227e+06
-4.86141,4.86141,3.92007e+06
-4.86141,5.06828,4.57746e+06
-4.86141,5.27515,5.4367e+06
-4.86141,5.48202,6.54931e+06
-4.86141,5.68889,7.97768e+06
-4.86141,5.89576,9.79686e+06
-4.86141,6.10263,1.20966e+07
-4.86141,6.30949,1.49835e+07
-4.86141,6.51636,1.85838e+07
-4.86141,6.72323,2.30457e+07
-4.86141,6.9301,2.8543e+07
-4.86141,7.13697,3.52781e+07
-4.86141,7.34384,4.34858e+07
-4.86141,7.55071,5.34374e+07
-4.86141,7.75758,6.54453e+07
-4.86141,7.96444,7.98677e+07
-4.86141,8.17131,9.71139e+07
-4.86141,8.37818,1.1765e+08
-4.86141,8.58505,1.42005e+08
-4.86141,8.79192,1.70779e+08
-4.86141,8.99879,2.04647e+08
-4.86141,9.20566,2.4437e+08
-4.86141,9.41253,2.90803e+08
-4.86141,9.61939,3.44901e+08
-4.86141,9.82626,4.07732e+08
-4.86141,10.0331,4.80486e+08
-4.86141,10.24,5.64487e+08
-4.65455,-10.24,8.02265e+08
-4.65455,-10.0331,6.86835e+08
-4.65455,-9.82626,5.86298e+08
-4.65455,-9.61939,4.98973e+08
-4.65455,-9.41253,4.23336e+08
-4.65455,-9.20566,3.58016e+08
-4.65455,-8.99879,3.01778e+08
-4.65455,-8.79192,2.53513e+08
-4.65455,-8.58505,2.12229e+08
-4.65455,-8.37818,1.77037e+08
-4.65455,-8.17131,1.47148e+08
-4.65455,-7.96444,1.21857e+08
-4.65455,-7.75758,1.00541e+08
-4.65455,-7.55071,8.26487e+07
-4.65455,-7.34384,6.76953e+07
-4.65455,-7.13697,5.52539e+07
-4.65455,-6.9301,4.49511e+07
-4.65455,-6.72323,3.64613e+07
-4.65455,-6.51636,2.95013e+07
-4.65455,-6.30949,2.38261e+07
-4.65455,-6.10263,1.92246e+07
-4.65455,-5.89576,1.55155e+07
-4.65455,-5.68889,1.2544e+07
-4.65455,-5.48202,1.01784e+07
-4.65455,-5.27515,8.30761e+06
-4.65455,-5.06828,6.83798e+06
-4.65455,-4.86141,5.69137e+06
-4.65455,-4.65455,4.80287e+06
-4.65455,-4.44768,4.11896e+06
-4.65455,-4.24081,3.59581e+06
-4.65455,-4.03394,3.19785e+06
-4.65455,-3.82707,2.89642e+06
-4.65455,-3.6202,2.66865e+06
-4.65455,-3.41333,2.49649e+06
-4.65455,-3.20646,2.36582e+06
-4.65455,-2.9996,2.26576e+06
-4.65455,-2.79273,2.18799e+06
-4.65455,-2.58586,2.12628e+06
-4.65455,-2.37899,2.07598e+06
-4.65455,-2.17212,2.03375e+06
-4.65455,-1.96525,1.99716e+06
-4.65455,-1.75838,1.96454e+06
-4.65455,-1.55152,1.93473e+06
-4.65455,-1.34465,1.90694e+06
-4.65455,-1.13778,1.88067e+06
-4.65455,-0.930909,1.85558e+06
-4.65455,-0.72404,1.83148e+06
-4.65455,-0.517172,1.80823e+06
-4.65455,-0.310303,1.78576e+06
-4.65455,-0.103434,1.76401e+06
-4.65455,0.103434,1.74296e+06
-4.65455,0.310303,1.7226e+06
-4.65455,0.517172,1.70292e+06
-4.65455,0.72404,1.68396e+06
-4.65455,0.930909,1.66575e+06
-4.65455,1.13778,1.64838e+06
-4.65455,1.34465,1.63198e+06
-4.65455,1.55152,1.61673e+06
-4.65455,1.75838,1.60293e+06
-4.65455,1.96525,1.59103e+06
-4.65455,2.17212,1.58167e+06
-4.65455,2.37899,1.57576e+06
-4.65455,2.58586,1.57464e+06
-4.65455,2.79273,1.58015e+06
-4.65455,2.9996,1.59484e+06
-4.65455,3.20646,1.62222e+06
-4.65455,3.41333,1.66699e+06
-4.65455,3.6202,1.73541e+06
-4.65455,3.82707,1.83573e+06
-4.65455,4.03394,1.97864e+06
-4.65455,4.24081,2.1779e+06
-4.65455,4.44768,2.45102e+06
-4.65455,4.65455,2.82006e+06
-4.65455,4.86141,3.3126e+06
-4.65455,5.06828,3.96277e+06
-4.65455,5.27515,4.81255e+06
-4.65455,5.48202,5.91312e+06
-4.65455,5.68889,7.3265e+06
-4.65455,5.89576,9.12731e+06
-4.65455,6.10263,1.14048e+07
-4.65455,6.30949,1.42652e+07
-4.65455,6.51636,1.7834e+07
-4.65455,6.72323,2.22589e+07
-4.65455,6.9301,2.7713e+07
-4.65455,7.13697,3.43979e+07
-4.65455,7.34384,4.25477e+07
-4.65455,7.55071,5.24328e+07
-4.65455,7.75758,6.43645e+07
-4.65455,7.96444,7.87001e+07
-4.65455,8.17131,9.58478e+07
-4.65455,8.37818,1.16272e+08
-4.65455,8.58505,1.40502e+08
-4.65455,8.79192,1.69134e+08
-4.65455,8.99879,2.02844e+08
-4.65455,9.20566,2.4239e+08
-4.65455,9.41253,2.88625e+08
-4.65455,9.61939,3.42503e+08
-4.65455,9.82626,4.0509e+08
-4.65455,10.0331,4.77574e+08
-4.65455,10.24,5.61275e+08
-4.44768,-10.24,7.98657e+08
-4.44768,-10.0331,6.83538e+08
-4.44768,-9.82626,5.83284e+08
-4.44768,-9.61939,4.96214e+08
-4.44768,-9.41253,4.20809e+08
-4.44768,-9.20566,3.55699e+08
-4.44768,-8.99879,2.9965e+08
-4.44768,-8.79192,2.51556e+08
-4.44768,-8.58505,2.10424e+08
-4.44768,-8.37818,1.7537e+08
-4.44768,-8.17131,1.45604e+08
-4.44768,-7.96444,1.20423e+08
-4.44768,-7.75758,9.92055e+07
-4.44768,-7.55071,8.14014e+07
-4.44768,-7.34384,6.65262e+07
-4.44768,-7.13697,5.41543e+07
-4.44768,-6.9301,4.39133e+07
-4.44768,-6.72323,3.54782e+07
-4.44768,-6.51636,2.85667e+07
-4.44768,-6.30949,2.29346e+07
-4.44768,-6.10263,1.83711e+07
-4.44768,-5.89576,1.46957e+07
-4.44768,-5.68889,1.1754e+07
-4.44768,-5.48202,9.41494e+06
-4.44768,-5.27515,7.56759e+06
-4.44768,-5.06828,6.11883e+06
-4.44768,-4.86141,4.99082e+06
-4.44768,-4.65455,4.11896e+06
-4.44768,-4.44768,3.44999e+06
-4.44768,-4.24081,2.94032e+06
-4.44768,-4.03394,2.55458e+06
-4.44768,-3.82707,2.26431e+06
-4.44768,-3.6202,2.04678e+06
-4.44768,-3.41333,1.88408e+06
-4.44768,-3.20646,1.76222e+06
-4.44768,-2.9996,1.67041e+06
-4.44768,-2.79273,1.60041e+06
-4.44768,-2.58586,1.54607e+06
-4.44768,-2.37899,1.50281e+06
-4.44768,-2.17212,1.46731e+06
-4.44768,-1.96525,1.43722e+06
-4.44768,-1.75838,1.41088e+06
-4.44768,-1.55152,1.38715e+06
-4.44768,-1.34465,1.36527e+06
-4.44768,-1.13778,1.34476e+06
-4.44768,-0.930909,1.3253e+06
-4.44768,-0.72404,1.30669e+06
-4.44768,-0.517172,1.28881e+06
-4.44768,-0.310303,1.27159e+06
-4.44768,-0.103434,1.25498e+06
-4.44768,0.103434,1.23895e+06
-4.44768,0.310303,1.2235e+06
-4.44768,0.517172,1.20862e+06
-4.44768,0.72404,1.19435e+06
-4.44768,0.930909,1.18072e+06
-4.44768,1.13778,1.1678e+06
-4.44768,1.34465,1.15571e+06
-4.44768,1.55152,1.14465e+06
-4.44768,1.75838,1.13488e+06
-4.44768,1.96525,1.12683e+06
-4.44768,2.17212,1.12112e+06
-4.44768,2.37899,1.11865e+06
-4.44768,2.58586,1.12068e+06
-4.44768,2.79273,1.12904e+06
-4.44768,2.9996,1.1462e+06
-4.44768,3.20646,1.17561e+06
-4.44768,3.41333,1.22188e+06
-4.44768,3.6202,1.29118e+06
-4.44768,3.82707,1.39163e+06
-4.44768,4.03394,1.5338e+06
-4.44768,4.24081,1.73128e+06
-4.44768,4.44768,2.00141e+06
-4.44768,4.65455,2.36604e+06
-4.44768,4.86141,2.85252e+06
-4.44768,5.06828,3.49472e+06
-4.44768,5.27515,4.33431e+06
-4.44768,5.48202,5.42214e+06
-4.44768,5.68889,6.81984e+06
-4.44768,5.89576,8.60165e+06
-4.44768,6.10263,1.08564e+07
-4.44768,6.30949,1.36896e+07
-4.44768,6.51636,1.72264e+07
-4.44768,6.72323,2.16139e+07
-4.44768,6.9301,2.70244e+07
-4.44768,7.13697,3.36587e+07
-4.44768,7.34384,4.17502e+07
-4.44768,7.55071,5.15684e+07
-4.44768,7.75758,6.34238e+07
-4.44768,7.96444,7.76725e+07
-4.44768,8.17131,9.47215e+07
-4.44768,8.37818,1.15035e+08
-4.44768,8.58505,1.39139e+08
-4.44768,8.79192,1.6763e+08
-4.44768,8.99879,2.01181e+08
-4.44768,9.20566,2.4055e+08
-4.44768,9.41253,2.86587e+08
-4.44768,9.61939,3.40245e+08
-4.44768,9.82626,4.02589e+08
-4.44768,10.0331,4.74803e+08
-4.44768,10.24,5.58206e+08
-4.24081,-10.24,7.95267e+08
-4.24081,-10.0331,6.80455e+08
-4.24081,-9.82626,5.80481e+08
-4.24081,-9.61939,4.93665e+08
-4.24081,-9.41253,4.18489e+08
-4.24081,-9.20566,3.53585e+08
-4.24081,-8.99879,2.97723e+08
-4.24081,-8.79192,2.49796e+08
-4.24081,-8.58505,2.08816e+08
-4.24081,-8.37818,1.73897e+08
-4.24081,-8.17131,1.44251e+08
-4.24081,-7.96444,1.19179e+08
-4.24081,-7.75758,9.80574e+07
-4.24081,-7.55071,8.0339e+07
-4.24081,-7.34384,6.554e+07
-4.24081,-7.13697,5.32357e+07
-4.24081,-6.9301,4.30545e+07
-4.24081,-6.72323,3.46724e+07
-4.24081,-6.51636,2.78076e+07
-4.24081,-6.30949,2.22167e+07
-4.24081,-6.10263,1.76896e+07
-4.24081,-5.89576,1.40462e+07
-4.24081,-5.68889,1.11326e+07
-4.24081,-5.48202,8.81837e+06
-4.24081,-5.27515,6.9929e+06
-4.24081,-5.06828,5.56345e+06
-4.24081,-4.86141,4.45252e+06
-4.24081,-4.65455,3.59581e+06
-4.24081,-4.44768,2.94032e+06
-4.24081,-4.24081,2.4427e+06
-4.24081,-4.03394,2.06779e+06
-4.24081,-3.82707,1.78728e+06
-4.24081,-3.6202,1.57863e+06
-4.24081,-3.41333,1.42407e+06
-4.24081,-3.20646,1.3097e+06
-4.24081,-2.9996,1.22484e+06
-4.24081,-2.79273,1.16135e+06
-4.24081,-2.58586,1.11314e+06
-4.24081,-2.37899,1.07567e+06
-4.24081,-2.17212,1.04571e+06
-4.24081,-1.96525,1.02092e+06
-4.24081,-1.75838,999674
-4.24081,-1.55152,980872
-4.24081,-1.34465,963767
-4.24081,-1.13778,947890
-4.24081,-0.930909,932937
-4.24081,-0.72404,918720
-4.24081,-0.517172,905125
-4.24081,-0.310303,892081
-4.24081,-0.103434,879550
-4.24081,0.103434,867503
-4.24081,0.310303,855938
-4.24081,0.517172,844855
-4.24081,0.72404,834271
-4.24081,0.930909,824222
-4.24081,1.13778,814788
-4.24081,1.34465,806067
-4.24081,1.55152,798242
-4.24081,1.75838,791576
-4.24081,1.96525,786473
-4.24081,2.17212,783527
-4.24081,2.37899,783601
-4.24081,2.58586,787934
-4.24081,2.79273,798291
-4.24081,2.9996,817101
-4.24081,3.20646,847732
-4.24081,3.41333,894719
-4.24081,3.6202,964129
-4.24081,3.82707,1.06397e+06
-4.24081,4.03394,1.20468e+06
-4.24081,4.24081,1.39969e+06
-4.24081,4.44768,1.66616e+06
-4.24081,4.65455,2.02574e+06
-4.24081,4.86141,2.50554e+06
-4.24081,5.06828,3.13917e+06
-4.24081,5.27515,3.96801e+06
-4.24081,5.48202,5.04257e+06
-4.24081,5.68889,6.42412e+06
-4.24081,5.89576,8.18646e+06
-4.24081,6.10263,1.04179e+07
-4.24081,6.30949,1.32237e+07
-4.24081,6.51636,1.67282e+07
-4.24081,6.72323,2.10778e+07
-4.24081,6.9301,2.64444e+07
-4.24081,7.13697,3.3028e+07
-4.24081,7.34384,4.10611e+07
-4.24081,7.55071,5.08123e+07
-4.24081,7.75758,6.25912e+07
-4.24081,7.96444,7.67529e+07
-4.24081,8.17131,9.37033e+07
-4.24081,8.37818,1.13905e+08
-4.24081,8.58505,1.37883e+08
-4.24081,8.79192,1.66233e+08
-4.24081,8.99879,1.99626e+08
-4.24081,9.20566,2.38819e+08
-4.24081,9.41253,2.84659e+08
-4.24081,9.61939,3.38098e+08
-4.24081,9.82626,4.00198e+08
-4.24081,10.0331,4.72143e+08
-4.24081,10.24,5.55248e+08
-4.03394,-10.24,7.92051e+08
-4.03394,-10.0331,6.77545e+08
-4.03394,-9.82626,5.77848e+08
-4.03394,-9.61939,4.91282e+08
-4.03394,-9.41253,4.16333e+08
-4.03394,-9.20566,3.51634e+08
-4.03394,-8.99879,2.95956e+08
-4.03394,-8.79192,2.48195e+08
-4.03394,-8.58505,2.07363e+08
-4.03394,-8.37818,1.72578e+08
-4.03394,-8.17131,1.43051e+08
-4.03394,-7.96444,1.18084e+08
-4.03394,-7.75758,9.70575e+07
-4.03394,-7.55071,7.94231e+07
-4.03394,-7.34384,6.46984e+07
-4.03394,-7.13697,5.246e+07
-4.03394,-6.9301,4.23369e+07
-4.03394,-6.72323,3.4006e+07
-4.03394,-6.51636,2.71864e+07
-4.03394,-6.30949,2.16351e+07
-4.03394,-6.10263,1.71428e+07
-4.03394,-5.89576,1.35299e+07
-4.03394,-5.68889,1.06432e+07
-4.03394,-5.48202,8.3523e+06
-4.03394,-5.27515,6.54733e+06
-4.03394,-5.06828,5.13585e+06
-4.03394,-4.86141,4.0407e+06
-4.03394,-4.65455,3.19785e+06
-4.03394,-4.44768,2.55458e+06
-4.03394,-4.24081,2.06779e+06
-4.03394,-4.03394,1.70248e+06
-4.03394,-3.82707,1.43057e+06
-4.03394,-3.6202,1.22966e+06
-4.03394,-3.41333,1.08209e+06
-4.03394,-3.20646,974107
-4.03394,-2.9996,895118
-4.03394,-2.79273,837061
-4.03394,-2.58586,793916
-4.03394,-2.37899,761227
-4.03394,-2.17212,735779
-4.03394,-1.96525,715282
-4.03394,-1.75838,698152
-4.03394,-1.55152,683301
-4.03394,-1.34465,670010
-4.03394,-1.13778,657830
-4.03394,-0.930909,646457
-4.03394,-0.72404,635719
-4.03394,-0.517172,625507
-4.03394,-0.310303,615756
-4.03394,-0.103434,606432
-4.03394,0.103434,597508
-4.03394,0.310303,588979
-4.03394,0.517172,580847
-4.03394,0.72404,573130
-4.03394,0.930909,565859
-4.03394,1.13778,559107
-4.03394,1.34465,552970
-4.03394,1.55152,547615
-4.03394,1.75838,543295
-4.03394,1.96525,540396
-4.03394,2.17212,539486
-4.03394,2.37899,541398
-4.03394,2.58586,547339
-4.03394,2.79273,559014
-4.03394,2.9996,578815
-4.03394,3.20646,610026
-4.03394,3.41333,657103
-4.03394,3.6202,726022
-4.03394,3.82707,824672
-4.03394,4.03394,963351
-4.03394,4.24081,1.15535e+06
-4.03394,4.44768,1.41765e+06
-4.03394,4.65455,1.77169e+06
-4.03394,4.86141,2.24435e+06
-4.03394,5.06828,2.86898e+06
-4.03394,5.27515,3.68666e+06
-4.03394,5.48202,4.74757e+06
-4.03394,5.68889,6.11261e+06
-4.03394,5.89576,7.85517e+06
-4.03394,6.10263,1.00631e+07
-4.03394,6.30949,1.28412e+07
-4.03394,6.51636,1.63131e+07
-4.03394,6.72323,2.06248e+07
-4.03394,6.9301,2.59473e+07
-4.03394,7.13697,3.24801e+07
-4.03394,7.34384,4.04547e+07
-4.03394,7.55071,5.0139e+07
-4.03394,7.75758,6.18414e+07
-4.03394,7.96444,7.59162e+07
-4.03394,8.17131,9.27681e+07
-4.03394,8.37818,1.12859e+08
-4.03394,8.58505,1.36712e+08
-4.03394,8.79192,1.64921e+08
-4.03394,8.99879,1.98156e+08
-4.03394,9.20566,2.37172e+08
-4.03394,9.41253,2.82816e+08
-4.03394,9.61939,3.36037e+08
-4.03394,9.82626,3.97894e+08
-4.03394,10.0331,4.6957e+08
-4.03394,10.24,5.52378e+08
-3.82707,-10.24,7.88977e+08
-3.82707,-10.0331,6.74774e+08
-3.82707,-9.82626,5.75351e+08
-3.82707,-9.61939,4.89034e+08
-3.82707,-9.41253,4.1431e+08
-3.82707,-9.20566,3.49813e+08
-3.82707,-8.99879,2.94317e+08
-3.82707,-8.79192,2.4672e+08
-3.82707,-8.58505,2.06035e+08
-3.82707,-8.37818,1.7138e+08
-3.82707,-8.17131,1.41971e+08
-3.82707,-7.96444,1.17108e+08
-3.82707,-7.75758,9.61743e+07
-3.82707,-7.55071,7.86221e+07
-3.82707,-7.34384,6.39703e+07
-3.82707,-7.13697,5.17961e+07
-3.82707,-6.9301,4.17297e+07
-3.82707,-6.72323,3.34487e+07
-3.82707,-6.51636,2.66728e+07
-3.82707,-6.30949,2.11598e+07
-3.82707,-6.10263,1.6701e+07
-3.82707,-5.89576,1.31173e+07
-3.82707,-5.68889,1.0256e+07
-3.82707,-5.48202,7.98732e+06
-3.82707,-5.27515,6.20167e+06
-3.82707,-5.06828,4.80701e+06
-3.82707,-4.86141,3.72649e+06
-3.82707,-4.65455,2.89642e+06
-3.82707,-4.44768,2.26431e+06
-3.82707,-4.24081,1.78728e+06
-3.82707,-4.03394,1.43057e+06
-3.82707,-3.82707,1.16626e+06
-3.82707,-3.6202,972094
-3.82707,-3.41333,830569
-3.82707,-3.20646,728036
-3.82707,-2.9996,653996
-3.82707,-2.79273,600477
-3.82707,-2.58586,561522
-3.82707,-2.37899,532736
-3.82707,-2.17212,510954
-3.82707,-1.96525,493924
-3.82707,-1.75838,480084
-3.82707,-1.55152,468385
-3.82707,-1.34465,458122
-3.82707,-1.13778,448851
-3.82707,-0.930909,440297
-3.82707,-0.72404,432286
-3.82707,-0.517172,424717
-3.82707,-0.310303,417530
-3.82707,-0.103434,410697
-3.82707,0.103434,404188
-3.82707,0.310303,398001
-3.82707,0.517172,392138
-3.82707,0.72404,386621
-3.82707,0.930909,381470
-3.82707,1.13778,376753
-3.82707,1.34465,372565
-3.82707,1.55152,369058
-3.82707,1.75838,366475
-3.82707,1.96525,365182
-3.82707,2.17212,365727
-3.82707,2.37899,368910
-3.82707,2.58586,375902
-3.82707,2.79273,388365
-3.82707,2.9996,408631
-3.82707,3.20646,439918
-3.82707,3.41333,486599
-3.82707,3.6202,554560
-3.82707,3.82707,651568
-3.82707,4.03394,787795
-3.82707,4.24081,976376
-3.82707,4.44768,1.23411e+06
-3.82707,4.65455,1.58225e+06
-3.82707,4.86141,2.04743e+06
-3.82707,5.06828,2.66275e+06
-3.82707,5.27515,3.46899e+06
-3.82707,5.48202,4.516e+06
-3.82707,5.68889,5.86431e+06
-3.82707,5.89576,7.58691e+06
-3.82707,6.10263,9.77121e+06
-3.82707,6.30949,1.25213e+07
-3.82707,6.51636,1.59606e+07
-3.82707,6.72323,2.02344e+07
-3.82707,6.9301,2.55129e+07
-3.82707,7.13697,3.19948e+07
-3.82707,7.34384,3.9911e+07
-3.82707,7.55071,4.95284e+07
-3.82707,7.75758,6.11547e+07
-3.82707,7.96444,7.51428e+07
-3.82707,8.17131,9.18965e+07
-3.82707,8.37818,1.11876e+08
-3.82707,8.58505,1.35604e+08
-3.82707,8.79192,1.63673e+08
-3.82707,8.99879,1.96751e+08
-3.82707,9.20566,2.35592e+08
-3.82707,9.41253,2.8104e+08
-3.82707,9.61939,3.34042e+08
-3.82707,9.82626,3.95658e+08
-3.82707,10.0331,4.67066e+08
-3.82707,10.24,5.49578e+08
-3.6202,-10.24,7.86016e+08
-3.6202,-10.0331,6.72114e+08
-3.6202,-9.82626,5.72964e+08
-3.6202,-9.61939,4.86893e+08
-3.6202,-9.41253,4.12391e+08
-3.6202,-9.20566,3.48095e+08
-3.6202,-8.99879,2.92779e+08
-3.6202,-8.79192,2.45344e+08
-3.6202,-8.58505,2.04804e+08
-3.6202,-8.37818,1.70279e+08
-3.6202,-8.17131,1.40985e+08
-3.6202,-7.96444,1.16225e+08
-3.6202,-7.75758,9.53825e+07
-3.6202,-7.55071,7.79111e+07
-3.6202,-7.34384,6.33306e+07
-3.6202,-7.13697,5.12194e+07
-3.6202,-6.9301,4.12083e+07
-3.6202,-6.72323,3.29758e+07
-3.6202,-6.51636,2.62424e+07
-3.6202,-6.30949,2.07665e+07
-3.6202,-6.10263,1.634e+07
-3.6202,-5.89576,1.27844e+07
-3.6202,-5.68889,9.94748e+06
-3.6202,-5.48202,7.69994e+06
-3.6202,-5.27515,5.93258e+06
-3.6202,-5.06828,4.55374e+06
-3.6202,-4.86141,3.4869e+06
-3.6202,-4.65455,2.66865e+06
-3.6202,-4.44768,2.04678e+06
-3.6202,-4.24081,1.57863e+06
-3.6202,-4.03394,1.22966e+06
-3.6202,-3.82707,972094
-3.6202,-3.6202,783859
-3.6202,-3.41333,647576
-3.6202,-3.20646,549706
-3.6202,-2.9996,479851
-3.6202,-2.79273,430119
-3.6202,-2.58586,394622
-3.6202,-2.37899,369026
-3.6202,-2.17212,350204
-3.6202,-1.96525,335950
-3.6202,-1.75838,324730
-3.6202,-1.55152,315518
-3.6202,-1.34465,307629
-3.6202,-1.13778,300639
-3.6202,-0.930909,294273
-3.6202,-0.72404,288376
-3.6202,-0.517172,282844
-3.6202,-0.310303,277630
-3.6202,-0.103434,272703
-3.6202,0.103434,268038
-3.6202,0.310303,263634
-3.6202,0.517172,259495
-3.6202,0.72404,255631
-3.6202,0.930909,252070
-3.6202,1.13778,248871
-3.6202,1.34465,246121
-3.6202,1.55152,243969
-3.6202,1.75838,242640
-3.6202,1.96525,242483
-3.6202,2.17212,244019
-3.6202,2.37899,248029
-3.6202,2.58586,255639
-3.6202,2.79273,268472
-3.6202,2.9996,288799
-3.6202,3.20646,319774
-3.6202,3.41333,365694
-3.6202,3.6202,432338
-3.6202,3.82707,527370
-3.6202,4.03394,660829
-3.6202,4.24081,845698
-3.6202,4.44768,1.0986e+06
-3.6202,4.65455,1.44058e+06
-3.6202,4.86141,1.89806e+06
-3.6202,5.06828,2.50387e+06
-3.6202,5.27515,3.29849e+06
-3.6202,5.48202,4.33145e+06
-3.6202,5.68889,5.66291e+06
-3.6202,5.89576,7.36545e+06
-3.6202,6.10263,9.52603e+06
-3.6202,6.30949,1.22483e+07
-3.6202,6.51636,1.5655e+07
-3.6202,6.72323,1.98908e+07
-3.6202,6.9301,2.51253e+07
-3.6202,7.13697,3.15565e+07
-3.6202,7.34384,3.94145e+07
-3.6202,7.55071,4.89653e+07
-3.6202,7.75758,6.05155e+07
-3.6202,7.96444,7.44173e+07
-3.6202,8.17131,9.10732e+07
-3.6202,8.37818,1.10942e+08
-3.6202,8.58505,1.34546e+08
-3.6202,8.79192,1.62475e+08
-3.6202,8.99879,1.95397e+08
-3.6202,9.20566,2.34062e+08
-3.6202,9.41253,2.79315e+08
-3.6202,9.61939,3.321e+08
-3.6202,9.82626,3.93475e+08
-3.6202,10.0331,4.64616e+08
-3.6202,10.24,5.46834e+08
-3.41333,-10.24,7.83147e+08
-3.41333,-10.0331,6.69544e+08
-3.41333,-9.82626,5.70664e+08
-3.41333,-9.61939,4.84838e+08
-3.41333,-9.41253,4.10556e+08
-3.41333,-9.20566,3.46459e+08
-3.41333,-8.99879,2.91322e+08
-3.41333,-8.79192,2.44047e+08
-3.41333,-8.58505,2.0365e+08
-3.41333,-8.37818,1.69253e+08
-3.41333,-8.17131,1.40073e+08
-3.41333,-7.96444,1.15415e+08
-3.41333,-7.75758,9.46617e+07
-3.41333,-7.55071,7.72698e+07
-3.41333,-7.34384,6.27595e+07
-3.41333,-7.13697,5.07099e+07
-3.41333,-6.9301,4.0753e+07
-3.41333,-6.72323,3.25678e+07
-3.41333,-6.51636,2.58758e+07
-3.41333,-6.30949,2.0436e+07
-3.41333,-6.10263,1.60408e+07
-3.41333,-5.89576,1.25123e+07
-3.41333,-5.68889,9.69885e+06
-3.41333,-5.48202,7.47153e+06
-3.41333,-5.27515,5.72159e+06
-3.41333,-5.06828,4.3577e+06
-3.41333,-4.86141,3.30371e+06
-3.41333,-4.65455,2.49649e+06
-3.41333,-4.44768,1.88408e+06
-3.41333,-4.24081,1.42407e+06
-3.41333,-4.03394,1.08209e+06
-3.41333,-3.82707,830569
-3.41333,-3.6202,647576
-3.41333,-3.41333,515857
-3.41333,-3.20646,421998
-3.41333,-2.9996,355689
-3.41333,-2.79273,309127
-3.41333,-2.58586,276485
-3.41333,-2.37899,253482
-3.41333,-2.17212,237047
-3.41333,-1.96525,225004
-3.41333,-1.75838,215855
-3.41333,-1.55152,208590
-3.41333,-1.34465,202549
-3.41333,-1.13778,197319
-3.41333,-0.930909,192637
-3.41333,-0.72404,188355
-3.41333,-0.517172,184377
-3.41333,-0.310303,180658
-3.41333,-0.103434,177168
-3.41333,0.103434,173893
-3.41333,0.310303,170820
-3.41333,0.517172,167960
-3.41333,0.72404,165324
-3.41333,0.930909,162932
-3.41333,1.13778,160843
-3.41333,1.34465,159136
-3.41333,1.55152,157947
-3.41333,1.75838,157493
-3.41333,1.96525,158101
-3.41333,2.17212,160276
-3.41333,2.37899,164768
-3.41333,2.58586,172663
-3.41333,2.79273,185548
-3.41333,2.9996,205631
-3.41333,3.20646,236005
-3.41333,3.41333,280883
-3.41333,3.6202,345956
-3.41333,3.82707,438774
-3.41333,4.03394,569244
-3.41333,4.24081,750194
-3.41333,4.44768,998082
-3.41333,4.65455,1.33375e+06
-3.41333,4.86141,1.78339e+06
-3.41333,5.06828,2.37956e+06
-3.41333,5.27515,3.16247e+06
-3.41333,5.48202,4.18133e+06
-3.41333,5.68889,5.49591e+06
-3.41333,5.89576,7.17838e+06
-3.41333,6.10263,9.31526e+06
-3.41333,6.30949,1.20097e+07
-3.41333,6.51636,1.53838e+07
-3.41333,6.72323,1.95818e+07
-3.41333,6.9301,2.47726e+07
-3.41333,7.13697,3.11533e+07
-3.41333,7.34384,3.89533e+07
-3.41333,7.55071,4.84378e+07
-3.41333,7.75758,5.99124e+07
-3.41333,7.96444,7.37282e+07
-3.41333,8.17131,9.02867e+07
-3.41333,8.37818,1.10046e+08
-3.41333,8.58505,1.33525e+08
-3.41333,8.79192,1.61315e+08
-3.41333,8.99879,1.94081e+08
-3.41333,9.20566,2.32572e+08
-3.41333,9.41253,2.7763e+08
-3.41333,9.61939,3.302e+08
-3.41333,9.82626,3.91334e+08
-3.41333,10.0331,4.6221e+08
-3.41333,10.24,5.44133e+08
-3.20646,-10.24,7.80352e+08
-3.20646,-10.0331,6.67045e+08
-3.20646,-9.82626,5.68434e+08
-3.20646,-9.61939,4.82851e+08
-3.20646,-9.41253,4.08788e+08
-3.20646,-9.20566,3.44888e+08
-3.20646,-8.99879,2.89928e+08
-3.20646,-8.79192,2.42811e+08
-3.20646,-8.58505,2.02556e+08
-3.20646,-8.37818,1.68286e+08
-3.20646,-8.17131,1.39219e+08
-3.20646,-7.96444,1.1466e+08
-3.20646,-7.75758,9.3996e+07
-3.20646,-7.55071,7.66824e+07
-3.20646,-7.34384,6.2241e+07
-3.20646,-7.13697,5.02521e+07
-3.20646,-6.9301,4.03483e+07
-3.20646,-6.72323,3.22096e+07
-3.20646,-6.51636,2.5558e+07
-3.20646,-6.30949,2.01532e+07
-3.20646,-6.10263,1.57884e+07
-3.20646,-5.89576,1.22862e+07
-3.20646,-5.68889,9.4954e+06
-3.20646,-5.48202,7.28751e+06
-3.20646,-5.27515,5.55421e+06
-3.20646,-5.06828,4.20456e+06
-3.20646,-4.86141,3.16271e+06
-3.20646,-4.65455,2.36582e+06
-3.20646,-4.44768,1.76222e+06
-3.20646,-4.24081,1.3097e+06
-3.20646,-4.03394,974107
-3.20646,-3.82707,728036
-3.20646,-3.6202,549706
-3.20646,-3.41333,421998
-3.20646,-3.20646,331607
-3.20646,-2.9996,268321
-3.20646,-2.79273,224415
-3.20646,-2.58586,194130
-3.20646,-2.37899,173243
-3.20646,-2.17212,158722
-3.20646,-1.96525,148434
-3.20646,-1.75838,140907
-3.20646,-1.55152,135155
-3.20646,-1.34465,130533
-3.20646,-1.13778,126647
-3.20646,-0.930909,123245
-3.20646,-0.72404,120180
-3.20646,-0.517172,117369
-3.20646,-0.310303,114765
-3.20646,-0.103434,112345
-3.20646,0.103434,110093
-3.20646,0.310303,108002
-3.20646,0.517172,106076
-3.20646,0.72404,104331
-3.20646,0.930909,102780
-3.20646,1.13778,101482
-3.20646,1.34465,100503
-3.20646,1.55152,99978.1
-3.20646,1.75838,100105
-3.20646,1.96525,101202
-3.20646,2.17212,103745
-3.20646,2.37899,108457
-3.20646,2.58586,116394
-3.20646,2.79273,129093
-3.20646,2.9996,148709
-3.20646,3.20646,178274
-3.20646,3.41333,221919
-3.20646,3.6202,285238
-3.20646,3.82707,375678
-3.20646,4.03394,503012
-3.20646,4.24081,679924
-3.20646,4.44768,922687
-3.20646,4.65455,1.25195e+06
-3.20646,4.86141,1.69368e+06
-3.20646,5.06828,2.28018e+06
-3.20646,5.27515,3.05137e+06
-3.20646,5.48202,4.05612e+06
-3.20646,5.68889,5.35385e+06
-3.20646,5.89576,7.01633e+06
-3.20646,6.10263,9.1296e+06
-3.20646,6.30949,1.17963e+07
-3.20646,6.51636,1.51381e+07
-3.20646,6.72323,1.92985e+07
-3.20646,6.9301,2.44456e+07
-3.20646,7.13697,3.07762e+07
-3.20646,7.34384,3.85185e+07
-3.20646,7.55071,4.7937e+07
-3.20646,7.75758,5.93363e+07
-3.20646,7.96444,7.30666e+07
-3.20646,8.17131,8.95282e+07
-3.20646,8.37818,1.09178e+08
-3.20646,8.58505,1.32534e+08
-3.20646,8.79192,1.60185e+08
-3.20646,8.99879,1.92796e+08
-3.20646,9.20566,2.31113e+08
-3.20646,9.41253,2.75978e+08
-3.20646,9.61939,3.28332e+08
-3.20646,9.82626,3.89228e+08
-3.20646,10.0331,4.59838e+08
-3.20646,10.24,5.41469e+08
-2.9996,-10.24,7.77617e+08
-2.9996,-10.0331,6.64605e+08
-2.9996,-9.82626,5.6626e+08
-2.9996,-9.61939,4.80918e+08
-2.9996,-9.41253,4.07073e+08
-2.9996,-9.20566,3.43368e+08
-2.9996,-8.99879,2.88583e+08
-2.9996,-8.79192,2.41624e+08
-2.9996,-8.58505,2.0151e+08
-2.9996,-8.37818,1.67365e+08
-2.9996,-8.17131,1.38409e+08
-2.9996,-7.96444,1.1395e+08
-2.9996,-7.75758,9.33729e+07
-2.9996,-7.55071,7.61365e+07
-2.9996,-7.34384,6.17631e+07
-2.9996,-7.13697,4.98338e+07
-2.9996,-6.9301,3.99822e+07
-2.9996,-6.72323,3.18889e+07
-2.9996,-6.51636,2.52769e+07
-2.9996,-6.30949,1.99065e+07
-2.9996,-6.10263,1.55713e+07
-2.9996,-5.89576,1.20946e+07
-2.9996,-5.68889,9.32571e+06
-2.9996,-5.48202,7.13657e+06
-2.9996,-5.27515,5.41925e+06
-2.9996,-5.06828,4.0832e+06
-2.9996,-4.86141,3.05289e+06
-2.9996,-4.65455,2.26576e+06
-2.9996,-4.44768,1.67041e+06
-2.9996,-4.24081,1.22484e+06
-2.9996,-4.03394,895118
-2.9996,-3.82707,653996
-2.9996,-3.6202,479851
-2.9996,-3.41333,355689
-2.9996,-3.20646,268321
-2.9996,-2.9996,207630
-2.9996,-2.79273,165962
-2.9996,-2.58586,137630
-2.9996,-2.37899,118467
-2.9996,-2.17212,105483
-2.9996,-1.96525,96577.8
-2.9996,-1.75838,90313.1
-2.9996,-1.55152,85726.5
-2.9996,-1.34465,82188.3
-2.9996,-1.13778,79317.2
-2.9996,-0.930909,76870.9
-2.9996,-0.72404,74709.7
-2.9996,-0.517172,72759.7
-2.9996,-0.310303,70974.9
-2.9996,-0.103434,69335.5
-2.9996,0.103434,67825.6
-2.9996,0.310303,66440.7
-2.9996,0.517172,65180.9
-2.9996,0.72404,64065.2
-2.9996,0.930909,63104.8
-2.9996,1.13778,62352.8
-2.9996,1.34465,61869.4
-2.9996,1.55152,61778.1
-2.9996,1.75838,62271.9
-2.9996,1.96525,63644.1
-2.9996,2.17212,66352.1
-2.9996,2.37899,71097.8
-2.9996,2.58586,78895.9
-2.9996,2.79273,91241.5
-2.9996,2.9996,110238
-2.9996,3.20646,138848
-2.9996,3.41333,181129
-2.9996,3.6202,242586
-2.9996,3.82707,330545
-2.9996,4.03394,454661
-2.9996,4.24081,627462
-2.9996,4.44768,865052
-2.9996,4.65455,1.18789e+06
-2.9996,4.86141,1.6217e+06
-2.9996,5.06828,2.19855e+06
-2.9996,5.27515,2.95805e+06
-2.9996,5.48202,3.94876e+06
-2.9996,5.68889,5.22973e+06
-2.9996,5.89576,6.87232e+06
-2.9996,6.10263,8.96214e+06
-2.9996,6.30949,1.16013e+07
-2.9996,6.51636,1.4911e+07
-2.9996,6.72323,1.90339e+07
-2.9996,6.9301,2.41378e+07
-2.9996,7.13697,3.04185e+07
-2.9996,7.34384,3.81035e+07
-2.9996,7.55071,4.74563e+07
-2.9996,7.75758,5.87809e+07
-2.9996,7.96444,7.24261e+07
-2.9996,8.17131,8.87914e+07
-2.9996,8.37818,1.08332e+08
-2.9996,8.58505,1.31566e+08
-2.9996,8.79192,1.59079e+08
-2.9996,8.99879,1.91535e+08
-2.9996,9.20566,2.2968e+08
-2.9996,9.41253,2.74352e+08
-2.9996,9.61939,3.26492e+08
-2.9996,9.82626,3.87149e+08
-2.9996,10.0331,4.57496e+08
-2.9996,10.24,5.38834e+08
-2.79273,-10.24,7.7493e+08
-2.79273,-10.0331,6.62211e+08
-2.79273,-9.82626,5.64132e+08
-2.79273,-9.61939,4.7903e+08
-2.79273,-9.41253,4.054e+08
-2.79273,-9.20566,3.41889e+08
-2.79273,-8.99879,2.87279e+08
-2.79273,-8.79192,2.40476e+08
-2.79273,-8.58505,2.00501e+08
-2.79273,-8.37818,1.6648e+08
-2.79273,-8.17131,1.37634e+08
-2.79273,-7.96444,1.13273e+08
-2.79273,-7.75758,9.27826e+07
-2.79273,-7.55071,7.56225e+07
-2.79273,-7.34384,6.13162e+07
-2.79273,-7.13697,4.94456e+07
-2.79273,-6.9301,3.96453e+07
-2.79273,-6.72323,3.15968e+07
-2.79273,-6.51636,2.50236e+07
-2.79273,-6.30949,1.96867e+07
-2.79273,-6.10263,1.53805e+07
-2.79273,-5.89576,1.19287e+07
-2.79273,-5.68889,9.18103e+06
-2.79273,-5.48202,7.01004e+06
-2.79273,-5.27515,5.30814e+06
-2.79273,-5.06828,3.98515e+06
-2.79273,-4.86141,2.96585e+06
-2.79273,-4.65455,2.18799e+06
-2.79273,-4.44768,1.60041e+06
-2.79273,-4.24081,1.16135e+06
-2.79273,-4.03394,837061
-2.79273,-3.82707,600477
-2.79273,-3.6202,430119
-2.79273,-3.41333,309127
-2.79273,-3.20646,224415
-2.79273,-2.9996,165962
-2.79273,-2.79273,126194
-2.79273,-2.58586,99490.4
-2.79273,-2.37899,81732.6
-2.79273,-2.17212,69982.2
-2.79273,-1.96525,62168
-2.79273,-1.75838,56883.6
-2.79273,-1.55152,53184.5
-2.79273,-1.34465,50462.8
-2.79273,-1.13778,48349.1
-2.79273,-0.930909,46606
-2.79273,-0.72404,45110.5
-2.79273,-0.517172,43781.2
-2.79273,-0.310303,42584.1
-2.79273,-0.103434,41503.5
-2.79273,0.103434,40517.3
-2.79273,0.310303,39628.1
-2.79273,0.517172,38837.7
-2.79273,0.72404,38153.9
-2.79273,0.930909,37595
-2.79273,1.13778,37205.2
-2.79273,1.34465,37042.1
-2.79273,1.55152,37220.5
-2.79273,1.75838,37913.8
-2.79273,1.96525,39409.3
-2.79273,2.17212,42146.2
-2.79273,2.37899,46788.3
-2.79273,2.58586,54324.2
-2.79273,2.79273,66200.5
-2.79273,2.9996,84473.7
-2.79273,3.20646,112042
-2.79273,3.41333,152884
-2.79273,3.6202,212408
-2.79273,3.82707,297844
-2.79273,4.03394,418702
-2.79273,4.24081,587376
-2.79273,4.44768,819797
-2.79273,4.65455,1.13622e+06
-2.79273,4.86141,1.56215e+06
-2.79273,5.06828,2.1294e+06
-2.79273,5.27515,2.8773e+06
-2.79273,5.48202,3.85407e+06
-2.79273,5.68889,5.11842e+06
-2.79273,5.89576,6.74128e+06
-2.79273,6.10263,8.80783e+06
-2.79273,6.30949,1.14197e+07
-2.79273,6.51636,1.46974e+07
-2.79273,6.72323,1.87833e+07
-2.79273,6.9301,2.38442e+07
-2.79273,7.13697,3.00753e+07
-2.79273,7.34384,3.77034e+07
-2.79273,7.55071,4.69911e+07
-2.79273,7.75758,5.82413e+07
-2.79273,7.96444,7.1802e+07
-2.79273,8.17131,8.80715e+07
-2.79273,8.37818,1.07504e+08
-2.79273,8.58505,1.30616e+08
-2.79273,8.79192,1.57992e+08
-2.79273,8.99879,1.90294e+08
-2.79273,9.20566,2.28267e+08
-2.79273,9.41253,2.72747e+08
-2.79273,9.61939,3.24673e+08
-2.79273,9.82626,3.85094e+08
-2.79273,10.0331,4.55178e+08
-2.79273,10.24,5.36226e+08
-2.58586,-10.24,7.72284e+08
-2.58586,-10.0331,6.59857e+08
-2.58586,-9.82626,5.62041e+08
-2.58586,-9.61939,4.77177e+08
-2.58586,-9.41253,4.03762e+08
-2.58586,-9.20566,3.40444e+08
-2.58586,-8.99879,2.86007e+08
-2.58586,-8.79192,2.39358e+08
-2.58586,-8.58505,1.99521e+08
-2.58586,-8.37818,1.65623e+08
-2.58586,-8.17131,1.36887e+08
-2.58586,-7.96444,1.12623e+08
-2.58586,-7.75758,9.22178e+07
-2.58586,-7.55071,7.51331e+07
-2.58586,-7.34384,6.08929e+07
-2.58586,-7.13697,4.90803e+07
-2.58586,-6.9301,3.93306e+07
-2.58586,-6.72323,3.13261e+07
-2.58586,-6.51636,2.4791e+07
-2.58586,-6.30949,1.94871e+07
-2.58586,-6.10263,1.52092e+07
-2.58586,-5.89576,1.17817e+07
-2.58586,-5.68889,9.05476e+06
-2.58586,-5.48202,6.90138e+06
-2.58586,-5.27515,5.21442e+06
-2.58586,-5.06828,3.90401e+06
-2.58586,-4.86141,2.89529e+06
-2.58586,-4.65455,2.12628e+06
-2.58586,-4.44768,1.54607e+06
-2.58586,-4.24081,1.11314e+06
-2.58586,-4.03394,793916
-2.58586,-3.82707,561522
-2.58586,-3.6202,394622
-2.58586,-3.41333,276485
-2.58586,-3.20646,194130
-2.58586,-2.9996,137630
-2.58586,-2.79273,99490.4
-2.58586,-2.58586,74154.2
-2.58586,-2.37899,57549.8
-2.58586,-2.17212,46788.9
-2.58586,-1.96525,39835.7
-2.58586,-1.75838,35306.5
-2.58586,-1.55152,32281.5
-2.58586,-1.34465,30170.4
-2.58586,-1.13778,28611.2
-2.58586,-0.930909,27381.1
-2.58586,-0.72404,26358.9
-2.58586,-0.517172,25473
-2.58586,-0.310303,24694.2
-2.58586,-0.103434,24000.9
-2.58586,0.103434,23379.7
-2.58586,0.310303,22829.9
-2.58586,0.517172,22353.1
-2.58586,0.72404,21957.3
-2.58586,0.930909,21661.6
-2.58586,1.13778,21498.8
-2.58586,1.34465,21529
-2.58586,1.55152,21852.4
-2.58586,1.75838,22640
-2.58586,1.96525,24154.1
-2.58586,2.17212,26819.1
-2.58586,2.37899,31269.3
-2.58586,2.58586,38459.6
-2.58586,2.79273,49799
-2.58586,2.9996,67289.8
-2.58586,3.20646,93763.1
-2.58586,3.41333,133127
-2.58586,3.6202,190696
-2.58586,3.82707,273591
-2.58586,4.03394,391199
-2.58586,4.24081,555765
-2.58586,4.44768,783051
-2.58586,4.65455,1.09312e+06
-2.58586,4.86141,1.51124e+06
-2.58586,5.06828,2.06899e+06
-2.58586,5.27515,2.80539e+06
-2.58586,5.48202,3.76837e+06
-2.58586,5.68889,5.01624e+06
-2.58586,5.89576,6.61957e+06
-2.58586,6.10263,8.66306e+06
-2.58586,6.30949,1.12478e+07
-2.58586,6.51636,1.44939e+07
-2.58586,6.72323,1.8543e+07
-2.58586,6.9301,2.35613e+07
-2.58586,7.13697,2.97432e+07
-2.58586,7.34384,3.73148e+07
-2.58586,7.55071,4.65378e+07
-2.58586,7.75758,5.77142e+07
-2.58586,7.96444,7.11909e+07
-2.58586,8.17131,8.73651e+07
-2.58586,8.37818,1.0669e+08
-2.58586,8.58505,1.2968e+08
-2.58586,8.79192,1.5692e+08
-2.58586,8.99879,1.89069e+08
-2.58586,9.20566,2.26871e+08
-2.58586,9.41253,2.71161e+08
-2.58586,9.61939,3.22874e+08
-2.58586,9.82626,3.83059e+08
-2.58586,10.0331,4.52881e+08
-2.58586,10.24,5.3364e+08
-2.37899,-10.24,7.69672e+08
-2.37899,-10.0331,6.57534e+08
-2.37899,-9.82626,5.59981e+08
-2.37899,-9.61939,4.75353e+08
-2.37899,-9.41253,4.02152e+08
-2.37899,-9.20566,3.39025e+08
-2.37899,-8.99879,2.8476e+08
-2.37899,-8.79192,2.38265e+08
-2.37899,-8.58505,1.98565e+08
-2.37899,-8.37818,1.64789e+08
-2.37899,-8.17131,1.36162e+08
-2.37899,-7.96444,1.11993e+08
-2.37899,-7.75758,9.16728e+07
-2.37899,-7.55071,7.46626e+07
-2.37899,-7.34384,6.04879e+07
-2.37899,-7.13697,4.87326e+07
-2.37899,-6.9301,3.90328e+07
-2.37899,-6.72323,3.10716e+07
-2.37899,-6.51636,2.4574e+07
-2.37899,-6.30949,1.93024e+07
-2.37899,-6.10263,1.50524e+07
-2.37899,-5.89576,1.16486e+07
-2.37899,-5.68889,8.94193e+06
-2.37899,-5.48202,6.80573e+06
-2.37899,-5.27515,5.13326e+06
-2.37899,-5.06828,3.83504e+06
-2.37899,-4.86141,2.83651e+06
-2.37899,-4.65455,2.07598e+06
-2.37899,-4.44768,1.50281e+06
-2.37899,-4.24081,1.07567e+06
-2.37899,-4.03394,761227
-2.37899,-3.82707,532736
-2.37899,-3.6202,369026
-2.37899,-3.41333,253482
-2.37899,-3.20646,173243
-2.37899,-2.9996,118467
-2.37899,-2.79273,81732.6
-2.37899,-2.58586,57549.8
-2.37899,-2.37899,41907.8
-2.37899,-2.17212,31945.4
-2.37899,-1.96525,25670.9
-2.37899,-1.75838,21727.2
-2.37899,-1.55152,19210.7
-2.37899,-1.34465,17547
-2.37899,-1.13778,16390.5
-2.37899,-0.930909,15525.5
-2.37899,-0.72404,14841.6
-2.37899,-0.517172,14263.2
-2.37899,-0.310303,13768.2
-2.37899,-0.103434,13339.3
-2.37899,0.103434,12960.4
-2.37899,0.310303,12637.8
-2.37899,0.517172,12366.4
-2.37899,0.72404,12156.1
-2.37899,0.930909,12020.1
-2.37899,1.13778,11992.7
-2.37899,1.34465,12125.2
-2.37899,1.55152,12517
-2.37899,1.75838,13317
-2.37899,1.96525,14780.2
-2.37899,2.17212,17309.1
-2.37899,2.37899,21511.5
-2.37899,2.58586,28313.9
-2.37899,2.79273,39078.5
-2.37899,2.9996,55757.4
-2.37899,3.20646,81119.2
-2.37899,3.41333,118995
-2.37899,3.6202,174614
-2.37899,3.82707,254987
-2.37899,4.03394,369377
-2.37899,4.24081,529881
-2.37899,4.44768,752091
-2.37899,4.65455,1.05588e+06
-2.37899,4.86141,1.4663e+06
-2.37899,5.06828,2.01466e+06
-2.37899,5.27515,2.73971e+06
-2.37899,5.48202,3.68904e+06
-2.37899,5.68889,4.92063e+06
-2.37899,5.89576,6.50463e+06
-2.37899,6.10263,8.52529e+06
-2.37899,6.30949,1.10833e+07
-2.37899,6.51636,1.4298e+07
-2.37899,6.72323,1.83106e+07
-2.37899,6.9301,2.32867e+07
-2.37899,7.13697,2.94198e+07
-2.37899,7.34384,3.69353e+07
-2.37899,7.55071,4.60941e+07
-2.37899,7.75758,5.71971e+07
-2.37899,7.96444,7.05904e+07
-2.37899,8.17131,8.667e+07
-2.37899,8.37818,1.05888e+08
-2.37899,8.58505,1.28757e+08
-2.37899,8.79192,1.55862e+08
-2.37899,8.99879,1.87859e+08
-2.37899,9.20566,2.2549e+08
-2.37899,9.41253,2.6959e+08
-2.37899,9.61939,3.21092e+08
-2.37899,9.82626,3.81041e+08
-2.37899,10.0331,4.50603e+08
-2.37899,10.24,5.31074e+08
-2.17212,-10.24,7.67088e+08
-2.17212,-10.0331,6.55239e+08
-2.17212,-9.82626,5.57947e+08
-2.17212,-9.61939,4.73555e+08
-2.17212,-9.41253,4.00565e+08
-2.17212,-9.20566,3.37629e+08
-2.17212,-8.99879,2.83534e+08
-2.17212,-8.79192,2.37192e+08
-2.17212,-8.58505,1.97628e+08
-2.17212,-8.37818,1.63973e+08
-2.17212,-8.17131,1.35453e+08
-2.17212,-7.96444,1.1138e+08
-2.17212,-7.75758,9.11435e+07
-2.17212,-7.55071,7.42071e+07
-2.17212,-7.34384,6.00971e+07
-2.17212,-7.13697,4.83983e+07
-2.17212,-6.9301,3.87478e+07
-2.17212,-6.72323,3.08294e+07
-2.17212,-6.51636,2.43688e+07
-2.17212,-6.30949,1.9129e+07
-2.17212,-6.10263,1.49062e+07
-2.17212,-5.89576,1.15258e+07
-2.17212,-5.68889,8.83895e+06
-2.17212,-5.48202,6.71951e+06
-2.17212,-5.27515,5.06116e+06
-2.17212,-5.06828,3.77477e+06
-2.17212,-4.86141,2.78609e+06
-2.17212,-4.65455,2.03375e+06
-2.17212,-4.44768,1.46731e+06
-2.17212,-4.24081,1.04571e+06
-2.17212,-4.03394,735779
-2.17212,-3.82707,510954
-2.17212,-3.6202,350204
-2.17212,-3.41333,237047
-2.17212,-3.20646,158722
-2.17212,-2.9996,105483
-2.17212,-2.79273,69982.2
-2.17212,-2.58586,46788.9
-2.17212,-2.37899,31945.4
-2.17212,-2.17212,22637.3
-2.17212,-1.96525,16901
-2.17212,-1.75838,13404.8
-2.17212,-1.55152,11270.8
-2.17212,-1.34465,9938.93
-2.17212,-1.13778,9070.95
-2.17212,-0.930909,8466.79
-2.17212,-0.72404,8008.46
-2.17212,-0.517172,7642.66
-2.17212,-0.310303,7337.82
-2.17212,-0.103434,7082.85
-2.17212,0.103434,6863.84
-2.17212,0.310303,6680.4
-2.17212,0.517172,6538.43
-2.17212,0.72404,6440.54
-2.17212,0.930909,6394.43
-2.17212,1.13778,6442.33
-2.17212,1.34465,6619.99
-2.17212,1.55152,7019.44
-2.17212,1.75838,7786
-2.17212,1.96525,9159.84
-2.17212,2.17212,11514.4
-2.17212,2.37899,15443.8
-2.17212,2.58586,21831.3
-2.17212,2.79273,32005.8
-2.17212,2.9996,47868.2
-2.17212,3.20646,72122.1
-2.17212,3.41333,108529
-2.17212,3.6202,162224
-2.17212,3.82707,240113
-2.17212,4.03394,351335
-2.17212,4.24081,507844
-2.17212,4.44768,725063
-2.17212,4.65455,1.02267e+06
-2.17212,4.86141,1.42549e+06
-2.17212,5.06828,1.9646e+06
-2.17212,5.27515,2.67845e+06
-2.17212,5.48202,3.61432e+06
-2.17212,5.68889,4.82982e+06
-2.17212,5.89576,6.39471e+06
-2.17212,6.10263,8.3928e+06
-2.17212,6.30949,1.09242e+07
-2.17212,6.51636,1.4108e+07
-2.17212,6.72323,1.80844e+07
-2.17212,6.9301,2.30186e+07
-2.17212,7.13697,2.91033e+07
-2.17212,7.34384,3.65632e+07
-2.17212,7.55071,4.56582e+07
-2.17212,7.75758,5.66885e+07
-2.17212,7.96444,6.99989e+07
-2.17212,8.17131,8.59844e+07
-2.17212,8.37818,1.05096e+08
-2.17212,8.58505,1.27846e+08
-2.17212,8.79192,1.54815e+08
-2.17212,8.99879,1.86661e+08
-2.17212,9.20566,2.24123e+08
-2.17212,9.41253,2.68033e+08
-2.17212,9.61939,3.19325e+08
-2.17212,9.82626,3.7904e+08
-2.17212,10.0331,4.48343e+08
-2.17212,10.24,5.28526e+08
-1.96525,-10.24,7.6453e+08
-1.96525,-10.0331,6.52968e+08
-1.96525,-9.82626,5.55936e+08
-1.96525,-9.61939,4.71777e+08
-1.96525,-9.41253,3.98998e+08
-1.96525,-9.20566,3.36252e+08
-1.96525,-8.99879,2.82326e+08
-1.96525,-8.79192,2.36135e+08
-1.96525,-8.58505,1.96707e+08
-1.96525,-8.37818,1.63173e+08
-1.96525,-8.17131,1.34759e+08
-1.96525,-7.96444,1.1078e+08
-1.96525,-7.75758,9.06266e+07
-1.96525,-7.55071,7.37633e+07
-1.96525,-7.34384,5.97174e+07
-1.96525,-7.13697,4.80746e+07
-1.96525,-6.9301,3.84728e+07
-1.96525,-6.72323,3.05966e+07
-1.96525,-6.51636,2.41724e+07
-1.96525,-6.30949,1.89641e+07
-1.96525,-6.10263,1.47681e+07
-1.96525,-5.89576,1.14106e+07
-1.96525,-5.68889,8.74317e+06
-1.96525,-5.48202,6.64015e+06
-1.96525,-5.27515,4.99558e+06
-1.96525,-5.06828,3.72071e+06
-1.96525,-4.86141,2.7416e+06
-1.96525,-4.65455,1.99716e+06
-1.96525,-4.44768,1.43722e+06
-1.96525,-4.24081,1.02092e+06
-1.96525,-4.03394,715282
-1.96525,-3.82707,493924
-1.96525,-3.6202,335950
-1.96525,-3.41333,225004
-1.96525,-3.20646,148434
-1.96525,-2.9996,96577.8
-1.96525,-2.79273,62168
-1.96525,-2.58586,39835.7
-1.96525,-2.37899,25670.9
-1.96525,-2.17212,16901
-1.96525,-1.96525,11593.3
-1.96525,-1.75838,8448.05
-1.96525,-1.55152,6601.52
-1.96525,-1.34465,5510.6
-1.96525,-1.13778,4847.3
-1.96525,-0.930909,4417.82
-1.96525,-0.72404,4118.73
-1.96525,-0.517172,3893.47
-1.96525,-0.310303,3711.68
-1.96525,-0.103434,3566.57
-1.96525,0.103434,3445.13
-1.96525,0.310303,3349.58
-1.96525,0.517172,3282.18
-1.96525,0.72404,3244.73
-1.96525,0.930909,3249.67
-1.96525,1.13778,3325.7
-1.96525,1.34465,3513.35
-1.96525,1.55152,3891.86
-1.96525,1.75838,4595.7
-1.96525,1.96525,5854.56
-1.96525,2.17212,8018.86
-1.96525,2.37899,11663.2
-1.96525,2.58586,17635.1
-1.96525,2.79273,27223.6
-1.96525,2.9996,42280.7
-1.96525,3.20646,65450.7
-1.96525,3.41333,100418
-1.96525,3.6202,152229
-1.96525,3.82707,227687
-1.96525,4.03394,335807
-1.96525,4.24081,488397
-1.96525,4.44768,700714
-1.96525,4.65455,992243
-1.96525,4.86141,1.3876e+06
-1.96525,5.06828,1.91759e+06
-1.96525,5.27515,2.62041e+06
-1.96525,5.48202,3.543e+06
-1.96525,5.68889,4.74263e+06
-1.96525,5.89576,6.28863e+06
-1.96525,6.10263,8.2644e+06
-1.96525,6.30949,1.07696e+07
-1.96525,6.51636,1.39226e+07
-1.96525,6.72323,1.78632e+07
-1.96525,6.9301,2.27559e+07
-1.96525,7.13697,2.87927e+07
-1.96525,7.34384,3.61973e+07
-1.96525,7.55071,4.52291e+07
-1.96525,7.75758,5.6187e+07
-1.96525,7.96444,6.94151e+07
-1.96525,8.17131,8.53073e+07
-1.96525,8.37818,1.04313e+08
-1.96525,8.58505,1.26944e+08
-1.96525,8.79192,1.53779e+08
-1.96525,8.99879,1.85474e+08
-1.96525,9.20566,2.22767e+08
-1.96525,9.41253,2.6649e+08
-1.96525,9.61939,3.17572e+08
-1.96525,9.82626,3.77054e+08
-1.96525,10.0331,4.46098e+08
-1.96525,10.24,5.25996e+08
-1.75838,-10.24,7.61994e+08
-1.75838,-10.0331,6.50718e+08
-1.75838,-9.82626,5.53944e+08
-1.75838,-9.61939,4.70018e+08
-1.75838,-9.41253,3.97449e+08
-1.75838,-9.20566,3.3489e+08
-1.75838,-8.99879,2.81133e+08
-1.75838,-8.79192,2.35093e+08
-1.75838,-8.58505,1.95799e+08
-1.75838,-8.37818,1.62384e+08
-1.75838,-8.17131,1.34076e+08
-1.75838,-7.96444,1.10191e+08
-1.75838,-7.75758,9.012e+07
-1.75838,-7.55071,7.33292e+07
-1.75838,-7.34384,5.93468e+07
-1.75838,-7.13697,4.77593e+07
-1.75838,-6.9301,3.82056e+07
-1.75838,-6.72323,3.03712e+07
-1.75838,-6.51636,2.3983e+07
-1.75838,-6.30949,1.88056e+07
-1.75838,-6.10263,1.46361e+07
-1.75838,-5.89576,1.13011e+07
-1.75838,-5.68889,8.65274e+06
-1.75838,-5.48202,6.56581e+06
-1.75838,-5.27515,4.93473e+06
-1.75838,-5.06828,3.6711e+06
-1.75838,-4.86141,2.70131e+06
-1.75838,-4.65455,1.96454e+06
-1.75838,-4.44768,1.41088e+06
-1.75838,-4.24081,999674
-1.75838,-4.03394,698152
-1.75838,-3.82707,480084
-1.75838,-3.6202,324730
-1.75838,-3.41333,215855
-1.75838,-3.20646,140907
-1.75838,-2.9996,90313.1
-1.75838,-2.79273,56883.6
-1.75838,-2.58586,35306.5
-1.75838,-2.37899,21727.2
-1.75838,-2.17212,13404.8
-1.75838,-1.96525,8448.05
-1.75838,-1.75838,5577.05
-1.75838,-1.55152,3946.57
-1.75838,-1.34465,3031.5
-1.75838,-1.13778,2509.8
-1.75838,-0.930909,2203.77
-1.75838,-0.72404,2007.83
-1.75838,-0.517172,1870.88
-1.75838,-0.310303,1765.69
-1.75838,-0.103434,1686.51
-1.75838,0.103434,1624.46
-1.75838,0.310303,1579.39
-1.75838,0.517172,1551.66
-1.75838,0.72404,1546.51
-1.75838,0.930909,1572.84
-1.75838,1.13778,1652.7
-1.75838,1.34465,1827.98
-1.75838,1.55152,2165.7
-1.75838,1.75838,2800.88
-1.75838,1.96525,3931.61
-1.75838,2.17212,5907.14
-1.75838,2.37899,9263.96
-1.75838,2.58586,14831.8
-1.75838,2.79273,23851.2
-1.75838,2.9996,38123.5
-1.75838,3.20646,60240.9
-1.75838,3.41333,93806.7
-1.75838,3.6202,143788
-1.75838,3.82707,216874
-1.75838,4.03394,321964
-1.75838,4.24081,470722
-1.75838,4.44768,678241
-1.75838,4.65455,963806
-1.75838,4.86141,1.35183e+06
-1.75838,5.06828,1.87286e+06
-1.75838,5.27515,2.56481e+06
-1.75838,5.48202,3.4743e+06
-1.75838,5.68889,4.65826e+06
-1.75838,5.89576,6.18562e+06
-1.75838,6.10263,8.13933e+06
-1.75838,6.30949,1.06185e+07
-1.75838,6.51636,1.37411e+07
-1.75838,6.72323,1.76463e+07
-1.75838,6.9301,2.24978e+07
-1.75838,7.13697,2.8487e+07
-1.75838,7.34384,3.58369e+07
-1.75838,7.55071,4.48059e+07
-1.75838,7.75758,5.5692e+07
-1.75838,7.96444,6.88384e+07
-1.75838,8.17131,8.46377e+07
-1.75838,8.37818,1.03538e+08
-1.75838,8.58505,1.2605e+08
-1.75838,8.79192,1.52752e+08
-1.75838,8.99879,1.84297e+08
-1.75838,9.20566,2.21423e+08
-1.75838,9.41253,2.64959e+08
-1.75838,9.61939,3.15832e+08
-1.75838,9.82626,3.75083e+08
-1.75838,10.0331,4.43869e+08
-1.75838,10.24,5.23482e+08
-1.55152,-10.24,7.59478e+08
-1.55152,-10.0331,6.48487e+08
-1.55152,-9.82626,5.5197e+08
-1.55152,-9.61939,4.68276e+08
-1.55152,-9.41253,3.95915e+08
-1.55152,-9.20566,3.33543e+08
-1.55152,-8.99879,2.79954e+08
-1.55152,-8.79192,2.34064e+08
-1.55152,-8.58505,1.94903e+08
-1.55152,-8.37818,1.61606e+08
-1.55152,-8.17131,1.33404e+08
-1.55152,-7.96444,1.09611e+08
-1.55152,-7.75758,8.96221e+07
-1.55152,-7.55071,7.29031e+07
-1.55152,-7.34384,5.89835e+07
-1.55152,-7.13697,4.74509e+07
-1.55152,-6.9301,3.79449e+07
-1.55152,-6.72323,3.01517e+07
-1.55152,-6.51636,2.37991e+07
-1.55152,-6.30949,1.86522e+07
-1.55152,-6.10263,1.45088e+07
-1.55152,-5.89576,1.11959e+07
-1.55152,-5.68889,8.56637e+06
-1.55152,-5.48202,6.49523e+06
-1.55152,-5.27515,4.87737e+06
-1.55152,-5.06828,3.62474e+06
-1.55152,-4.86141,2.66404e+06
-1.55152,-4.65455,1.93473e+06
-1.55152,-4.44768,1.38715e+06
-1.55152,-4.24081,980872
-1.55152,-4.03394,683301
-1.55152,-3.82707,468385
-1.55152,-3.6202,315518
-1.55152,-3.41333,208590
-1.55152,-3.20646,135155
-1.55152,-2.9996,85726.5
-1.55152,-2.79273,53184.5
-1.55152,-2.58586,32281.5
-1.55152,-2.37899,19210.7
-1.55152,-2.17212,11270.8
-1.55152,-1.96525,6601.52
-1.55152,-1.75838,3946.57
-1.55152,-1.55152,2484.22
-1.55152,-1.34465,1694.51
-1.55152,-1.13778,1276.62
-1.55152,-0.930909,1051.68
-1.55152,-0.72404,919.262
-1.55152,-0.517172,836.347
-1.55152,-0.310303,782.636
-1.55152,-0.103434,740.942
-1.55152,0.103434,711.312
-1.55152,0.310303,691.252
-1.55152,0.517172,683.125
-1.55152,0.72404,692.232
-1.55152,0.930909,720.459
-1.55152,1.13778,795.44
-1.55152,1.34465,946.773
-1.55152,1.55152,1242.87
-1.55152,1.75838,1796.35
-1.55152,1.96525,2806.64
-1.55152,2.17212,4594.53
-1.55152,2.37899,7678.67
-1.55152,2.58586,12857.7
-1.55152,2.79273,21327.7
-1.55152,2.9996,34849.9
-1.55152,3.20646,55948.6
-1.55152,3.41333,88159.6
-1.55152,3.6202,136365
-1.55152,3.82707,207144
-1.55152,4.03394,309283
-1.55152,4.24081,454298
-1.55152,4.44768,657118
-1.55152,4.65455,936845
-1.55152,4.86141,1.31766e+06
-1.55152,5.06828,1.82988e+06
-1.55152,5.27515,2.51112e+06
-1.55152,5.48202,3.40772e+06
-1.55152,5.68889,4.57621e+06
-1.55152,5.89576,6.08515e+06
-1.55152,6.10263,8.01705e+06
-1.55152,6.30949,1.04706e+07
-1.55152,6.51636,1.35631e+07
-1.55152,6.72323,1.74331e+07
-1.55152,6.9301,2.22438e+07
-1.55152,7.13697,2.81859e+07
-1.55152,7.34384,3.54815e+07
-1.55152,7.55071,4.43881e+07
-1.55152,7.75758,5.5203e+07
-1.55152,7.96444,6.82681e+07
-1.55152,8.17131,8.39752e+07
-1.55152,8.37818,1.02771e+08
-1.55152,8.58505,1.25166e+08
-1.55152,8.79192,1.51735e+08
-1.55152,8.99879,1.83131e+08
-1.55152,9.20566,2.2009e+08
-1.55152,9.41253,2.63439e+08
-1.55152,9.61939,3.14105e+08
-1.55152,9.82626,3.73125e+08
-1.55152,10.0331,4.41655e+08
-1.55152,10.24,5.20984e+08
-1.34465,-10.24,7.56981e+08
-1.34465,-10.0331,6.46273e+08
-1.34465,-9.82626,5.50012e+08
-1.34465,-9.61939,4.66548e+08
-1.34465,-9.41253,3.94395e+08
-1.34465,-9.20566,3.32209e+08
-1.34465,-8.99879,2.78787e+08
-1.34465,-8.79192,2.33045e+08
-1.34465,-8.58505,1.94017e+08
-1.34465,-8.37818,1.60838e+08
-1.34465,-8.17131,1.3274e+08
-1.34465,-7.96444,1.09039e+08
-1.34465,-7.75758,8.91317e+07
-1.34465,-7.55071,7.24839e+07
-1.34465,-7.34384,5.86267e+07
-1.34465,-7.13697,4.71484e+07
-1.34465,-6.9301,3.76895e+07
-1.34465,-6.72323,2.99371e+07
-1.34465,-6.51636,2.36197e+07
-1.34465,-6.30949,1.85029e+07
-1.34465,-6.10263,1.43852e+07
-1.34465,-5.89576,1.10943e+07
-1.34465,-5.68889,8.48315e+06
-1.34465,-5.48202,6.42754e+06
-1.34465,-5.27515,4.82265e+06
-1.34465,-5.06828,3.58078e+06
-1.34465,-4.86141,2.62897e+06
-1.34465,-4.65455,1.90694e+06
-1.34465,-4.44768,1.36527e+06
-1.34465,-4.24081,963767
-1.34465,-4.03394,670010
-1.34465,-3.82707,458122
-1.34465,-3.6202,307629
-1.34465,-3.41333,202549
-1.34465,-3.20646,130533
-1.34465,-2.9996,82188.3
-1.34465,-2.79273,50462.8
-1.34465,-2.58586,30170.4
-1.34465,-2.37899,17547
-1.34465,-2.17212,9938.93
-1.34465,-1.96525,5510.6
-1.34465,-1.75838,3031.5
-1.34465,-1.55152,1694.51
-1.34465,-1.34465,999.298
-1.34465,-1.13778,654.346
-1.34465,-0.930909,482.992
-1.34465,-0.72404,393.03
-1.34465,-0.517172,344.332
-1.34465,-0.310303,315.328
-1.34465,-0.103434,296.496
-1.34465,0.103434,283.281
-1.34465,0.310303,276.682
-1.34465,0.517172,277.783
-1.34465,0.72404,289.414
-1.34465,0.930909,312.224
-1.34465,1.13778,373.923
-1.34465,1.34465,501.135
-1.34465,1.55152,748.326
-1.34465,1.75838,1230.47
-1.34465,1.96525,2125.84
-1.34465,2.17212,3738.22
-1.34465,2.37899,6564.64
-1.34465,2.58586,11371.4
-1.34465,2.79273,19322.4
-1.34465,2.9996,32124.2
-1.34465,3.20646,52244.8
-1.34465,3.41333,83152.1
-1.34465,3.6202,129635
-1.34465,3.82707,198178
-1.34465,4.03394,297441
-1.34465,4.24081,438800
-1.34465,4.44768,637026
-1.34465,4.65455,911024
-1.34465,4.86141,1.28477e+06
-1.34465,5.06828,1.78832e+06
-1.34465,5.27515,2.45903e+06
-1.34465,5.48202,3.3429e+06
-1.34465,5.68889,4.49613e+06
-1.34465,5.89576,5.98689e+06
-1.34465,6.10263,7.89723e+06
-1.34465,6.30949,1.03254e+07
-1.34465,6.51636,1.3388e+07
-1.34465,6.72323,1.72233e+07
-1.34465,6.9301,2.19936e+07
-1.34465,7.13697,2.78889e+07
-1.34465,7.34384,3.51305e+07
-1.34465,7.55071,4.39753e+07
-1.34465,7.75758,5.47194e+07
-1.34465,7.96444,6.77039e+07
-1.34465,8.17131,8.33194e+07
-1.34465,8.37818,1.02012e+08
-1.34465,8.58505,1.24289e+08
-1.34465,8.79192,1.50726e+08
-1.34465,8.99879,1.81974e+08
-1.34465,9.20566,2.18767e+08
-1.34465,9.41253,2.61931e+08
-1.34465,9.61939,3.1239e+08
-1.34465,9.82626,3.7118e+08
-1.34465,10.0331,4.39455e+08
-1.34465,10.24,5.18502e+08
-1.13778,-10.24,7.54501e+08
-1.13778,-10.0331,6.44075e+08
-1.13778,-9.82626,5.48069e+08
-1.13778,-9.61939,4.64835e+08
-1.13778,-9.41253,3.92888e+08
-1.13778,-9.20566,3.30888e+08
-1.13778,-8.99879,2.77631e+08
-1.13778,-8.79192,2.32037e+08
-1.13778,-8.58505,1.93141e+08
-1.13778,-8.37818,1.60079e+08
-1.13778,-8.17131,1.32084e+08
-1.13778,-7.96444,1.08475e+08
-1.13778,-7.75758,8.86479e+07
-1.13778,-7.55071,7.20708e+07
-1.13778,-7.34384,5.82754e+07
-1.13778,-7.13697,4.68509e+07
-1.13778,-6.9301,3.74388e+07
-1.13778,-6.72323,2.97267e+07
-1.13778,-6.51636,2.34441e+07
-1.13778,-6.30949,1.83571e+07
-1.13778,-6.10263,1.42648e+07
-1.13778,-5.89576,1.09954e+07
-1.13778,-5.68889,8.4025e+06
-1.13778,-5.48202,6.36216e+06
-1.13778,-5.27515,4.77001e+06
-1.13778,-5.06828,3.53871e+06
-1.13778,-4.86141,2.59559e+06
-1.13778,-4.65455,1.88067e+06
-1.13778,-4.44768,1.34476e+06
-1.13778,-4.24081,947890
-1.13778,-4.03394,657830
-1.13778,-3.82707,448851
-1.13778,-3.6202,300639
-1.13778,-3.41333,197319
-1.13778,-3.20646,126647
-1.13778,-2.9996,79317.2
-1.13778,-2.79273,48349.1
-1.13778,-2.58586,28611.2
-1.13778,-2.37899,16390.5
-1.13778,-2.17212,9070.95
-1.13778,-1.96525,4847.3
-1.13778,-1.75838,2509.8
-1.13778,-1.55152,1276.62
-1.13778,-1.34465,654.346
-1.13778,-1.13778,356.421
-1.13778,-0.930909,223.303
-1.13778,-0.72404,162.285
-1.13778,-0.517172,129.025
-1.13778,-0.310303,115.668
-1.13778,-0.103434,106.471
-1.13778,0.103434,101.587
-1.13778,0.310303,99.9587
-1.13778,0.517172,103.5
-1.13778,0.72404,110.317
-1.13778,0.930909,130.198
-1.13778,1.13778,179.151
-1.13778,1.34465,280.7
-1.13778,1.55152,487.678
-1.13778,1.75838,900.66
-1.13778,1.96525,1688.06
-1.13778,2.17212,3140.12
-1.13778,2.37899,5730.19
-1.13778,2.58586,10185.5
-1.13778,2.79273,17643.8
-1.13778,2.9996,29758.2
-1.13778,3.20646,48942.5
-1.13778,3.41333,78590.8
-1.13778,3.6202,123407
-1.13778,3.82707,189781
-1.13778,4.03394,286243
-1.13778,4.24081,424037
-1.13778,4.44768,617762
-1.13778,4.65455,886151
-1.13778,4.86141,1.25295e+06
-1.13778,5.06828,1.74798e+06
-1.13778,5.27515,2.40831e+06
-1.13778,5.48202,3.27964e+06
-1.13778,5.68889,4.41782e+06
-1.13778,5.89576,5.89061e+06
-1.13778,6.10263,7.77964e+06
-1.13778,6.30949,1.01826e+07
-1.13778,6.51636,1.32158e+07
-1.13778,6.72323,1.70166e+07
-1.13778,6.9301,2.17468e+07
-1.13778,7.13697,2.75957e+07
-1.13778,7.34384,3.47839e+07
-1.13778,7.55071,4.35672e+07
-1.13778,7.75758,5.42411e+07
-1.13778,7.96444,6.71455e+07
-1.13778,8.17131,8.26698e+07
-1.13778,8.37818,1.01259e+08
-1.13778,8.58505,1.23419e+08
-1.13778,8.79192,1.49725e+08
-1.13778,8.99879,1.80826e+08
-1.13778,9.20566,2.17454e+08
-1.13778,9.41253,2.60433e+08
-1.13778,9.61939,3.10686e+08
-1.13778,9.82626,3.69247e+08
-1.13778,10.0331,4.37269e+08
-1.13778,10.24,5.16034e+08
-0.930909,-10.24,7.52038e+08
-0.930909,-10.0331,6.41893e+08
-0.930909,-9.82626,5.4614e+08
-0.930909,-9.61939,4.63135e+08
-0.930909,-9.41253,3.91393e+08
-0.930909,-9.20566,3.29577e+08
-0.930909,-8.99879,2.76485e+08
-0.930909,-8.79192,2.31039e+08
-0.930909,-8.58505,1.92273e+08
-0.930909,-8.37818,1.59328e+08
-0.930909,-8.17131,1.31436e+08
-0.930909,-7.96444,1.07917e+08
-0.930909,-7.75758,8.81703e+07
-0.930909,-7.55071,7.16633e+07
-0.930909,-7.34384,5.79291e+07
-0.930909,-7.13697,4.6558e+07
-0.930909,-6.9301,3.71921e+07
-0.930909,-6.72323,2.95201e+07
-0.930909,-6.51636,2.32718e+07
-0.930909,-6.30949,1.82143e+07
-0.930909,-6.10263,1.41471e+07
-0.930909,-5.89576,1.0899e+07
-0.930909,-5.68889,8.32401e+06
-0.930909,-5.48202,6.29871e+06
-0.930909,-5.27515,4.71909e+06
-0.930909,-5.06828,3.49816e+06
-0.930909,-4.86141,2.56356e+06
-0.930909,-4.65455,1.85558e+06
-0.930909,-4.44768,1.3253e+06
-0.930909,-4.24081,932937
-0.930909,-4.03394,646457
-0.930909,-3.82707,440297
-0.930909,-3.6202,294273
-0.930909,-3.41333,192637
-0.930909,-3.20646,123245
-0.930909,-2.9996,76870.9
-0.930909,-2.79273,46606
-0.930909,-2.58586,27381.1
-0.930909,-2.37899,15525.5
-0.930909,-2.17212,8466.79
-0.930909,-1.96525,4417.82
-0.930909,-1.75838,2203.77
-0.930909,-1.55152,1051.68
-0.930909,-1.34465,482.992
-0.930909,-1.13778,223.303
-0.930909,-0.930909,106.839
-0.930909,-0.72404,63.0505
-0.930909,-0.517172,43.9887
-0.930909,-0.310303,36.6347
-0.930909,-0.103434,36.1815
-0.930909,0.103434,32.0449
-0.930909,0.310303,32.803
-0.930909,0.517172,34.1632
-0.930909,0.72404,40.9079
-0.930909,0.930909,56.3273
-0.930909,1.13778,91.306
-0.930909,1.34465,172.418
-0.930909,1.55152,342.442
-0.930909,1.75838,695.959
-0.930909,1.96525,1386.99
-0.930909,2.17212,2690.96
-0.930909,2.37899,5055.08
-0.930909,2.58586,9185.24
-0.930909,2.79273,16177
-0.930909,2.9996,27637.1
-0.930909,3.20646,45925.4
-0.930909,3.41333,74360.3
-0.930909,3.6202,117565
-0.930909,3.82707,181827
-0.930909,4.03394,275564
-0.930909,4.24081,409873
-0.930909,4.44768,599200
-0.930909,4.65455,862079
-0.930909,4.86141,1.22206e+06
-0.930909,5.06828,1.70871e+06
-0.930909,5.27515,2.35882e+06
-0.930909,5.48202,3.21779e+06
-0.930909,5.68889,4.34109e+06
-0.930909,5.89576,5.79613e+06
-0.930909,6.10263,7.66408e+06
-0.930909,6.30949,1.00422e+07
-0.930909,6.51636,1.30461e+07
-0.930909,6.72323,1.68128e+07
-0.930909,6.9301,2.15033e+07
-0.930909,7.13697,2.73062e+07
-0.930909,7.34384,3.44413e+07
-0.930909,7.55071,4.31636e+07
-0.930909,7.75758,5.37677e+07
-0.930909,7.96444,6.65925e+07
-0.930909,8.17131,8.20264e+07
-0.930909,8.37818,1.00513e+08
-0.930909,8.58505,1.22558e+08
-0.930909,8.79192,1.48733e+08
-0.930909,8.99879,1.79687e+08
-0.930909,9.20566,2.1615e+08
-0.930909,9.41253,2.58946e+08
-0.930909,9.61939,3.08994e+08
-0.930909,9.82626,3.67327e+08
-0.930909,10.0331,4.35096e+08
-0.930909,10.24,5.13581e+08
-0.72404,-10.24,7.49591e+08
-0.72404,-10.0331,6.39726e+08
-0.72404,-9.82626,5.44225e+08
-0.72404,-9.61939,4.61447e+08
-0.72404,-9.41253,3.8991e+08
-0.72404,-9.20566,3.28277e+08
-0.72404,-8.99879,2.75349e+08
-0.72404,-8.79192,2.30049e+08
-0.72404,-8.58505,1.91414e+08
-0.72404,-8.37818,1.58584e+08
-0.72404,-8.17131,1.30794e+08
-0.72404,-7.96444,1.07366e+08
-0.72404,-7.75758,8.76983e+07
-0.72404,-7.55071,7.1261e+07
-0.72404,-7.34384,5.75875e+07
-0.72404,-7.13697,4.62693e+07
-0.72404,-6.9301,3.69493e+07
-0.72404,-6.72323,2.93169e+07
-0.72404,-6.51636,2.31026e+07
-0.72404,-6.30949,1.80742e+07
-0.72404,-6.10263,1.40318e+07
-0.72404,-5.89576,1.08047e+07
-0.72404,-5.68889,8.24742e+06
-0.72404,-5.48202,6.23694e+06
-0.72404,-5.27515,4.66964e+06
-0.72404,-5.06828,3.45889e+06
-0.72404,-4.86141,2.53265e+06
-0.72404,-4.65455,1.83148e+06
-0.72404,-4.44768,1.30669e+06
-0.72404,-4.24081,918720
-0.72404,-4.03394,635719
-0.72404,-3.82707,432286
-0.72404,-3.6202,288376
-0.72404,-3.41333,188355
-0.72404,-3.20646,120180
-0.72404,-2.9996,74709.7
-0.72404,-2.79273,45110.5
-0.72404,-2.58586,26358.9
-0.72404,-2.37899,14841.6
-0.72404,-2.17212,8008.46
-0.72404,-1.96525,4118.73
-0.72404,-1.75838,2007.83
-0.72404,-1.55152,919.262
-0.72404,-1.34465,393.03
-0.72404,-1.13778,162.285
-0.72404,-0.930909,63.0505
-0.72404,-0.72404,29.7765
-0.72404,-0.517172,15.693
-0.72404,-0.310303,12.1526
-0.72404,-0.103434,12.2897
-0.72404,0.103434,11.8401
-0.72404,0.310303,10.7524
-0.72404,0.517172,13.2944
-0.72404,0.72404,15.9831
-0.72404,0.930909,24.9579
-0.72404,1.13778,53.5265
-0.72404,1.34465,114.21
-0.72404,1.55152,254.804
-0.72404,1.75838,555.388
-0.72404,1.96525,1162.12
-0.72404,2.17212,2331.68
-0.72404,2.37899,4486.57
-0.72404,2.58586,8311.64
-0.72404,2.79273,14859.9
-0.72404,2.9996,25695.6
-0.72404,3.20646,43122.4
-0.72404,3.41333,70388.7
-0.72404,3.6202,112033
-0.72404,3.82707,174246
-0.72404,4.03394,265326
-0.72404,4.24081,396232
-0.72404,4.44768,581249
-0.72404,4.65455,838727
-0.72404,4.86141,1.192e+06
-0.72404,5.06828,1.6704e+06
-0.72404,5.27515,2.31045e+06
-0.72404,5.48202,3.15721e+06
-0.72404,5.68889,4.26585e+06
-0.72404,5.89576,5.70334e+06
-0.72404,6.10263,7.55045e+06
-0.72404,6.30949,9.90392e+06
-0.72404,6.51636,1.28789e+07
-0.72404,6.72323,1.66117e+07
-0.72404,6.9301,2.12628e+07
-0.72404,7.13697,2.70201e+07
-0.72404,7.34384,3.41026e+07
-0.72404,7.55071,4.27644e+07
-0.72404,7.75758,5.32991e+07
-0.72404,7.96444,6.60448e+07
-0.72404,8.17131,8.13887e+07
-0.72404,8.37818,9.97734e+07
-0.72404,8.58505,1.21703e+08
-0.72404,8.79192,1.47748e+08
-0.72404,8.99879,1.78556e+08
-0.72404,9.20566,2.14856e+08
-0.72404,9.41253,2.57469e+08
-0.72404,9.61939,3.07313e+08
-0.72404,9.82626,3.65419e+08
-0.72404,10.0331,4.32936e+08
-0.72404,10.24,5.11142e+08
-0.517172,-10.24,7.4716e+08
-0.517172,-10.0331,6.37574e+08
-0.517172,-9.82626,5.42324e+08
-0.517172,-9.61939,4.59772e+08
-0.517172,-9.41253,3.88438e+08
-0.517172,-9.20566,3.26988e+08
-0.517172,-8.99879,2.74223e+08
-0.517172,-8.79192,2.29068e+08
-0.517172,-8.58505,1.90562e+08
-0.517172,-8.37818,1.57847e+08
-0.517172,-8.17131,1.30159e+08
-0.517172,-7.96444,1.06821e+08
-0.517172,-7.75758,8.72319e+07
-0.517172,-7.55071,7.08635e+07
-0.517172,-7.34384,5.72504e+07
-0.517172,-7.13697,4.59847e+07
-0.517172,-6.9301,3.67101e+07
-0.517172,-6.72323,2.91168e+07
-0.517172,-6.51636,2.29363e+07
-0.517172,-6.30949,1.79366e+07
-0.517172,-6.10263,1.39188e+07
-0.517172,-5.89576,1.07124e+07
-0.517172,-5.68889,8.17257e+06
-0.517172,-5.48202,6.17668e+06
-0.517172,-5.27515,4.62152e+06
-0.517172,-5.06828,3.42078e+06
-0.517172,-4.86141,2.50274e+06
-0.517172,-4.65455,1.80823e+06
-0.517172,-4.44768,1.28881e+06
-0.517172,-4.24081,905125
-0.517172,-4.03394,625507
-0.517172,-3.82707,424717
-0.517172,-3.6202,282844
-0.517172,-3.41333,184377
-0.517172,-3.20646,117369
-0.517172,-2.9996,72759.7
-0.517172,-2.79273,43781.2
-0.517172,-2.58586,25473
-0.517172,-2.37899,14263.2
-0.517172,-2.17212,7642.66
-0.517172,-1.96525,3893.47
-0.517172,-1.75838,1870.88
-0.517172,-1.55152,836.347
-0.517172,-1.34465,344.332
-0.517172,-1.13778,129.025
-0.517172,-0.930909,43.9887
-0.517172,-0.72404,15.693
-0.517172,-0.517172,6.03931
-0.517172,-0.310303,4.98416
-0.517172,-0.103434,7.23055
-0.517172,0.103434,5.46198
-0.517172,0.310303,4.4191
-0.517172,0.517172,4.62934
-0.517172,0.72404,8.73878
-0.517172,0.930909,14.9796
-0.517172,1.13778,34.5901
-0.517172,1.34465,80.7606
-0.517172,1.55152,196.345
-0.517172,1.75838,451.24
-0.517172,1.96525,980.246
-0.517172,2.17212,2024.08
-0.517172,2.37899,3990.26
-0.517172,2.58586,7524.51
-0.517172,2.79273,13652.6
-0.517172,2.9996,23895.2
-0.517172,3.20646,40491.6
-0.517172,3.41333,66628.8
-0.517172,3.6202,106762
-0.517172,3.82707,166979
-0.517172,4.03394,255464
-0.517172,4.24081,383046
-0.517172,4.44768,563839
-0.517172,4.65455,816018
-0.517172,4.86141,1.1627e+06
-0.517172,5.06828,1.63298e+06
-0.517172,5.27515,2.2631e+06
-0.517172,5.48202,3.09783e+06
-0.517172,5.68889,4.19197e+06
-0.517172,5.89576,5.61212e+06
-0.517172,6.10263,7.43861e+06
-0.517172,6.30949,9.76771e+06
-0.517172,6.51636,1.2714e+07
-0.517172,6.72323,1.64133e+07
-0.517172,6.9301,2.10253e+07
-0.517172,7.13697,2.67373e+07
-0.517172,7.34384,3.37675e+07
-0.517172,7.55071,4.23692e+07
-0.517172,7.75758,5.28351e+07
-0.517172,7.96444,6.55022e+07
-0.517172,8.17131,8.07567e+07
-0.517172,8.37818,9.904e+07
-0.517172,8.58505,1.20855e+08
-0.517172,8.79192,1.46771e+08
-0.517172,8.99879,1.77434e+08
-0.517172,9.20566,2.13571e+08
-0.517172,9.41253,2.56001e+08
-0.517172,9.61939,3.05643e+08
-0.517172,9.82626,3.63523e+08
-0.517172,10.0331,4.30788e+08
-0.517172,10.24,5.08716e+08
-0.310303,-10.24,7.44745e+08
-0.310303,-10.0331,6.35435e+08
-0.310303,-9.82626,5.40436e+08
-0.310303,-9.61939,4.5811e+08
-0.310303,-9.41253,3.86978e+08
-0.310303,-9.20566,3.25709e+08
-0.310303,-8.99879,2.73106e+08
-0.310303,-8.79192,2.28096e+08
-0.310303,-8.58505,1.89719e+08
-0.310303,-8.37818,1.57118e+08
-0.310303,-8.17131,1.29531e+08
-0.310303,-7.96444,1.06281e+08
-0.310303,-7.75758,8.67707e+07
-0.310303,-7.55071,7.04709e+07
-0.310303,-7.34384,5.69176e+07
-0.310303,-7.13697,4.57038e+07
-0.310303,-6.9301,3.64743e+07
-0.310303,-6.72323,2.89199e+07
-0.310303,-6.51636,2.27726e+07
-0.310303,-6.30949,1.78015e+07
-0.310303,-6.10263,1.38079e+07
-0.310303,-5.89576,1.0622e+07
-0.310303,-5.68889,8.09935e+06
-0.310303,-5.48202,6.11784e+06
-0.310303,-5.27515,4.57462e+06
-0.310303,-5.06828,3.38372e+06
-0.310303,-4.86141,2.47374e+06
-0.310303,-4.65455,1.78576e+06
-0.310303,-4.44768,1.27159e+06
-0.310303,-4.24081,892081
-0.310303,-4.03394,615756
-0.310303,-3.82707,417530
-0.310303,-3.6202,277630
-0.310303,-3.41333,180658
-0.310303,-3.20646,114765
-0.310303,-2.9996,70974.9
-0.310303,-2.79273,42584.1
-0.310303,-2.58586,24694.2
-0.310303,-2.37899,13768.2
-0.310303,-2.17212,7337.82
-0.310303,-1.96525,3711.68
-0.310303,-1.75838,1765.69
-0.310303,-1.55152,782.636
-0.310303,-1.34465,315.328
-0.310303,-1.13778,115.668
-0.310303,-0.930909,36.6347
-0.310303,-0.72404,12.1526
-0.310303,-0.517172,4.98416
-0.310303,-0.310303,1.03401
-0.310303,-0.103434,2.77434
-0.310303,0.103434,3.42208
-0.310303,0.310303,2.27853
-0.310303,0.517172,2.41506
-0.310303,0.72404,5.63949
-0.310303,0.930909,8.09142
-0.310303,1.13778,23.6419
-0.310303,1.34465,60.9166
-0.310303,1.55152,152.636
-0.310303,1.75838,366.946
-0.310303,1.96525,825.297
-0.310303,2.17212,1756.36
-0.310303,2.37899,3542.58
-0.310303,2.58586,6806.24
-0.310303,2.79273,12534.1
-0.310303,2.9996,22208.2
-0.310303,3.20646,38005.4
-0.310303,3.41333,63050.5
-0.310303,3.6202,101715
-0.310303,3.82707,159993
-0.310303,4.03394,245946
-0.310303,4.24081,370272
-0.310303,4.44768,546925
-0.310303,4.65455,793898
-0.310303,4.86141,1.1341e+06
-0.310303,5.06828,1.59638e+06
-0.310303,5.27515,2.21672e+06
-0.310303,5.48202,3.03957e+06
-0.310303,5.68889,4.11939e+06
-0.310303,5.89576,5.5224e+06
-0.310303,6.10263,7.32849e+06
-0.310303,6.30949,9.63345e+06
-0.310303,6.51636,1.25514e+07
-0.310303,6.72323,1.62174e+07
-0.310303,6.9301,2.07907e+07
-0.310303,7.13697,2.64578e+07
-0.310303,7.34384,3.34361e+07
-0.310303,7.55071,4.19781e+07
-0.310303,7.75758,5.23756e+07
-0.310303,7.96444,6.49645e+07
-0.310303,8.17131,8.01302e+07
-0.310303,8.37818,9.83127e+07
-0.310303,8.58505,1.20013e+08
-0.310303,8.79192,1.45801e+08
-0.310303,8.99879,1.76319e+08
-0.310303,9.20566,2.12295e+08
-0.310303,9.41253,2.54544e+08
-0.310303,9.61939,3.03983e+08
-0.310303,9.82626,3.61638e+08
-0.310303,10.0331,4.28654e+08
-0.310303,10.24,5.06305e+08
-0.103434,-10.24,7.42344e+08
-0.103434,-10.0331,6.33311e+08
-0.103434,-9.82626,5.38561e+08
-0.103434,-9.61939,4.56459e+08
-0.103434,-9.41253,3.85528e+08
-0.103434,-9.20566,3.2444e+08
-0.103434,-8.99879,2.71998e+08
-0.103434,-8.79192,2.27132e+08
-0.103434,-8.58505,1.88883e+08
-0.103434,-8.37818,1.56395e+08
-0.103434,-8.17131,1.28909e+08
-0.103434,-7.96444,1.05748e+08
-0.103434,-7.75758,8.63147e+07
-0.103434,-7.55071,7.00828e+07
-0.103434,-7.34384,5.65889e+07
-0.103434,-7.13697,4.54267e+07
-0.103434,-6.9301,3.62418e+07
-0.103434,-6.72323,2.87258e+07
-0.103434,-6.51636,2.26116e+07
-0.103434,-6.30949,1.76687e+07
-0.103434,-6.10263,1.3699e+07
-0.103434,-5.89576,1.05333e+07
-0.103434,-5.68889,8.02768e+06
-0.103434,-5.48202,6.06035e+06
-0.103434,-5.27515,4.52889e+06
-0.103434,-5.06828,3.34767e+06
-0.103434,-4.86141,2.44559e+06
-0.103434,-4.65455,1.76401e+06
-0.103434,-4.44768,1.25498e+06
-0.103434,-4.24081,879550
-0.103434,-4.03394,606432
-0.103434,-3.82707,410697
-0.103434,-3.6202,272703
-0.103434,-3.41333,177168
-0.103434,-3.20646,112345
-0.103434,-2.9996,69335.5
-0.103434,-2.79273,41503.5
-0.103434,-2.58586,24000.9
-0.103434,-2.37899,13339.3
-0.103434,-2.17212,7082.85
-0.103434,-1.96525,3566.57
-0.103434,-1.75838,1686.51
-0.103434,-1.55152,740.942
-0.103434,-1.34465,296.496
-0.103434,-1.13778,106.471
-0.103434,-0.930909,36.1815
-0.103434,-0.72404,12.2897
-0.103434,-0.517172,7.23055
-0.103434,-0.310303,2.77434
-0.103434,-0.103434,7.25863
-0.103434,0.103434,5.90619
-0.103434,0.310303,5.47903
-0.103434,0.517172,4.08964
-0.103434,0.72404,6.95285
-0.103434,0.930909,7.44738
-0.103434,1.13778,19.3321
-0.103434,1.34465,47.8021
-0.103434,1.55152,119.811
-0.103434,1.75838,298.475
-0.103434,1.96525,693.916
-0.103434,2.17212,1519.3
-0.103434,2.37899,3136.25
-0.103434,2.58586,6143.11
-0.103434,2.79273,11493.7
-0.103434,2.9996,20615.3
-0.103434,3.20646,35645.4
-0.103434,3.41333,59634.1
-0.103434,3.6202,96873.3
-0.103434,3.82707,153257
-0.103434,4.03394,236741
-0.103434,4.24081,357875
-0.103434,4.44768,530473
-0.103434,4.65455,772334
-0.103434,4.86141,1.10616e+06
-0.103434,5.06828,1.56056e+06
-0.103434,5.27515,2.17125e+06
-0.103434,5.48202,2.98238e+06
-0.103434,5.68889,4.04805e+06
-0.103434,5.89576,5.43411e+06
-0.103434,6.10263,7.22001e+06
-0.103434,6.30949,9.50107e+06
-0.103434,6.51636,1.23909e+07
-0.103434,6.72323,1.60239e+07
-0.103434,6.9301,2.05588e+07
-0.103434,7.13697,2.61813e+07
-0.103434,7.34384,3.31081e+07
-0.103434,7.55071,4.15908e+07
-0.103434,7.75758,5.19204e+07
-0.103434,7.96444,6.44317e+07
-0.103434,8.17131,7.9509e+07
-0.103434,8.37818,9.75913e+07
-0.103434,8.58505,1.19179e+08
-0.103434,8.79192,1.44838e+08
-0.103434,8.99879,1.75213e+08
-0.103434,9.20566,2.11027e+08
-0.103434,9.41253,2.53096e+08
-0.103434,9.61939,3.02334e+08
-0.103434,9.82626,3.59764e+08
-0.103434,10.0331,4.26531e+08
-0.103434,10.24,5.03906e+08
0.103434,-10.24,7.39959e+08
0.103434,-10.0331,6.312e+08
0.103434,-9.82626,5.36698e+08
0.103434,-9.61939,4.54819e+08
0.103434,-9.41253,3.84089e+08
0.103434,-9.20566,3.23181e+08
0.103434,-8.99879,2.709e+08
0.103434,-8.79192,2.26177e+08
0.103434,-8.58505,1.88054e+08
0.103434,-8.37818,1.5568e+08
0.103434,-8.17131,1.28293e+08
0.103434,-7.96444,1.0522e+08
0.103434,-7.75758,8.58637e+07
0.103434,-7.55071,6.96994e+07
0.103434,-7.34384,5.62643e+07
0.103434,-7.13697,4.51532e+07
0.103434,-6.9301,3.60126e+07
0.103434,-6.72323,2.85347e+07
0.103434,-6.51636,2.24532e+07
0.103434,-6.30949,1.75381e+07
0.103434,-6.10263,1.35921e+07
0.103434,-5.89576,1.04464e+07
0.103434,-5.68889,7.95752e+06
0.103434,-5.48202,6.00418e+06
0.103434,-5.27515,4.48429e+06
0.103434,-5.06828,3.31259e+06
0.103434,-4.86141,2.41826e+06
0.103434,-4.65455,1.74296e+06
0.103434,-4.44768,1.23895e+06
0.103434,-4.24081,867503
0.103434,-4.03394,597508
0.103434,-3.82707,404188
0.103434,-3.6202,268038
0.103434,-3.41333,173893
0.103434,-3.20646,110093
0.103434,-2.9996,67825.6
0.103434,-2.79273,40517.3
0.103434,-2.58586,23379.7
0.103434,-2.37899,12960.4
0.103434,-2.17212,6863.84
0.103434,-1.96525,3445.13
0.103434,-1.75838,1624.46
0.103434,-1.55152,711.312
0.103434,-1.34465,283.281
0.103434,-1.13778,101.587
0.103434,-0.930909,32.0449
0.103434,-0.72404,11.8401
0.103434,-0.517172,5.46198
0.103434,-0.310303,3.42208
0.103434,-0.103434,5.90619
0.103434,0.103434,4.37433
0.103434,0.310303,3.83802
0.103434,0.517172,4.02895
0.103434,0.72404,4.81533
0.103434,0.930909,6.77102
0.103434,1.13778,15.4331
0.103434,1.34465,35.2953
0.103434,1.55152,90.5703
0.103434,1.75838,235.902
0.103434,1.96525,571.939
0.103434,2.17212,1300.63
0.103434,2.37899,2761.35
0.103434,2.58586,5523.5
0.103434,2.79273,10508.6
0.103434,2.9996,19107.7
0.103434,3.20646,33396.7
0.103434,3.41333,56359.6
0.103434,3.6202,92213.7
0.103434,3.82707,146754
0.103434,4.03394,227823
0.103434,4.24081,345837
0.103434,4.44768,514452
0.103434,4.65455,751290
0.103434,4.86141,1.07884e+06
0.103434,5.06828,1.52549e+06
0.103434,5.27515,2.12667e+06
0.103434,5.48202,2.92622e+06
0.103434,5.68889,3.97791e+06
0.103434,5.89576,5.34721e+06
0.103434,6.10263,7.11313e+06
0.103434,6.30949,9.37053e+06
0.103434,6.51636,1.22324e+07
0.103434,6.72323,1.58329e+07
0.103434,6.9301,2.03296e+07
0.103434,7.13697,2.59079e+07
0.103434,7.34384,3.27835e+07
0.103434,7.55071,4.12074e+07
0.103434,7.75758,5.14694e+07
0.103434,7.96444,6.39036e+07
0.103434,8.17131,7.88931e+07
0.103434,8.37818,9.68757e+07
0.103434,8.58505,1.1835e+08
0.103434,8.79192,1.43883e+08
0.103434,8.99879,1.74114e+08
0.103434,9.20566,2.09768e+08
0.103434,9.41253,2.51657e+08
0.103434,9.61939,3.00694e+08
0.103434,9.82626,3.57902e+08
0.103434,10.0331,4.24421e+08
0.103434,10.24,5.01521e+08
0.310303,-10.24,7.37589e+08
0.310303,-10.0331,6.29104e+08
0.310303,-9.82626,5.34849e+08
0.310303,-9.61939,4.53192e+08
0.310303,-9.41253,3.82661e+08
0.310303,-9.20566,3.21931e+08
0.310303,-8.99879,2.6981e+08
0.310303,-8.79192,2.25229e+08
0.310303,-8.58505,1.87234e+08
0.310303,-8.37818,1.54971e+08
0.310303,-8.17131,1.27683e+08
0.310303,-7.96444,1.04697e+08
0.310303,-7.75758,8.54178e+07
0.310303,-7.55071,6.93205e+07
0.310303,-7.34384,5.59437e+07
0.310303,-7.13697,4.48834e+07
0.310303,-6.9301,3.57866e+07
0.310303,-6.72323,2.83465e+07
0.310303,-6.51636,2.22973e+07
0.310303,-6.30949,1.74098e+07
0.310303,-6.10263,1.34872e+07
0.310303,-5.89576,1.03612e+07
0.310303,-5.68889,7.88887e+06
0.310303,-5.48202,5.9493e+06
0.310303,-5.27515,4.44081e+06
0.310303,-5.06828,3.27846e+06
0.310303,-4.86141,2.39175e+06
0.310303,-4.65455,1.7226e+06
0.310303,-4.44768,1.2235e+06
0.310303,-4.24081,855938
0.310303,-4.03394,588979
0.310303,-3.82707,398001
0.310303,-3.6202,263634
0.310303,-3.41333,170820
0.310303,-3.20646,108002
0.310303,-2.9996,66440.7
0.310303,-2.79273,39628.1
0.310303,-2.58586,22829.9
0.310303,-2.37899,12637.8
0.310303,-2.17212,6680.4
0.310303,-1.96525,3349.58
0.310303,-1.75838,1579.39
0.310303,-1.55152,691.252
0.310303,-1.34465,276.682
0.310303,-1.13778,99.9587
0.310303,-0.930909,32.803
0.310303,-0.72404,10.7524
0.310303,-0.517172,4.4191
0.310303,-0.310303,2.27853
0.310303,-0.103434,5.47903
0.310303,0.103434,3.83802
0.310303,0.310303,2.67828
0.310303,0.517172,1.07517
0.310303,0.72404,5.31211
0.310303,0.930909,2.80801
0.310303,1.13778,11.1823
0.310303,1.34465,22.8624
0.310303,1.55152,63.8125
0.310303,1.75838,180.393
0.310303,1.96525,465.733
0.310303,2.17212,1102.93
0.310303,2.37899,2412.03
0.310303,2.58586,4946.99
0.310303,2.79273,9583.8
0.310303,2.9996,17677.8
0.310303,3.20646,31249.6
0.310303,3.41333,53223.7
0.310303,3.6202,87731.2
0.310303,3.82707,140478
0.310303,4.03394,219186
0.310303,4.24081,334148
0.310303,4.44768,498856
0.310303,4.65455,730760
0.310303,4.86141,1.05214e+06
0.310303,5.06828,1.49115e+06
0.310303,5.27515,2.08294e+06
0.310303,5.48202,2.87107e+06
0.310303,5.68889,3.90896e+06
0.310303,5.89576,5.26168e+06
0.310303,6.10263,7.00784e+06
0.310303,6.30949,9.24181e+06
0.310303,6.51636,1.20761e+07
0.310303,6.72323,1.56441e+07
0.310303,6.9301,2.01031e+07
0.310303,7.13697,2.56374e+07
0.310303,7.34384,3.24623e+07
0.310303,7.55071,4.08278e+07
0.310303,7.75758,5.10228e+07
0.310303,7.96444,6.33803e+07
0.310303,8.17131,7.82825e+07
0.310303,8.37818,9.6166e+07
0.310303,8.58505,1.17528e+08
0.310303,8.79192,1.42934e+08
0.310303,8.99879,1.73023e+08
0.310303,9.20566,2.08517e+08
0.310303,9.41253,2.50227e+08
0.310303,9.61939,2.99065e+08
0.310303,9.82626,3.56051e+08
0.310303,10.0331,4.22323e+08
0.310303,10.24,4.99149e+08
0.517172,-10.24,7.35234e+08
0.517172,-10.0331,6.27021e+08
0.517172,-9.82626,5.33012e+08
0.517172,-9.61939,4.51576e+08
0.517172,-9.41253,3.81244e+08
0.517172,-9.20566,3.20692e+08
0.517172,-8.99879,2.68729e+08
0.517172,-8.79192,2.2429e+08
0.517172,-8.58505,1.8642e+08
0.517172,-8.37818,1.54269e+08
0.517172,-8.17131,1.27079e+08
0.517172,-7.96444,1.0418e+08
0.517172,-7.75758,8.49769e+07
0.517172,-7.55071,6.89461e+07
0.517172,-7.34384,5.56273e+07
0.517172,-7.13697,4.46172e+07
0.517172,-6.9301,3.55639e+07
0.517172,-6.72323,2.81611e+07
0.517172,-6.51636,2.2144e+07
0.517172,-6.30949,1.72837e+07
0.517172,-6.10263,1.33842e+07
0.517172,-5.89576,1.02777e+07
0.517172,-5.68889,7.82172e+06
0.517172,-5.48202,5.89572e+06
0.517172,-5.27515,4.39844e+06
0.517172,-5.06828,3.24529e+06
0.517172,-4.86141,2.36605e+06
0.517172,-4.65455,1.70292e+06
0.517172,-4.44768,1.20862e+06
0.517172,-4.24081,844855
0.517172,-4.03394,580847
0.517172,-3.82707,392138
0.517172,-3.6202,259495
0.517172,-3.41333,167960
0.517172,-3.20646,106076
0.517172,-2.9996,65180.9
0.517172,-2.79273,38837.7
0.517172,-2.58586,22353.1
0.517172,-2.37899,12366.4
0.517172,-2.17212,6538.43
0.517172,-1.96525,3282.18
0.517172,-1.75838,1551.66
0.517172,-1.55152,683.125
0.517172,-1.34465,277.783
0.517172,-1.13778,103.5
0.517172,-0.930909,34.1632
0.517172,-0.72404,13.2944
0.517172,-0.517172,4.62934
0.517172,-0.310303,2.41506
0.517172,-0.103434,4.08964
0.517172,0.103434,4.02895
0.517172,0.310303,1.07517
0.517172,0.517172,0.110245
0.517172,0.72404,3.35859
0.517172,0.930909,0.737319
0.517172,1.13778,6.06135
0.517172,1.34465,16.3653
0.517172,1.55152,42.8105
0.517172,1.75838,135.878
0.517172,1.96525,369.806
0.517172,2.17212,921.055
0.517172,2.37899,2093.58
0.517172,2.58586,4410.65
0.517172,2.79273,8721.41
0.517172,2.9996,16329
0.517172,3.20646,29214.7
0.517172,3.41333,50229.4
0.517172,3.6202,83429
0.517172,3.82707,134427
0.517172,4.03394,210832
0.517172,4.24081,322807
0.517172,4.44768,483688
0.517172,4.65455,710746
0.517172,4.86141,1.02606e+06
0.517172,5.06828,1.45754e+06
0.517172,5.27515,2.04009e+06
0.517172,5.48202,2.81694e+06
0.517172,5.68889,3.84119e+06
0.517172,5.89576,5.17752e+06
0.517172,6.10263,6.90413e+06
0.517172,6.30949,9.1149e+06
0.517172,6.51636,1.19218e+07
0.517172,6.72323,1.54577e+07
0.517172,6.9301,1.98793e+07
0.517172,7.13697,2.537e+07
0.517172,7.34384,3.21446e+07
0.517172,7.55071,4.04519e+07
0.517172,7.75758,5.05803e+07
0.517172,7.96444,6.28617e+07
0.517172,8.17131,7.76771e+07
0.517172,8.37818,9.5462e+07
0.517172,8.58505,1.16713e+08
0.517172,8.79192,1.41993e+08
0.517172,8.99879,1.7194e+08
0.517172,9.20566,2.07275e+08
0.517172,9.41253,2.48807e+08
0.517172,9.61939,2.97447e+08
0.517172,9.82626,3.54211e+08
0.517172,10.0331,4.20236e+08
0.517172,10.24,4.9679e+08
0.72404,-10.24,7.32893e+08
0.72404,-10.0331,6.24952e+08
0.72404,-9.82626,5.31188e+08
0.72404,-9.61939,4.49972e+08
0.72404,-9.41253,3.79838e+08
0.72404,-9.20566,3.19462e+08
0.72404,-8.99879,2.67658e+08
0.72404,-8.79192,2.23359e+08
0.72404,-8.58505,1.85615e+08
0.72404,-8.37818,1.53574e+08
0.72404,-8.17131,1.26482e+08
0.72404,-7.96444,1.03669e+08
0.72404,-7.75758,8.45411e+07
0.72404,-7.55071,6.85763e+07
0.72404,-7.34384,5.5315e+07
0.72404,-7.13697,4.43547e+07
0.72404,-6.9301,3.53444e+07
0.72404,-6.72323,2.79787e+07
0.72404,-6.51636,2.19932e+07
0.72404,-6.30949,1.716e+07
0.72404,-6.10263,1.32833e+07
0.72404,-5.89576,1.0196e+07
0.72404,-5.68889,7.7561e+06
0.72404,-5.48202,5.84347e+06
0.72404,-5.27515,4.35723e+06
0.72404,-5.06828,3.2131e+06
0.72404,-4.86141,2.3412e+06
0.72404,-4.65455,1.68396e+06
0.72404,-4.44768,1.19435e+06
0.72404,-4.24081,834271
0.72404,-4.03394,573130
0.72404,-3.82707,386621
0.72404,-3.6202,255631
0.72404,-3.41333,165324
0.72404,-3.20646,104331
0.72404,-2.9996,64065.2
0.72404,-2.79273,38153.9
0.72404,-2.58586,21957.3
0.72404,-2.37899,12156.1
0.72404,-2.17212,6440.54
0.72404,-1.96525,3244.73
0.72404,-1.75838,1546.51
0.72404,-1.55152,692.232
0.72404,-1.34465,289.414
0.72404,-1.13778,110.317
0.72404,-0.930909,40.9079
0.72404,-0.72404,15.9831
0.72404,-0.517172,8.73878
0.72404,-0.310303,5.63949
0.72404,-0.103434,6.95285
0.72404,0.103434,4.81533
0.72404,0.310303,5.31211
0.72404,0.517172,3.35859
0.72404,0.72404,6.41813
0.72404,0.930909,4.8267
0.72404,1.13778,4.60525
0.72404,1.34465,10.5752
0.72404,1.55152,28.146
0.72404,1.75838,98.3924
0.72404,1.96525,290.049
0.72404,2.17212,765.714
0.72404,2.37899,1810.36
0.72404,2.58586,3922.93
0.72404,2.79273,7918.6
0.72404,2.9996,15068.8
0.72404,3.20646,27294.1
0.72404,3.41333,47380.6
0.72404,3.6202,79316.8
0.72404,3.82707,128614
0.72404,4.03394,202773
0.72404,4.24081,311826
0.72404,4.44768,468959
0.72404,4.65455,691265
0.72404,4.86141,1.00062e+06
0.72404,5.06828,1.42469e+06
0.72404,5.27515,1.99812e+06
0.72404,5.48202,2.76385e+06
0.72404,5.68889,3.77463e+06
0.72404,5.89576,5.09477e+06
0.72404,6.10263,6.80203e+06
0.72404,6.30949,8.98984e+06
0.72404,6.51636,1.17697e+07
0.72404,6.72323,1.52738e+07
0.72404,6.9301,1.96581e+07
0.72404,7.13697,2.51057e+07
0.72404,7.34384,3.18302e+07
0.72404,7.55071,4.008e+07
0.72404,7.75758,5.01422e+07
0.72404,7.96444,6.23479e+07
0.72404,8.17131,7.7077e+07
0.72404,8.37818,9.4764e+07
0.72404,8.58505,1.15904e+08
0.72404,8.79192,1.41059e+08
0.72404,8.99879,1.70865e+08
0.72404,9.20566,2.06042e+08
0.72404,9.41253,2.47397e+08
0.72404,9.61939,2.95838e+08
0.72404,9.82626,3.52382e+08
0.72404,10.0331,4.18163e+08
0.72404,10.24,4.94444e+08
0.930909,-10.24,7.30569e+08
0.930909,-10.0331,6.22898e+08
0.930909,-9.82626,5.29377e+08
0.930909,-9.61939,4.4838e+08
0.930909,-9.41253,3.78443e+08
0.930909,-9.20566,3.18243e+08
0.930909,-8.99879,2.66596e+08
0.930909,-8.79192,2.22437e+08
0.930909,-8.58505,1.84816e+08
0.930909,-8.37818,1.52886e+08
0.930909,-8.17131,1.25891e+08
0.930909,-7.96444,1.03163e+08
0.930909,-7.75758,8.41106e+07
0.930909,-7.55071,6.82112e+07
0.930909,-7.34384,5.50069e+07
0.930909,-7.13697,4.4096e+07
0.930909,-6.9301,3.51284e+07
0.930909,-6.72323,2.77993e+07
0.930909,-6.51636,2.18451e+07
0.930909,-6.30949,1.70385e+07
0.930909,-6.10263,1.31844e+07
0.930909,-5.89576,1.01161e+07
0.930909,-5.68889,7.69208e+06
0.930909,-5.48202,5.79262e+06
0.930909,-5.27515,4.31722e+06
0.930909,-5.06828,3.18196e+06
0.930909,-4.86141,2.31723e+06
0.930909,-4.65455,1.66575e+06
0.930909,-4.44768,1.18072e+06
0.930909,-4.24081,824222
0.930909,-4.03394,565859
0.930909,-3.82707,381470
0.930909,-3.6202,252070
0.930909,-3.41333,162932
0.930909,-3.20646,102780
0.930909,-2.9996,63104.8
0.930909,-2.79273,37595
0.930909,-2.58586,21661.6
0.930909,-2.37899,12020.1
0.930909,-2.17212,6394.43
0.930909,-1.96525,3249.67
0.930909,-1.75838,1572.84
0.930909,-1.55152,720.459
0.930909,-1.34465,312.224
0.930909,-1.13778,130.198
0.930909,-0.930909,56.3273
0.930909,-0.72404,24.9579
0.930909,-0.517172,14.9796
0.930909,-0.310303,8.09142
0.930909,-0.103434,7.44738
0.930909,0.103434,6.77102
0.930909,0.310303,2.80801
0.930909,0.517172,0.737319
0.930909,0.72404,4.8267
0.930909,0.930909,0.345289
0.930909,1.13778,2.67639
0.930909,1.34465,6.47919
0.930909,1.55152,18.2669
0.930909,1.75838,69.4757
0.930909,1.96525,224.067
0.930909,2.17212,632.167
0.930909,2.37899,1560.11
0.930909,2.58586,3480.6
0.930909,2.79273,7184.07
0.930909,2.9996,13897.1
0.930909,3.20646,25486.7
0.930909,3.41333,44685.9
0.930909,3.6202,75398.3
0.930909,3.82707,123045
0.930909,4.03394,195021
0.930909,4.24081,301220
0.930909,4.44768,454684
0.930909,4.65455,672327
0.930909,4.86141,975819
0.930909,5.06828,1.3926e+06
0.930909,5.27515,1.95706e+06
0.930909,5.48202,2.71182e+06
0.930909,5.68889,3.7093e+06
0.930909,5.89576,5.01344e+06
0.930909,6.10263,6.70158e+06
0.930909,6.30949,8.86666e+06
0.930909,6.51636,1.16197e+07
0.930909,6.72323,1.50922e+07
0.930909,6.9301,1.94397e+07
0.930909,7.13697,2.48445e+07
0.930909,7.34384,3.15194e+07
0.930909,7.55071,3.97119e+07
0.930909,7.75758,4.97084e+07
0.930909,7.96444,6.18389e+07
0.930909,8.17131,7.64823e+07
0.930909,8.37818,9.40719e+07
0.930909,8.58505,1.15101e+08
0.930909,8.79192,1.40132e+08
0.930909,8.99879,1.69798e+08
0.930909,9.20566,2.04817e+08
0.930909,9.41253,2.45996e+08
0.930909,9.61939,2.9424e+08
0.930909,9.82626,3.50564e+08
0.930909,10.0331,4.16101e+08
0.930909,10.24,4.92112e+08
1.13778,-10.24,7.28259e+08
1.13778,-10.0331,6.20858e+08
1.13778,-9.82626,5.27579e+08
1.13778,-9.61939,4.46801e+08
1.13778,-9.41253,3.77058e+08
1.13778,-9.20566,3.17034e+08
1.13778,-8.99879,2.65543e+08
1.13778,-8.79192,2.21523e+08
1.13778,-8.58505,1.84026e+08
1.13778,-8.37818,1.52205e+08
1.13778,-8.17131,1.25307e+08
1.13778,-7.96444,1.02664e+08
1.13778,-7.75758,8.36854e+07
1.13778,-7.55071,6.7851e+07
1.13778,-7.34384,5.47031e+07
1.13778,-7.13697,4.38413e+07
1.13778,-6.9301,3.49158e+07
1.13778,-6.72323,2.7623e+07
1.13778,-6.51636,2.16999e+07
1.13778,-6.30949,1.69196e+07
1.13778,-6.10263,1.30878e+07
1.13778,-5.89576,1.00382e+07
1.13778,-5.68889,7.62977e+06
1.13778,-5.48202,5.74325e+06
1.13778,-5.27515,4.27851e+06
1.13778,-5.06828,3.15194e+06
1.13778,-4.86141,2.29424e+06
1.13778,-4.65455,1.64838e+06
1.13778,-4.44768,1.1678e+06
1.13778,-4.24081,814788
1.13778,-4.03394,559107
1.13778,-3.82707,376753
1.13778,-3.6202,248871
1.13778,-3.41333,160843
1.13778,-3.20646,101482
1.13778,-2.9996,62352.8
1.13778,-2.79273,37205.2
1.13778,-2.58586,21498.8
1.13778,-2.37899,11992.7
1.13778,-2.17212,6442.33
1.13778,-1.96525,3325.7
1.13778,-1.75838,1652.7
1.13778,-1.55152,795.44
1.13778,-1.34465,373.923
1.13778,-1.13778,179.151
1.13778,-0.930909,91.306
1.13778,-0.72404,53.5265
1.13778,-0.517172,34.5901
1.13778,-0.310303,23.6419
1.13778,-0.103434,19.3321
1.13778,0.103434,15.4331
1.13778,0.310303,11.1823
1.13778,0.517172,6.06135
1.13778,0.72404,4.60525
1.13778,0.930909,2.67639
1.13778,1.13778,7.15324
1.13778,1.34465,4.88772
1.13778,1.55152,12.3611
1.13778,1.75838,50.4389
1.13778,1.96525,176.473
1.13778,2.17212,524.167
1.13778,2.37899,1347.16
1.13778,2.58586,3095.75
1.13778,2.79273,6523.34
1.13778,2.9996,12821.3
1.13778,3.20646,23810.7
1.13778,3.41333,42156.8
1.13778,3.6202,71687.2
1.13778,3.82707,117737
1.13778,4.03394,187588
1.13778,4.24081,291008
1.13778,4.44768,440885
1.13778,4.65455,653962
1.13778,4.86141,951708
1.13778,5.06828,1.36133e+06
1.13778,5.27515,1.91695e+06
1.13778,5.48202,2.66089e+06
1.13778,5.68889,3.64526e+06
1.13778,5.89576,4.93359e+06
1.13778,6.10263,6.60282e+06
1.13778,6.30949,8.74542e+06
1.13778,6.51636,1.14718e+07
1.13778,6.72323,1.49132e+07
1.13778,6.9301,1.92242e+07
1.13778,7.13697,2.45864e+07
1.13778,7.34384,3.12121e+07
1.13778,7.55071,3.93478e+07
1.13778,7.75758,4.9279e+07
1.13778,7.96444,6.13349e+07
1.13778,8.17131,7.58931e+07
1.13778,8.37818,9.33858e+07
1.13778,8.58505,1.14306e+08
1.13778,8.79192,1.39212e+08
1.13778,8.99879,1.68739e+08
1.13778,9.20566,2.03601e+08
1.13778,9.41253,2.44605e+08
1.13778,9.61939,2.92653e+08
1.13778,9.82626,3.48758e+08
1.13778,10.0331,4.14052e+08
1.13778,10.24,4.89794e+08
1.34465,-10.24,7.25966e+08
1.34465,-10.0331,6.18832e+08
1.34465,-9.82626,5.25795e+08
1.34465,-9.61939,4.45234e+08
1.34465,-9.41253,3.75686e+08
1.34465,-9.20566,3.15836e+08
1.34465,-8.99879,2.645e+08
1.34465,-8.79192,2.20619e+08
1.34465,-8.58505,1.83244e+08
1.34465,-8.37818,1.51532e+08
1.34465,-8.17131,1.24729e+08
1.34465,-7.96444,1.02171e+08
1.34465,-7.75758,8.32659e+07
1.34465,-7.55071,6.74959e+07
1.34465,-7.34384,5.44041e+07
1.34465,-7.13697,4.35907e+07
1.34465,-6.9301,3.47071e+07
1.34465,-6.72323,2.74502e+07
1.34465,-6.51636,2.15576e+07
1.34465,-6.30949,1.68034e+07
1.34465,-6.10263,1.29935e+07
1.34465,-5.89576,9.96238e+06
1.34465,-5.68889,7.56933e+06
1.34465,-5.48202,5.69554e+06
1.34465,-5.27515,4.24125e+06
1.34465,-5.06828,3.12319e+06
1.34465,-4.86141,2.27235e+06
1.34465,-4.65455,1.63198e+06
1.34465,-4.44768,1.15571e+06
1.34465,-4.24081,806067
1.34465,-4.03394,552970
1.34465,-3.82707,372565
1.34465,-3.6202,246121
1.34465,-3.41333,159136
1.34465,-3.20646,100503
1.34465,-2.9996,61869.4
1.34465,-2.79273,37042.1
1.34465,-2.58586,21529
1.34465,-2.37899,12125.2
1.34465,-2.17212,6619.99
1.34465,-1.96525,3513.35
1.34465,-1.75838,1827.98
1.34465,-1.55152,946.773
1.34465,-1.34465,501.135
1.34465,-1.13778,280.7
1.34465,-0.930909,172.418
1.34465,-0.72404,114.21
1.34465,-0.517172,80.7606
1.34465,-0.310303,60.9166
1.34465,-0.103434,47.8021
1.34465,0.103434,35.2953
1.34465,0.310303,22.8624
1.34465,0.517172,16.3653
1.34465,0.72404,10.5752
1.34465,0.930909,6.47919
1.34465,1.13778,4.88772
1.34465,1.34465,8.15704
1.34465,1.55152,7.99683
1.34465,1.75838,36.6604
1.34465,1.96525,139.045
1.34465,2.17212,435.725
1.34465,2.37899,1165.58
1.34465,2.58586,2755.09
1.34465,2.79273,5931.1
1.34465,2.9996,11840.4
1.34465,3.20646,22255.9
1.34465,3.41333,39788.3
1.34465,3.6202,68186
1.34465,3.82707,112690
1.34465,4.03394,180478
1.34465,4.24081,281194
1.34465,4.44768,427569
1.34465,4.65455,636177
1.34465,4.86141,928285
1.34465,5.06828,1.33087e+06
1.34465,5.27515,1.8778e+06
1.34465,5.48202,2.61109e+06
1.34465,5.68889,3.58252e+06
1.34465,5.89576,4.85525e+06
1.34465,6.10263,6.50579e+06
1.34465,6.30949,8.62616e+06
1.34465,6.51636,1.13263e+07
1.34465,6.72323,1.47367e+07
1.34465,6.9301,1.90115e+07
1.34465,7.13697,2.43316e+07
1.34465,7.34384,3.09084e+07
1.34465,7.55071,3.89877e+07
1.34465,7.75758,4.88542e+07
1.34465,7.96444,6.08358e+07
1.34465,8.17131,7.53094e+07
1.34465,8.37818,9.27059e+07
1.34465,8.58505,1.13517e+08
1.34465,8.79192,1.383e+08
1.34465,8.99879,1.67688e+08
1.34465,9.20566,2.02394e+08
1.34465,9.41253,2.43223e+08
1.34465,9.61939,2.91076e+08
1.34465,9.82626,3.46964e+08
1.34465,10.0331,4.12016e+08
1.34465,10.24,4.87489e+08
1.55152,-10.24,7.2369e+08
1.55152,-10.0331,6.16823e+08
1.55152,-9.82626,5.24025e+08
1.55152,-9.61939,4.4368e+08
1.55152,-9.41253,3.74326e+08
1.55152,-9.20566,3.14649e+08
1.55152,-8.99879,2.63467e+08
1.55152,-8.79192,2.19724e+08
1.55152,-8.58505,1.82471e+08
1.55152,-8.37818,1.50867e+08
1.55152,-8.17131,1.24159e+08
1.55152,-7.96444,1.01684e+08
1.55152,-7.75758,8.28525e+07
1.55152,-7.55071,6.71463e+07
1.55152,-7.34384,5.411e+07
1.55152,-7.13697,4.33446e+07
1.55152,-6.9301,3.45024e+07
1.55152,-6.72323,2.7281e+07
1.55152,-6.51636,2.14187e+07
1.55152,-6.30949,1.66901e+07
1.55152,-6.10263,1.29019e+07
1.55152,-5.89576,9.88895e+06
1.55152,-5.68889,7.51102e+06
1.55152,-5.48202,5.64973e+06
1.55152,-5.27515,4.20567e+06
1.55152,-5.06828,3.09593e+06
1.55152,-4.86141,2.25178e+06
1.55152,-4.65455,1.61673e+06
1.55152,-4.44768,1.14465e+06
1.55152,-4.24081,798242
1.55152,-4.03394,547615
1.55152,-3.82707,369058
1.55152,-3.6202,243969
1.55152,-3.41333,157947
1.55152,-3.20646,99978.1
1.55152,-2.9996,61778.1
1.55152,-2.79273,37220.5
1.55152,-2.58586,21852.4
1.55152,-2.37899,12517
1.55152,-2.17212,7019.44
1.55152,-1.96525,3891.86
1.55152,-1.75838,2165.7
1.55152,-1.55152,1242.87
1.55152,-1.34465,748.326
1.55152,-1.13778,487.678
1.55152,-0.930909,342.442
1.55152,-0.72404,254.804
1.55152,-0.517172,196.345
1.55152,-0.310303,152.636
1.55152,-0.103434,119.811
1.55152,0.103434,90.5703
1.55152,0.310303,63.8125
1.55152,0.517172,42.8105
1.55152,0.72404,28.146
1.55152,0.930909,18.2669
1.55152,1.13778,12.3611
1.55152,1.34465,7.99683
1.55152,1.55152,10.6021
1.55152,1.75838,28.3798
1.55152,1.96525,109.434
1.55152,2.17212,362.692
1.55152,2.37899,1008.99
1.55152,2.58586,2455.62
1.55152,2.79273,5397.78
1.55152,2.9996,10944.4
1.55152,3.20646,20822.4
1.55152,3.41333,37575.9
1.55152,3.6202,64885.1
1.55152,3.82707,107901
1.55152,4.03394,173694
1.55152,4.24081,271779
1.55152,4.44768,414741
1.55152,4.65455,618980
1.55152,4.86141,905562
1.55152,5.06828,1.30125e+06
1.55152,5.27515,1.83962e+06
1.55152,5.48202,2.56243e+06
1.55152,5.68889,3.5211e+06
1.55152,5.89576,4.77844e+06
1.55152,6.10263,6.41052e+06
1.55152,6.30949,8.50891e+06
1.55152,6.51636,1.1183e+07
1.55152,6.72323,1.45628e+07
1.55152,6.9301,1.88017e+07
1.55152,7.13697,2.40801e+07
1.55152,7.34384,3.06084e+07
1.55152,7.55071,3.86318e+07
1.55152,7.75758,4.8434e+07
1.55152,7.96444,6.03419e+07
1.55152,8.17131,7.47314e+07
1.55152,8.37818,9.20323e+07
1.55152,8.58505,1.12735e+08
1.55152,8.79192,1.37395e+08
1.55152,8.99879,1.66645e+08
1.55152,9.20566,2.01197e+08
1.55152,9.41253,2.41851e+08
1.55152,9.61939,2.8951e+08
1.55152,9.82626,3.45182e+08
1.55152,10.0331,4.09992e+08
1.55152,10.24,4.85198e+08
1.75838,-10.24,7.21431e+08
1.75838,-10.0331,6.14829e+08
1.75838,-9.82626,5.22271e+08
1.75838,-9.61939,4.4214e+08
1.75838,-9.41253,3.72979e+08
1.75838,-9.20566,3.13474e+08
1.75838,-8.99879,2.62446e+08
1.75838,-8.79192,2.18839e+08
1.75838,-8.58505,1.81707e+08
1.75838,-8.37818,1.5021e+08
1.75838,-8.17131,1.23597e+08
1.75838,-7.96444,1.01205e+08
1.75838,-7.75758,8.24457e+07
1.75838,-7.55071,6.68028e+07
1.75838,-7.34384,5.38214e+07
1.75838,-7.13697,4.31036e+07
1.75838,-6.9301,3.43023e+07
1.75838,-6.72323,2.71159e+07
1.75838,-6.51636,2.12835e+07
1.75838,-6.30949,1.65803e+07
1.75838,-6.10263,1.28134e+07
1.75838,-5.89576,9.81831e+06
1.75838,-5.68889,7.45522e+06
1.75838,-5.48202,5.60616e+06
1.75838,-5.27515,4.17211e+06
1.75838,-5.06828,3.07048e+06
1.75838,-4.86141,2.23284e+06
1.75838,-4.65455,1.60293e+06
1.75838,-4.44768,1.13488e+06
1.75838,-4.24081,791576
1.75838,-4.03394,543295
1.75838,-3.82707,366475
1.75838,-3.6202,242640
1.75838,-3.41333,157493
1.75838,-3.20646,100105
1.75838,-2.9996,62271.9
1.75838,-2.79273,37913.8
1.75838,-2.58586,22640
1.75838,-2.37899,13317
1.75838,-2.17212,7786
1.75838,-1.96525,4595.7
1.75838,-1.75838,2800.88
1.75838,-1.55152,1796.35
1.75838,-1.34465,1230.47
1.75838,-1.13778,900.66
1.75838,-0.930909,695.959
1.75838,-0.72404,555.388
1.75838,-0.517172,451.24
1.75838,-0.310303,366.946
1.75838,-0.103434,298.475
1.75838,0.103434,235.902
1.75838,0.310303,180.393
1.75838,0.517172,135.878
1.75838,0.72404,98.3924
1.75838,0.930909,69.4757
1.75838,1.13778,50.4389
1.75838,1.34465,36.6604
1.75838,1.55152,28.3798
1.75838,1.75838,38.975
1.75838,1.96525,100.518
1.75838,2.17212,314.822
1.75838,2.37899,885.93
1.75838,2.58586,2197.43
1.75838,2.79273,4925.12
1.75838,2.9996,10131.9
1.75838,3.20646,19498.9
1.75838,3.41333,35514.4
1.75838,3.6202,61780.6
1.75838,3.82707,103359
1.75838,4.03394,167220
1.75838,4.24081,262746
1.75838,4.44768,402386
1.75838,4.65455,602356
1.75838,4.86141,883533
1.75838,5.06828,1.27244e+06
1.75838,5.27515,1.80242e+06
1.75838,5.48202,2.51491e+06
1.75838,5.68889,3.46101e+06
1.75838,5.89576,4.70315e+06
1.75838,6.10263,6.31701e+06
1.75838,6.30949,8.39367e+06
1.75838,6.51636,1.1042e+07
1.75838,6.72323,1.43915e+07
1.75838,6.9301,1.85949e+07
1.75838,7.13697,2.38319e+07
1.75838,7.34384,3.03122e+07
1.75838,7.55071,3.82801e+07
1.75838,7.75758,4.80184e+07
1.75838,7.96444,5.98532e+07
1.75838,8.17131,7.41591e+07
1.75838,8.37818,9.13649e+07
1.75838,8.58505,1.1196e+08
1.75838,8.79192,1.36498e+08
1.75838,8.99879,1.65611e+08
1.75838,9.20566,2.00008e+08
1.75838,9.41253,2.4049e+08
1.75838,9.61939,2.87955e+08
1.75838,9.82626,3.43411e+08
1.75838,10.0331,4.07982e+08
1.75838,10.24,4.82921e+08
1.96525,-10.24,7.1919e+08
1.96525,-10.0331,6.12852e+08
1.96525,-9.82626,5.20532e+08
1.96525,-9.61939,4.40615e+08
1.96525,-9.41253,3.71645e+08
1.96525,-9.20566,3.12311e+08
1.96525,-8.99879,2.61436e+08
1.96525,-8.79192,2.17965e+08
1.96525,-8.58505,1.80954e+08
1.96525,-8.37818,1.49563e+08
1.96525,-8.17131,1.23043e+08
1.96525,-7.96444,1.00733e+08
1.96525,-7.75758,8.20462e+07
1.96525,-7.55071,6.64661e+07
1.96525,-7.34384,5.35391e+07
1.96525,-7.13697,4.28683e+07
1.96525,-6.9301,3.41074e+07
1.96525,-6.72323,2.69557e+07
1.96525,-6.51636,2.11527e+07
1.96525,-6.30949,1.64745e+07
1.96525,-6.10263,1.27286e+07
1.96525,-5.89576,9.751e+06
1.96525,-5.68889,7.40245e+06
1.96525,-5.48202,5.56537e+06
1.96525,-5.27515,4.14108e+06
1.96525,-5.06828,3.04733e+06
1.96525,-4.86141,2.21597e+06
1.96525,-4.65455,1.59103e+06
1.96525,-4.44768,1.12683e+06
1.96525,-4.24081,786473
1.96525,-4.03394,540396
1.96525,-3.82707,365182
1.96525,-3.6202,242483
1.96525,-3.41333,158101
1.96525,-3.20646,101202
1.96525,-2.9996,63644.1
1.96525,-2.79273,39409.3
1.96525,-2.58586,24154.1
1.96525,-2.37899,14780.2
1.96525,-2.17212,9159.84
1.96525,-1.96525,5854.56
1.96525,-1.75838,3931.61
1.96525,-1.55152,2806.64
1.96525,-1.34465,2125.84
1.96525,-1.13778,1688.06
1.96525,-0.930909,1386.99
1.96525,-0.72404,1162.12
1.96525,-0.517172,980.246
1.96525,-0.310303,825.297
1.96525,-0.103434,693.916
1.96525,0.103434,571.939
1.96525,0.310303,465.733
1.96525,0.517172,369.806
1.96525,0.72404,290.049
1.96525,0.930909,224.067
1.96525,1.13778,176.473
1.96525,1.34465,139.045
1.96525,1.55152,109.434
1.96525,1.75838,100.518
1.96525,1.96525,137.665
1.96525,2.17212,308.567
1.96525,2.37899,808.5
1.96525,2.58586,1996.1
1.96525,2.79273,4518.55
1.96525,2.9996,9404.67
1.96525,3.20646,18288.8
1.96525,3.41333,33595.9
1.96525,3.6202,58860.5
1.96525,3.82707,99058.4
1.96525,4.03394,161050
1.96525,4.24081,254095
1.96525,4.44768,390493
1.96525,4.65455,586297
1.96525,4.86141,862181
1.96525,5.06828,1.24445e+06
1.96525,5.27515,1.76617e+06
1.96525,5.48202,2.46851e+06
1.96525,5.68889,3.40223e+06
1.96525,5.89576,4.62939e+06
1.96525,6.10263,6.22525e+06
1.96525,6.30949,8.28045e+06
1.96525,6.51636,1.09034e+07
1.96525,6.72323,1.42228e+07
1.96525,6.9301,1.83911e+07
1.96525,7.13697,2.3587e+07
1.96525,7.34384,3.00197e+07
1.96525,7.55071,3.79325e+07
1.96525,7.75758,4.76074e+07
1.96525,7.96444,5.93696e+07
1.96525,8.17131,7.35926e+07
1.96525,8.37818,9.07039e+07
1.96525,8.58505,1.11191e+08
1.96525,8.79192,1.35609e+08
1.96525,8.99879,1.64585e+08
1.96525,9.20566,1.98829e+08
1.96525,9.41253,2.39138e+08
1.96525,9.61939,2.86411e+08
1.96525,9.82626,3.41652e+08
1.96525,10.0331,4.05984e+08
1.96525,10.24,4.80658e+08
2.17212,-10.24,7.16969e+08
2.17212,-10.0331,6.10895e+08
2.17212,-9.82626,5.18811e+08
2.17212,-9.61939,4.39107e+08
2.17212,-9.41253,3.70327e+08
2.17212,-9.20566,3.11163e+08
2.17212,-8.99879,2.6044e+08
2.17212,-8.79192,2.17103e+08
2.17212,-8.58505,1.80212e+08
2.17212,-8.37818,1.48926e+08
2.17212,-8.17131,1.22499e+08
2.17212,-7.96444,1.00271e+08
2.17212,-7.75758,8.16552e+07
2.17212,-7.55071,6.61371e+07
2.17212,-7.34384,5.3264e+07
2.17212,-7.13697,4.26397e+07
2.17212,-6.9301,3.39187e+07
2.17212,-6.72323,2.68011e+07
2.17212,-6.51636,2.10272e+07
2.17212,-6.30949,1.63735e+07
2.17212,-6.10263,1.26482e+07
2.17212,-5.89576,9.68783e+06
2.17212,-5.68889,7.3535e+06
2.17212,-5.48202,5.52809e+06
2.17212,-5.27515,4.11329e+06
2.17212,-5.06828,3.02716e+06
2.17212,-4.86141,2.20186e+06
2.17212,-4.65455,1.58167e+06
2.17212,-4.44768,1.12112e+06
2.17212,-4.24081,783527
2.17212,-4.03394,539486
2.17212,-3.82707,365727
2.17212,-3.6202,244019
2.17212,-3.41333,160276
2.17212,-3.20646,103745
2.17212,-2.9996,66352.1
2.17212,-2.79273,42146.2
2.17212,-2.58586,26819.1
2.17212,-2.37899,17309.1
2.17212,-2.17212,11514.4
2.17212,-1.96525,8018.86
2.17212,-1.75838,5907.14
2.17212,-1.55152,4594.53
2.17212,-1.34465,3738.22
2.17212,-1.13778,3140.12
2.17212,-0.930909,2690.96
2.17212,-0.72404,2331.68
2.17212,-0.517172,2024.08
2.17212,-0.310303,1756.36
2.17212,-0.103434,1519.3
2.17212,0.103434,1300.63
2.17212,0.310303,1102.93
2.17212,0.517172,921.055
2.17212,0.72404,765.714
2.17212,0.930909,632.167
2.17212,1.13778,524.167
2.17212,1.34465,435.725
2.17212,1.55152,362.692
2.17212,1.75838,314.822
2.17212,1.96525,308.567
2.17212,2.17212,428.936
2.17212,2.37899,847.466
2.17212,2.58586,1912.13
2.17212,2.79273,4233.23
2.17212,2.9996,8808.94
2.17212,3.20646,17229.1
2.17212,3.41333,31854.6
2.17212,3.6202,56154.7
2.17212,3.82707,95013
2.17212,4.03394,155191
2.17212,4.24081,245822
2.17212,4.44768,379066
2.17212,4.65455,570797
2.17212,4.86141,841500
2.17212,5.06828,1.21725e+06
2.17212,5.27515,1.73087e+06
2.17212,5.48202,2.42323e+06
2.17212,5.68889,3.34475e+06
2.17212,5.89576,4.55714e+06
2.17212,6.10263,6.13524e+06
2.17212,6.30949,8.16922e+06
2.17212,6.51636,1.0767e+07
2.17212,6.72323,1.40567e+07
2.17212,6.9301,1.81902e+07
2.17212,7.13697,2.33454e+07
2.17212,7.34384,2.97308e+07
2.17212,7.55071,3.75891e+07
2.17212,7.75758,4.72011e+07
2.17212,7.96444,5.88911e+07
2.17212,8.17131,7.30317e+07
2.17212,8.37818,9.00493e+07
2.17212,8.58505,1.1043e+08
2.17212,8.79192,1.34728e+08
2.17212,8.99879,1.63568e+08
2.17212,9.20566,1.97658e+08
2.17212,9.41253,2.37797e+08
2.17212,9.61939,2.84878e+08
2.17212,9.82626,3.39906e+08
2.17212,10.0331,4.04e+08
2.17212,10.24,4.78409e+08
2.37899,-10.24,7.14771e+08
2.37899,-10.0331,6.08958e+08
2.37899,-9.82626,5.17109e+08
2.37899,-9.61939,4.37616e+08
2.37899,-9.41253,3.69026e+08
2.37899,-9.20566,3.10031e+08
2.37899,-8.99879,2.59458e+08
2.37899,-8.79192,2.16255e+08
2.37899,-8.58505,1.79482e+08
2.37899,-8.37818,1.48301e+08
2.37899,-8.17131,1.21967e+08
2.37899,-7.96444,9.98193e+07
2.37899,-7.75758,8.12742e+07
2.37899,-7.55071,6.58175e+07
2.37899,-7.34384,5.29975e+07
2.37899,-7.13697,4.24191e+07
2.37899,-6.9301,3.37375e+07
2.37899,-6.72323,2.66536e+07
2.37899,-6.51636,2.09082e+07
2.37899,-6.30949,1.62786e+07
2.37899,-6.10263,1.25735e+07
2.37899,-5.89576,9.62992e+06
2.37899,-5.68889,7.30946e+06
2.37899,-5.48202,5.49538e+06
2.37899,-5.27515,4.08975e+06
2.37899,-5.06828,3.01096e+06
2.37899,-4.86141,2.19146e+06
2.37899,-4.65455,1.57576e+06
2.37899,-4.44768,1.11865e+06
2.37899,-4.24081,783601
2.37899,-4.03394,541398
2.37899,-3.82707,368910
2.37899,-3.6202,248029
2.37899,-3.41333,164768
2.37899,-3.20646,108457
2.37899,-2.9996,71097.8
2.37899,-2.79273,46788.3
2.37899,-2.58586,31269.3
2.37899,-2.37899,21511.5
2.37899,-2.17212,15443.8
2.37899,-1.96525,11663.2
2.37899,-1.75838,9263.96
2.37899,-1.55152,7678.67
2.37899,-1.34465,6564.64
2.37899,-1.13778,5730.19
2.37899,-0.930909,5055.08
2.37899,-0.72404,4486.57
2.37899,-0.517172,3990.26
2.37899,-0.310303,3542.58
2.37899,-0.103434,3136.25
2.37899,0.103434,2761.35
2.37899,0.310303,2412.03
2.37899,0.517172,2093.58
2.37899,0.72404,1810.36
2.37899,0.930909,1560.11
2.37899,1.13778,1347.16
2.37899,1.34465,1165.58
2.37899,1.55152,1008.99
2.37899,1.75838,885.93
2.37899,1.96525,808.5
2.37899,2.17212,847.466
2.37899,2.37899,1169.75
2.37899,2.58586,2091.41
2.37899,2.79273,4201.99
2.37899,2.9996,8468.64
2.37899,3.20646,16427.7
2.37899,3.41333,30390.9
2.37899,3.6202,53751
2.37899,3.82707,91308.4
2.37899,4.03394,149718
2.37899,4.24081,237998
2.37899,4.44768,368151
2.37899,4.65455,555899
2.37899,4.86141,821525
2.37899,5.06828,1.19088e+06
2.37899,5.27515,1.69653e+06
2.37899,5.48202,2.37906e+06
2.37899,5.68889,3.28857e+06
2.37899,5.89576,4.48639e+06
2.37899,6.10263,6.04695e+06
2.37899,6.30949,8.05997e+06
2.37899,6.51636,1.06328e+07
2.37899,6.72323,1.38932e+07
2.37899,6.9301,1.79921e+07
2.37899,7.13697,2.31071e+07
2.37899,7.34384,2.94457e+07
2.37899,7.55071,3.72498e+07
2.37899,7.75758,4.67994e+07
2.37899,7.96444,5.84179e+07
2.37899,8.17131,7.24766e+07
2.37899,8.37818,8.94009e+07
2.37899,8.58505,1.09676e+08
2.37899,8.79192,1.33854e+08
2.37899,8.99879,1.62559e+08
2.37899,9.20566,1.96498e+08
2.37899,9.41253,2.36466e+08
2.37899,9.61939,2.83356e+08
2.37899,9.82626,3.38171e+08
2.37899,10.0331,4.02028e+08
2.37899,10.24,4.76175e+08
2.58586,-10.24,7.12597e+08
2.58586,-10.0331,6.07044e+08
2.58586,-9.82626,5.15429e+08
2.58586,-9.61939,4.36146e+08
2.58586,-9.41253,3.67744e+08
2.58586,-9.20566,3.08917e+08
2.58586,-8.99879,2.58494e+08
2.58586,-8.79192,2.15424e+08
2.58586,-8.58505,1.78768e+08
2.58586,-8.37818,1.47691e+08
2.58586,-8.17131,1.21448e+08
2.58586,-7.96444,9.93802e+07
2.58586,-7.75758,8.0905e+07
2.58586,-7.55071,6.5509e+07
2.58586,-7.34384,5.27416e+07
2.58586,-7.13697,4.22084e+07
2.58586,-6.9301,3.35656e+07
2.58586,-6.72323,2.65147e+07
2.58586,-6.51636,2.07974e+07
2.58586,-6.30949,1.61914e+07
2.58586,-6.10263,1.25061e+07
2.58586,-5.89576,9.57883e+06
2.58586,-5.68889,7.27184e+06
2.58586,-5.48202,5.46872e+06
2.58586,-5.27515,4.07192e+06
2.58586,-5.06828,3.00014e+06
2.58586,-4.86141,2.18612e+06
2.58586,-4.65455,1.57464e+06
2.58586,-4.44768,1.12068e+06
2.58586,-4.24081,787934
2.58586,-4.03394,547339
2.58586,-3.82707,375902
2.58586,-3.6202,255639
2.58586,-3.41333,172663
2.58586,-3.20646,116394
2.58586,-2.9996,78895.9
2.58586,-2.79273,54324.2
2.58586,-2.58586,38459.6
2.58586,-2.37899,28313.9
2.58586,-2.17212,21831.3
2.58586,-1.96525,17635.1
2.58586,-1.75838,14831.8
2.58586,-1.55152,12857.7
2.58586,-1.34465,11371.4
2.58586,-1.13778,10185.5
2.58586,-0.930909,9185.24
2.58586,-0.72404,8311.64
2.58586,-0.517172,7524.51
2.58586,-0.310303,6806.24
2.58586,-0.103434,6143.11
2.58586,0.103434,5523.5
2.58586,0.310303,4946.99
2.58586,0.517172,4410.65
2.58586,0.72404,3922.93
2.58586,0.930909,3480.6
2.58586,1.13778,3095.75
2.58586,1.34465,2755.09
2.58586,1.55152,2455.62
2.58586,1.75838,2197.43
2.58586,1.96525,1996.1
2.58586,2.17212,1912.13
2.58586,2.37899,2091.41
2.58586,2.58586,2836.61
2.58586,2.79273,4715.22
2.58586,2.9996,8650.82
2.58586,3.20646,16139.5
2.58586,3.41333,29435.1
2.58586,3.6202,51862.5
2.58586,3.82707,88139.7
2.58586,4.03394,144813
2.58586,4.24081,230784
2.58586,4.44768,357911
2.58586,4.65455,541749
2.58586,4.86141,802388
2.58586,5.06828,1.16546e+06
2.58586,5.27515,1.66327e+06
2.58586,5.48202,2.33612e+06
2.58586,5.68889,3.23378e+06
2.58586,5.89576,4.41722e+06
2.58586,6.10263,5.96047e+06
2.58586,6.30949,7.95278e+06
2.58586,6.51636,1.0501e+07
2.58586,6.72323,1.37323e+07
2.58586,6.9301,1.77971e+07
2.58586,7.13697,2.28721e+07
2.58586,7.34384,2.91644e+07
2.58586,7.55071,3.69147e+07
2.58586,7.75758,4.64024e+07
2.58586,7.96444,5.79498e+07
2.58586,8.17131,7.19272e+07
2.58586,8.37818,8.8759e+07
2.58586,8.58505,1.08929e+08
2.58586,8.79192,1.32987e+08
2.58586,8.99879,1.61558e+08
2.58586,9.20566,1.95346e+08
2.58586,9.41253,2.35145e+08
2.58586,9.61939,2.81846e+08
2.58586,9.82626,3.36449e+08
2.58586,10.0331,4.0007e+08
2.58586,10.24,4.73955e+08
2.79273,-10.24,7.10451e+08
2.79273,-10.0331,6.05156e+08
2.79273,-9.82626,5.13775e+08
2.79273,-9.61939,4.347e+08
2.79273,-9.41253,3.66485e+08
2.79273,-9.20566,3.07825e+08
2.79273,-8.99879,2.5755e+08
2.79273,-8.79192,2.14611e+08
2.79273,-8.58505,1.78073e+08
2.79273,-8.37818,1.47098e+08
2.79273,-8.17131,1.20945e+08
2.79273,-7.96444,9.89566e+07
2.79273,-7.75758,8.05503e+07
2.79273,-7.55071,6.52142e+07
2.79273,-7.34384,5.24986e+07
2.79273,-7.13697,4.201e+07
2.79273,-6.9301,3.34054e+07
2.79273,-6.72323,2.6387e+07
2.79273,-6.51636,2.06971e+07
2.79273,-6.30949,1.61142e+07
2.79273,-6.10263,1.24481e+07
2.79273,-5.89576,9.53672e+06
2.79273,-5.68889,7.24274e+06
2.79273,-5.48202,5.45016e+06
2.79273,-5.27515,4.06178e+06
2.79273,-5.06828,2.99664e+06
2.79273,-4.86141,2.18775e+06
2.79273,-4.65455,1.58015e+06
2.79273,-4.44768,1.12904e+06
2.79273,-4.24081,798291
2.79273,-4.03394,559014
2.79273,-3.82707,388365
2.79273,-3.6202,268472
2.79273,-3.41333,185548
2.79273,-3.20646,129093
2.79273,-2.9996,91241.5
2.79273,-2.79273,66200.5
2.79273,-2.58586,49799
2.79273,-2.37899,39078.5
2.79273,-2.17212,32005.8
2.79273,-1.96525,27223.6
2.79273,-1.75838,23851.2
2.79273,-1.55152,21327.7
2.79273,-1.34465,19322.4
2.79273,-1.13778,17643.8
2.79273,-0.930909,16177
2.79273,-0.72404,14859.9
2.79273,-0.517172,13652.6
2.79273,-0.310303,12534.1
2.79273,-0.103434,11493.7
2.79273,0.103434,10508.6
2.79273,0.310303,9583.8
2.79273,0.517172,8721.41
2.79273,0.72404,7918.6
2.79273,0.930909,7184.07
2.79273,1.13778,6523.34
2.79273,1.34465,5931.1
2.79273,1.55152,5397.78
2.79273,1.75838,4925.12
2.79273,1.96525,4518.55
2.79273,2.17212,4233.23
2.79273,2.37899,4201.99
2.79273,2.58586,4715.22
2.79273,2.79273,6306.98
2.79273,2.9996,9866.42
2.79273,3.20646,16849
2.79273,3.41333,29453.9
2.79273,3.6202,50933.7
2.79273,3.82707,85925.5
2.79273,4.03394,140874
2.79273,4.24081,224556
2.79273,4.44768,348699
2.79273,4.65455,528679
2.79273,4.86141,784401
2.79273,5.06828,1.14127e+06
2.79273,5.27515,1.63136e+06
2.79273,5.48202,2.29466e+06
2.79273,5.68889,3.18063e+06
2.79273,5.89576,4.34987e+06
2.79273,6.10263,5.876e+06
2.79273,6.30949,7.84782e+06
2.79273,6.51636,1.03717e+07
2.79273,6.72323,1.35742e+07
2.79273,6.9301,1.76052e+07
2.79273,7.13697,2.26406e+07
2.79273,7.34384,2.88868e+07
2.79273,7.55071,3.65839e+07
2.79273,7.75758,4.60101e+07
2.79273,7.96444,5.74869e+07
2.79273,8.17131,7.13837e+07
2.79273,8.37818,8.81234e+07
2.79273,8.58505,1.08189e+08
2.79273,8.79192,1.32129e+08
2.79273,8.99879,1.60566e+08
2.79273,9.20566,1.94204e+08
2.79273,9.41253,2.33834e+08
2.79273,9.61939,2.80346e+08
2.79273,9.82626,3.34738e+08
2.79273,10.0331,3.98125e+08
2.79273,10.24,4.71749e+08
2.9996,-10.24,7.08337e+08
2.9996,-10.0331,6.033e+08
2.9996,-9.82626,5.12149e+08
2.9996,-9.61939,4.33282e+08
2.9996,-9.41253,3.65252e+08
2.9996,-9.20566,3.06757e+08
2.9996,-8.99879,2.5663e+08
2.9996,-8.79192,2.13822e+08
2.9996,-8.58505,1.77398e+08
2.9996,-8.37818,1.46526e+08
2.9996,-8.17131,1.20462e+08
2.9996,-7.96444,9.85518e+07
2.9996,-7.75758,8.02136e+07
2.9996,-7.55071,6.49366e+07
2.9996,-7.34384,5.2272e+07
2.9996,-7.13697,4.18273e+07
2.9996,-6.9301,3.32601e+07
2.9996,-6.72323,2.62735e+07
2.9996,-6.51636,2.06104e+07
2.9996,-6.30949,1.60499e+07
2.9996,-6.10263,1.24025e+07
2.9996,-5.89576,9.5065e+06
2.9996,-5.68889,7.22502e+06
2.9996,-5.48202,5.44249e+06
2.9996,-5.27515,4.06207e+06
2.9996,-5.06828,3.00313e+06
2.9996,-4.86141,2.19897e+06
2.9996,-4.65455,1.59484e+06
2.9996,-4.44768,1.1462e+06
2.9996,-4.24081,817101
2.9996,-4.03394,578815
2.9996,-3.82707,408631
2.9996,-3.6202,288799
2.9996,-3.41333,205631
2.9996,-3.20646,148709
2.9996,-2.9996,110238
2.9996,-2.79273,84473.7
2.9996,-2.58586,67289.8
2.9996,-2.37899,55757.4
2.9996,-2.17212,47868.2
2.9996,-1.96525,42280.7
2.9996,-1.75838,38123.5
2.9996,-1.55152,34849.9
2.9996,-1.34465,32124.2
2.9996,-1.13778,29758.2
2.9996,-0.930909,27637.1
2.9996,-0.72404,25695.6
2.9996,-0.517172,23895.2
2.9996,-0.310303,22208.2
2.9996,-0.103434,20615.3
2.9996,0.103434,19107.7
2.9996,0.310303,17677.8
2.9996,0.517172,16329
2.9996,0.72404,15068.8
2.9996,0.930909,13897.1
2.9996,1.13778,12821.3
2.9996,1.34465,11840.4
2.9996,1.55152,10944.4
2.9996,1.75838,10131.9
2.9996,1.96525,9404.67
2.9996,2.17212,8808.94
2.9996,2.37899,8468.64
2.9996,2.58586,8650.82
2.9996,2.79273,9866.42
2.9996,2.9996,12974.3
2.9996,3.20646,19385.1
2.9996,3.41333,31238.3
2.9996,3.6202,51727.7
2.9996,3.82707,85398.6
2.9996,4.03394,138604
2.9996,4.24081,219997
2.9996,4.44768,341159
2.9996,4.65455,517309
2.9996,4.86141,768162
2.9996,5.06828,1.1189e+06
2.9996,5.27515,1.60134e+06
2.9996,5.48202,2.2552e+06
2.9996,5.68889,3.1296e+06
2.9996,5.89576,4.28479e+06
2.9996,6.10263,5.79399e+06
2.9996,6.30949,7.74554e+06
2.9996,6.51636,1.02453e+07
2.9996,6.72323,1.34193e+07
2.9996,6.9301,1.74167e+07
2.9996,7.13697,2.24129e+07
2.9996,7.34384,2.86135e+07
2.9996,7.55071,3.62576e+07
2.9996,7.75758,4.56229e+07
2.9996,7.96444,5.70296e+07
2.9996,8.17131,7.08461e+07
2.9996,8.37818,8.74944e+07
2.9996,8.58505,1.07456e+08
2.9996,8.79192,1.31279e+08
2.9996,8.99879,1.59583e+08
2.9996,9.20566,1.93071e+08
2.9996,9.41253,2.32533e+08
2.9996,9.61939,2.78858e+08
2.9996,9.82626,3.3304e+08
2.9996,10.0331,3.96193e+08
2.9996,10.24,4.69558e+08
3.20646,-10.24,7.06261e+08
3.20646,-10.0331,6.01479e+08
3.20646,-9.82626,5.10558e+08
3.20646,-9.61939,4.31897e+08
3.20646,-9.41253,3.64051e+08
3.20646,-9.20566,3.05721e+08
3.20646,-8.99879,2.55739e+08
3.20646,-8.79192,2.1306e+08
3.20646,-8.58505,1.76751e+08
3.20646,-8.37818,1.45979e+08
3.20646,-8.17131,1.20004e+08
3.20646,-7.96444,9.81706e+07
3.20646,-7.75758,7.98996e+07
3.20646,-7.55071,6.46808e+07
3.20646,-7.34384,5.20663e+07
3.20646,-7.13697,4.16645e+07
3.20646,-6.9301,3.3134e+07
3.20646,-6.72323,2.61784e+07
3.20646,-6.51636,2.05415e+07
3.20646,-6.30949,1.60028e+07
3.20646,-6.10263,1.23734e+07
3.20646,-5.89576,9.49211e+06
3.20646,-5.68889,7.22254e+06
3.20646,-5.48202,5.4495e+06
3.20646,-5.27515,4.07651e+06
3.20646,-5.06828,3.02326e+06
3.20646,-4.86141,2.22332e+06
3.20646,-4.65455,1.62222e+06
3.20646,-4.44768,1.17561e+06
3.20646,-4.24081,847732
3.20646,-4.03394,610026
3.20646,-3.82707,439918
3.20646,-3.6202,319774
3.20646,-3.41333,236005
3.20646,-3.20646,178274
3.20646,-2.9996,138848
3.20646,-2.79273,112042
3.20646,-2.58586,93763.1
3.20646,-2.37899,81119.2
3.20646,-2.17212,72122.1
3.20646,-1.96525,65450.7
3.20646,-1.75838,60240.9
3.20646,-1.55152,55948.6
3.20646,-1.34465,52244.8
3.20646,-1.13778,48942.5
3.20646,-0.930909,45925.4
3.20646,-0.72404,43122.4
3.20646,-0.517172,40491.6
3.20646,-0.310303,38005.4
3.20646,-0.103434,35645.4
3.20646,0.103434,33396.7
3.20646,0.310303,31249.6
3.20646,0.517172,29214.7
3.20646,0.72404,27294.1
3.20646,0.930909,25486.7
3.20646,1.13778,23810.7
3.20646,1.34465,22255.9
3.20646,1.55152,20822.4
3.20646,1.75838,19498.9
3.20646,1.96525,18288.8
3.20646,2.17212,17229.1
3.20646,2.37899,16427.7
3.20646,2.58586,16139.5
3.20646,2.79273,16849
3.20646,2.9996,19385.1
3.20646,3.20646,25111.3
3.20646,3.41333,36118.5
3.20646,3.6202,55525.5
3.20646,3.82707,87805.6
3.20646,4.03394,139205
3.20646,4.24081,218264
3.20646,4.44768,336421
3.20646,4.65455,508731
3.20646,4.86141,754718
3.20646,5.06828,1.09935e+06
3.20646,5.27515,1.57419e+06
3.20646,5.48202,2.21868e+06
3.20646,5.68889,3.08162e+06
3.20646,5.89576,4.22288e+06
3.20646,6.10263,5.71528e+06
3.20646,6.30949,7.64673e+06
3.20646,6.51636,1.01226e+07
3.20646,6.72323,1.32683e+07
3.20646,6.9301,1.72324e+07
3.20646,7.13697,2.21897e+07
3.20646,7.34384,2.8345e+07
3.20646,7.55071,3.59366e+07
3.20646,7.75758,4.52413e+07
3.20646,7.96444,5.65784e+07
3.20646,8.17131,7.03153e+07
3.20646,8.37818,8.68727e+07
3.20646,8.58505,1.06731e+08
3.20646,8.79192,1.30437e+08
3.20646,8.99879,1.58609e+08
3.20646,9.20566,1.91948e+08
3.20646,9.41253,2.31243e+08
3.20646,9.61939,2.77381e+08
3.20646,9.82626,3.31355e+08
3.20646,10.0331,3.94275e+08
3.20646,10.24,4.67381e+08
3.41333,-10.24,7.04231e+08
3.41333,-10.0331,5.99703e+08
3.41333,-9.82626,5.09009e+08
3.41333,-9.61939,4.30552e+08
3.41333,-9.41253,3.62889e+08
3.41333,-9.20566,3.04721e+08
3.41333,-8.99879,2.54884e+08
3.41333,-8.79192,2.12333e+08
3.41333,-8.58505,1.76137e+08
3.41333,-8.37818,1.45465e+08
3.41333,-8.17131,1.19577e+08
3.41333,-7.96444,9.78193e+07
3.41333,-7.75758,7.96143e+07
3.41333,-7.55071,6.44526e+07
3.41333,-7.34384,5.18874e+07
3.41333,-7.13697,4.15276e+07
3.41333,-6.9301,3.30329e+07
3.41333,-6.72323,2.61075e+07
3.41333,-6.51636,2.04959e+07
3.41333,-6.30949,1.59782e+07
3.41333,-6.10263,1.2366e+07
3.41333,-5.89576,9.49877e+06
3.41333,-5.68889,7.24043e+06
3.41333,-5.48202,5.47623e+06
3.41333,-5.27515,4.11006e+06
3.41333,-5.06828,3.0619e+06
3.41333,-4.86141,2.26562e+06
3.41333,-4.65455,1.66699e+06
3.41333,-4.44768,1.22188e+06
3.41333,-4.24081,894719
3.41333,-4.03394,657103
3.41333,-3.82707,486599
3.41333,-3.6202,365694
3.41333,-3.41333,280883
3.41333,-3.20646,221919
3.41333,-2.9996,181129
3.41333,-2.79273,152884
3.41333,-2.58586,133127
3.41333,-2.37899,118995
3.41333,-2.17212,108529
3.41333,-1.96525,100418
3.41333,-1.75838,93806.7
3.41333,-1.55152,88159.6
3.41333,-1.34465,83152.1
3.41333,-1.13778,78590.8
3.41333,-0.930909,74360.3
3.41333,-0.72404,70388.7
3.41333,-0.517172,66628.8
3.41333,-0.310303,63050.5
3.41333,-0.103434,59634.1
3.41333,0.103434,56359.6
3.41333,0.310303,53223.7
3.41333,0.517172,50229.4
3.41333,0.72404,47380.6
3.41333,0.930909,44685.9
3.41333,1.13778,42156.8
3.41333,1.34465,39788.3
3.41333,1.55152,37575.9
3.41333,1.75838,35514.4
3.41333,1.96525,33595.9
3.41333,2.17212,31854.6
3.41333,2.37899,30390.9
3.41333,2.58586,29435.1
3.41333,2.79273,29453.9
3.41333,2.9996,31238.3
3.41333,3.20646,36118.5
3.41333,3.41333,46125
3.41333,3.6202,64318.2
3.41333,3.82707,95080.1
3.41333,4.03394,144564
3.41333,4.24081,221190
3.41333,4.44768,336263
3.41333,4.65455,504674
3.41333,4.86141,745762
3.41333,5.06828,1.08427e+06
3.41333,5.27515,1.55151e+06
3.41333,5.48202,2.18665e+06
3.41333,5.68889,3.03817e+06
3.41333,5.89576,4.16559e+06
3.41333,6.10263,5.64131e+06
3.41333,6.30949,7.55278e+06
3.41333,6.51636,1.00049e+07
3.41333,6.72323,1.31225e+07
3.41333,6.9301,1.70536e+07
3.41333,7.13697,2.19723e+07
3.41333,7.34384,2.80825e+07
3.41333,7.55071,3.5622e+07
3.41333,7.75758,4.48665e+07
3.41333,7.96444,5.61344e+07
3.41333,8.17131,6.97921e+07
3.41333,8.37818,8.62592e+07
3.41333,8.58505,1.06015e+08
3.41333,8.79192,1.29604e+08
3.41333,8.99879,1.57645e+08
3.41333,9.20566,1.90836e+08
3.41333,9.41253,2.29965e+08
3.41333,9.61939,2.75917e+08
3.41333,9.82626,3.29683e+08
3.41333,10.0331,3.92372e+08
3.41333,10.24,4.6522e+08
3.6202,-10.24,7.02255e+08
3.6202,-10.0331,5.97978e+08
3.6202,-9.82626,5.07511e+08
3.6202,-9.61939,4.29257e+08
3.6202,-9.41253,3.61774e+08
3.6202,-9.20566,3.03767e+08
3.6202,-8.99879,2.54073e+08
3.6202,-8.79192,2.11649e+08
3.6202,-8.58505,1.75565e+08
3.6202,-8.37818,1.4499e+08
3.6202,-8.17131,1.19188e+08
3.6202,-7.96444,9.75056e+07
3.6202,-7.75758,7.93656e+07
3.6202,-7.55071,6.42599e+07
3.6202,-7.34384,5.17427e+07
3.6202,-7.13697,4.14241e+07
3.6202,-6.9301,3.29641e+07
3.6202,-6.72323,2.60679e+07
3.6202,-6.51636,2.04807e+07
3.6202,-6.30949,1.59831e+07
3.6202,-6.10263,1.23874e+07
3.6202,-5.89576,9.53336e+06
3.6202,-5.68889,7.28547e+06
3.6202,-5.48202,5.52936e+06
3.6202,-5.27515,4.16927e+06
3.6202,-5.06828,3.12551e+06
3.6202,-4.86141,2.33222e+06
3.6202,-4.65455,1.73541e+06
3.6202,-4.44768,1.29118e+06
3.6202,-4.24081,964129
3.6202,-4.03394,726022
3.6202,-3.82707,554560
3.6202,-3.6202,432338
3.6202,-3.41333,345956
3.6202,-3.20646,285238
3.6202,-2.9996,242586
3.6202,-2.79273,212408
3.6202,-2.58586,190696
3.6202,-2.37899,174614
3.6202,-2.17212,162224
3.6202,-1.96525,152229
3.6202,-1.75838,143788
3.6202,-1.55152,136365
3.6202,-1.34465,129635
3.6202,-1.13778,123407
3.6202,-0.930909,117565
3.6202,-0.72404,112033
3.6202,-0.517172,106762
3.6202,-0.310303,101715
3.6202,-0.103434,96873.3
3.6202,0.103434,92213.7
3.6202,0.310303,87731.2
3.6202,0.517172,83429
3.6202,0.72404,79316.8
3.6202,0.930909,75398.3
3.6202,1.13778,71687.2
3.6202,1.34465,68186
3.6202,1.55152,64885.1
3.6202,1.75838,61780.6
3.6202,1.96525,58860.5
3.6202,2.17212,56154.7
3.6202,2.37899,53751
3.6202,2.58586,51862.5
3.6202,2.79273,50933.7
3.6202,2.9996,51727.7
3.6202,3.20646,55525.5
3.6202,3.41333,64318.2
3.6202,3.6202,81084.9
3.6202,3.82707,110142
3.6202,4.03394,157536
3.6202,4.24081,231577
3.6202,4.44768,343426
3.6202,4.65455,507820
3.6202,4.86141,743899
3.6202,5.06828,1.07621e+06
3.6202,5.27515,1.5358e+06
3.6202,5.48202,2.16156e+06
3.6202,5.68889,3.00166e+06
3.6202,5.89576,4.11524e+06
3.6202,6.10263,5.57433e+06
3.6202,6.30949,7.46592e+06
3.6202,6.51636,9.89437e+06
3.6202,6.72323,1.29841e+07
3.6202,6.9301,1.68823e+07
3.6202,7.13697,2.17625e+07
3.6202,7.34384,2.7828e+07
3.6202,7.55071,3.53157e+07
3.6202,7.75758,4.45003e+07
3.6202,7.96444,5.56994e+07
3.6202,8.17131,6.92783e+07
3.6202,8.37818,8.56556e+07
3.6202,8.58505,1.05309e+08
3.6202,8.79192,1.28783e+08
3.6202,8.99879,1.56693e+08
3.6202,9.20566,1.89737e+08
3.6202,9.41253,2.287e+08
3.6202,9.61939,2.74467e+08
3.6202,9.82626,3.28025e+08
3.6202,10.0331,3.90484e+08
3.6202,10.24,4.63076e+08
3.82707,-10.24,7.00345e+08
3.82707,-10.0331,5.96318e+08
3.82707,-9.82626,5.06076e+08
3.82707,-9.61939,4.28022e+08
3.82707,-9.41253,3.60718e+08
3.82707,-9.20566,3.02871e+08
3.82707,-8.99879,2.53318e+08
3.82707,-8.79192,2.11019e+08
3.82707,-8.58505,1.75045e+08
3.82707,-8.37818,1.44567e+08
3.82707,-8.17131,1.18849e+08
3.82707,-7.96444,9.724e+07
3.82707,-7.75758,7.91635e+07
3.82707,-7.55071,6.41126e+07
3.82707,-7.34384,5.16423e+07
3.82707,-7.13697,4.13635e+07
3.82707,-6.9301,3.29372e+07
3.82707,-6.72323,2.60692e+07
3.82707,-6.51636,2.05053e+07
3.82707,-6.30949,1.60269e+07
3.82707,-6.10263,1.24465e+07
3.82707,-5.89576,9.60482e+06
3.82707,-5.68889,7.36649e+06
3.82707,-5.48202,5.6176e+06
3.82707,-5.27515,4.26275e+06
3.82707,-5.06828,3.22257e+06
3.82707,-4.86141,2.43148e+06
3.82707,-4.65455,1.83573e+06
3.82707,-4.44768,1.39163e+06
3.82707,-4.24081,1.06397e+06
3.82707,-4.03394,824672
3.82707,-3.82707,651568
3.82707,-3.6202,527370
3.82707,-3.41333,438774
3.82707,-3.20646,375678
3.82707,-2.9996,330545
3.82707,-2.79273,297844
3.82707,-2.58586,273591
3.82707,-2.37899,254987
3.82707,-2.17212,240113
3.82707,-1.96525,227687
3.82707,-1.75838,216874
3.82707,-1.55152,207144
3.82707,-1.34465,198178
3.82707,-1.13778,189781
3.82707,-0.930909,181827
3.82707,-0.72404,174246
3.82707,-0.517172,166979
3.82707,-0.310303,159993
3.82707,-0.103434,153257
3.82707,0.103434,146754
3.82707,0.310303,140478
3.82707,0.517172,134427
3.82707,0.72404,128614
3.82707,0.930909,123045
3.82707,1.13778,117737
3.82707,1.34465,112690
3.82707,1.55152,107901
3.82707,1.75838,103359
3.82707,1.96525,99058.4
3.82707,2.17212,95013
3.82707,2.37899,91308.4
3.82707,2.58586,88139.7
3.82707,2.79273,85925.5
3.82707,2.9996,85398.6
3.82707,3.20646,87805.6
3.82707,3.41333,95080.1
3.82707,3.6202,110142
3.82707,3.82707,137222
3.82707,4.03394,182276
3.82707,4.24081,253496
3.82707,4.44768,361906
3.82707,4.65455,522083
3.82707,4.86141,752984
3.82707,5.06828,1.07894e+06
3.82707,5.27515,1.53075e+06
3.82707,5.48202,2.14703e+06
3.82707,5.68889,2.97562e+06
3.82707,5.89576,4.07533e+06
3.82707,6.10263,5.51776e+06
3.82707,6.30949,7.38947e+06
3.82707,6.51636,9.79433e+06
3.82707,6.72323,1.28562e+07
3.82707,6.9301,1.67216e+07
3.82707,7.13697,2.15636e+07
3.82707,7.34384,2.75846e+07
3.82707,7.55071,3.50206e+07
3.82707,7.75758,4.41456e+07
3.82707,7.96444,5.52763e+07
3.82707,8.17131,6.87768e+07
3.82707,8.37818,8.50646e+07
3.82707,8.58505,1.04616e+08
3.82707,8.79192,1.27975e+08
3.82707,8.99879,1.55755e+08
3.82707,9.20566,1.88652e+08
3.82707,9.41253,2.27451e+08
3.82707,9.61939,2.73033e+08
3.82707,9.82626,3.26385e+08
3.82707,10.0331,3.88614e+08
3.82707,10.24,4.6095e+08
4.03394,-10.24,6.98516e+08
4.03394,-10.0331,5.94737e+08
4.03394,-9.82626,5.04717e+08
4.03394,-9.61939,4.26861e+08
4.03394,-9.41253,3.59735e+08
4.03394,-9.20566,3.02045e+08
4.03394,-8.99879,2.52632e+08
4.03394,-8.79192,2.10456e+08
4.03394,-8.58505,1.7459e+08
4.03394,-8.37818,1.44207e+08
4.03394,-8.17131,1.18572e+08
4.03394,-7.96444,9.70353e+07
4.03394,-7.75758,7.90209e+07
4.03394,-7.55071,6.40234e+07
4.03394,-7.34384,5.15986e+07
4.03394,-7.13697,4.13584e+07
4.03394,-6.9301,3.29644e+07
4.03394,-6.72323,2.61234e+07
4.03394,-6.51636,2.05817e+07
4.03394,-6.30949,1.61212e+07
4.03394,-6.10263,1.25552e+07
4.03394,-5.89576,9.72469e+06
4.03394,-5.68889,7.49487e+06
4.03394,-5.48202,5.75219e+06
4.03394,-5.27515,4.4016e+06
4.03394,-5.06828,3.36405e+06
4.03394,-4.86141,2.57423e+06
4.03394,-4.65455,1.97864e+06
4.03394,-4.44768,1.5338e+06
4.03394,-4.24081,1.20468e+06
4.03394,-4.03394,963351
4.03394,-3.82707,787795
4.03394,-3.6202,660829
4.03394,-3.41333,569244
4.03394,-3.20646,503012
4.03394,-2.9996,454661
4.03394,-2.79273,418702
4.03394,-2.58586,391199
4.03394,-2.37899,369377
4.03394,-2.17212,351335
4.03394,-1.96525,335807
4.03394,-1.75838,321964
4.03394,-1.55152,309283
4.03394,-1.34465,297441
4.03394,-1.13778,286243
4.03394,-0.930909,275564
4.03394,-0.72404,265326
4.03394,-0.517172,255464
4.03394,-0.310303,245946
4.03394,-0.103434,236741
4.03394,0.103434,227823
4.03394,0.310303,219186
4.03394,0.517172,210832
4.03394,0.72404,202773
4.03394,0.930909,195021
4.03394,1.13778,187588
4.03394,1.34465,180478
4.03394,1.55152,173694
4.03394,1.75838,167220
4.03394,1.96525,161050
4.03394,2.17212,155191
4.03394,2.37899,149718
4.03394,2.58586,144813
4.03394,2.79273,140874
4.03394,2.9996,138604
4.03394,3.20646,139205
4.03394,3.41333,144564
4.03394,3.6202,157536
4.03394,3.82707,182276
4.03394,4.03394,224643
4.03394,4.24081,292710
4.03394,4.44768,397372
4.03394,4.65455,553048
4.03394,4.86141,778504
4.03394,5.06828,1.09786e+06
4.03394,5.27515,1.54168e+06
4.03394,5.48202,2.14828e+06
4.03394,5.68889,2.96521e+06
4.03394,5.89576,4.0509e+06
4.03394,6.10263,5.47657e+06
4.03394,6.30949,7.32833e+06
4.03394,6.51636,9.70956e+06
4.03394,6.72323,1.27435e+07
4.03394,6.9301,1.65763e+07
4.03394,7.13697,2.13801e+07
4.03394,7.34384,2.73566e+07
4.03394,7.55071,3.47411e+07
4.03394,7.75758,4.38068e+07
4.03394,7.96444,5.48692e+07
4.03394,8.17131,6.82916e+07
4.03394,8.37818,8.44904e+07
4.03394,8.58505,1.03941e+08
4.03394,8.79192,1.27184e+08
4.03394,8.99879,1.54835e+08
4.03394,9.20566,1.87586e+08
4.03394,9.41253,2.26221e+08
4.03394,9.61939,2.71619e+08
4.03394,9.82626,3.24766e+08
4.03394,10.0331,3.86766e+08
4.03394,10.24,4.58848e+08
4.24081,-10.24,6.96787e+08
4.24081,-10.0331,5.93253e+08
4.24081,-9.82626,5.03452e+08
4.24081,-9.61939,4.25793e+08
4.24081,-9.41253,3.58842e+08
4.24081,-9.20566,3.01308e+08
4.24081,-8.99879,2.52032e+08
4.24081,-8.79192,2.09978e+08
4.24081,-8.58505,1.74218e+08
4.24081,-8.37818,1.43928e+08
4.24081,-8.17131,1.18375e+08
4.24081,-7.96444,9.69079e+07
4.24081,-7.75758,7.89541e+07
4.24081,-7.55071,6.40083e+07
4.24081,-7.34384,5.16276e+07
4.24081,-7.13697,4.14244e+07
4.24081,-6.9301,3.30614e+07
4.24081,-6.72323,2.62459e+07
4.24081,-6.51636,2.0725e+07
4.24081,-6.30949,1.62811e+07
4.24081,-6.10263,1.27282e+07
4.24081,-5.89576,9.90769e+06
4.24081,-5.68889,7.68516e+06
4.24081,-5.48202,5.94752e+06
4.24081,-5.27515,4.60005e+06
4.24081,-5.06828,3.56402e+06
4.24081,-4.86141,2.77439e+06
4.24081,-4.65455,2.1779e+06
4.24081,-4.44768,1.73128e+06
4.24081,-4.24081,1.39969e+06
4.24081,-4.03394,1.15535e+06
4.24081,-3.82707,976376
4.24081,-3.6202,845698
4.24081,-3.41333,750194
4.24081,-3.20646,679924
4.24081,-2.9996,627462
4.24081,-2.79273,587376
4.24081,-2.58586,555765
4.24081,-2.37899,529881
4.24081,-2.17212,507844
4.24081,-1.96525,488397
4.24081,-1.75838,470722
4.24081,-1.55152,454298
4.24081,-1.34465,438800
4.24081,-1.13778,424037
4.24081,-0.930909,409873
4.24081,-0.72404,396232
4.24081,-0.517172,383046
4.24081,-0.310303,370272
4.24081,-0.103434,357875
4.24081,0.103434,345837
4.24081,0.310303,334148
4.24081,0.517172,322807
4.24081,0.72404,311826
4.24081,0.930909,301220
4.24081,1.13778,291008
4.24081,1.34465,281194
4.24081,1.55152,271779
4.24081,1.75838,262746
4.24081,1.96525,254095
4.24081,2.17212,245822
4.24081,2.37899,237998
4.24081,2.58586,230784
4.24081,2.79273,224556
4.24081,2.9996,219997
4.24081,3.20646,218264
4.24081,3.41333,221190
4.24081,3.6202,231577
4.24081,3.82707,253496
4.24081,4.03394,292710
4.24081,4.24081,357183
4.24081,4.44768,457679
4.24081,4.65455,608451
4.24081,4.86141,828089
4.24081,5.06828,1.14049e+06
4.24081,5.27515,1.57599e+06
4.24081,5.48202,2.17262e+06
4.24081,5.68889,2.97761e+06
4.24081,5.89576,4.04905e+06
4.24081,6.10263,5.45775e+06
4.24081,6.30949,7.28938e+06
4.24081,6.51636,9.64683e+06
4.24081,6.72323,1.26528e+07
4.24081,6.9301,1.64528e+07
4.24081,7.13697,2.12183e+07
4.24081,7.34384,2.71504e+07
4.24081,7.55071,3.44835e+07
4.24081,7.75758,4.349e+07
4.24081,7.96444,5.44843e+07
4.24081,8.17131,6.78289e+07
4.24081,8.37818,8.39388e+07
4.24081,8.58505,1.03288e+08
4.24081,8.79192,1.26417e+08
4.24081,8.99879,1.53939e+08
4.24081,9.20566,1.86544e+08
4.24081,9.41253,2.25016e+08
4.24081,9.61939,2.7023e+08
4.24081,9.82626,3.23173e+08
4.24081,10.0331,3.84944e+08
4.24081,10.24,4.56773e+08
4.44768,-10.24,6.9518e+08
4.44768,-10.0331,5.91889e+08
4.44768,-9.82626,5.02305e+08
4.44768,-9.61939,4.2484e+08
4.44768,-9.41253,3.58061e+08
4.44768,-9.20566,3.0068e+08
4.44768,-8.99879,2.5154e+08
4.44768,-8.79192,2.09605e+08
4.44768,-8.58505,1.7395e+08
4.44768,-8.37818,1.43751e+08
4.44768,-8.17131,1.18277e+08
4.44768,-7.96444,9.68784e+07
4.44768,-7.75758,7.89833e+07
4.44768,-7.55071,6.40876e+07
4.44768,-7.34384,5.17491e+07
4.44768,-7.13697,4.15813e+07
4.44768,-6.9301,3.32476e+07
4.44768,-6.72323,2.6456e+07
4.44768,-6.51636,2.09544e+07
4.44768,-6.30949,1.65257e+07
4.44768,-6.10263,1.29844e+07
4.44768,-5.89576,1.01724e+07
4.44768,-5.68889,7.95581e+06
4.44768,-5.48202,6.22184e+06
4.44768,-5.27515,4.87617e+06
4.44768,-5.06828,3.84035e+06
4.44768,-4.86141,3.04964e+06
4.44768,-4.65455,2.45102e+06
4.44768,-4.44768,2.00141e+06
4.44768,-4.24081,1.66616e+06
4.44768,-4.03394,1.41765e+06
4.44768,-3.82707,1.23411e+06
4.44768,-3.6202,1.0986e+06
4.44768,-3.41333,998082
4.44768,-3.20646,922687
4.44768,-2.9996,865052
4.44768,-2.79273,819797
4.44768,-2.58586,783051
4.44768,-2.37899,752091
4.44768,-2.17212,725063
4.44768,-1.96525,700714
4.44768,-1.75838,678241
4.44768,-1.55152,657118
4.44768,-1.34465,637026
4.44768,-1.13778,617762
4.44768,-0.930909,599200
4.44768,-0.72404,581249
4.44768,-0.517172,563839
4.44768,-0.310303,546925
4.44768,-0.103434,530473
4.44768,0.103434,514452
4.44768,0.310303,498856
4.44768,0.517172,483688
4.44768,0.72404,468959
4.44768,0.930909,454684
4.44768,1.13778,440885
4.44768,1.34465,427569
4.44768,1.55152,414741
4.44768,1.75838,402386
4.44768,1.96525,390493
4.44768,2.17212,379066
4.44768,2.37899,368151
4.44768,2.58586,357911
4.44768,2.79273,348699
4.44768,2.9996,341159
4.44768,3.20646,336421
4.44768,3.41333,336263
4.44768,3.6202,343426
4.44768,3.82707,361906
4.44768,4.03394,397372
4.44768,4.24081,457679
4.44768,4.44768,553452
4.44768,4.65455,698787
4.44768,4.86141,912097
4.44768,5.06828,1.21707e+06
4.44768,5.27515,1.64379e+06
4.44768,5.48202,2.23002e+06
4.44768,5.68889,3.02267e+06
4.44768,5.89576,4.07949e+06
4.44768,6.10263,5.47089e+06
4.44768,6.30949,7.28209e+06
4.44768,6.51636,9.6155e+06
4.44768,6.72323,1.25933e+07
4.44768,6.9301,1.63603e+07
4.44768,7.13697,2.10875e+07
4.44768,7.34384,2.6975e+07
4.44768,7.55071,3.42567e+07
4.44768,7.75758,4.32038e+07
4.44768,7.96444,5.41302e+07
4.44768,8.17131,6.73969e+07
4.44768,8.37818,8.34181e+07
4.44768,8.58505,1.02667e+08
4.44768,8.79192,1.25682e+08
4.44768,8.99879,1.53074e+08
4.44768,9.20566,1.85535e+08
4.44768,9.41253,2.23843e+08
4.44768,9.61939,2.68875e+08
4.44768,9.82626,3.21613e+08
4.44768,10.0331,3.83157e+08
4.44768,10.24,4.54733e+08
4.65455,-10.24,6.93722e+08
4.65455,-10.0331,5.90671e+08
4.65455,-9.82626,5.01302e+08
4.65455,-9.61939,4.24029e+08
4.65455,-9.41253,3.5742e+08
4.65455,-9.20566,3.0019e+08
4.65455,-8.99879,2.51182e+08
4.65455,-8.79192,2.09364e+08
4.65455,-8.58505,1.73811e+08
4.65455,-8.37818,1.43702e+08
4.65455,-8.17131,1.18304e+08
4.65455,-7.96444,9.69723e+07
4.65455,-7.75758,7.91338e+07
4.65455,-7.55071,6.42861e+07
4.65455,-7.34384,5.19879e+07
4.65455,-7.13697,4.18537e+07
4.65455,-6.9301,3.35475e+07
4.65455,-6.72323,2.67781e+07
4.65455,-6.51636,2.12939e+07
4.65455,-6.30949,1.68787e+07
4.65455,-6.10263,1.33473e+07
4.65455,-5.89576,1.05422e+07
4.65455,-5.68889,8.32991e+06
4.65455,-5.48202,6.59805e+06
4.65455,-5.27515,5.25264e+06
4.65455,-5.06828,4.21554e+06
4.65455,-4.86141,3.42227e+06
4.65455,-4.65455,2.82006e+06
4.65455,-4.44768,2.36604e+06
4.65455,-4.24081,2.02574e+06
4.65455,-4.03394,1.77169e+06
4.65455,-3.82707,1.58225e+06
4.65455,-3.6202,1.44058e+06
4.65455,-3.41333,1.33375e+06
4.65455,-3.20646,1.25195e+06
4.65455,-2.9996,1.18789e+06
4.65455,-2.79273,1.13622e+06
4.65455,-2.58586,1.09312e+06
4.65455,-2.37899,1.05588e+06
4.65455,-2.17212,1.02267e+06
4.65455,-1.96525,992243
4.65455,-1.75838,963806
4.65455,-1.55152,936845
4.65455,-1.34465,911024
4.65455,-1.13778,886151
4.65455,-0.930909,862079
4.65455,-0.72404,838727
4.65455,-0.517172,816018
4.65455,-0.310303,793898
4.65455,-0.103434,772334
4.65455,0.103434,751290
4.65455,0.310303,730760
4.65455,0.517172,710746
4.65455,0.72404,691265
4.65455,0.930909,672327
4.65455,1.13778,653962
4.65455,1.34465,636177
4.65455,1.55152,618980
4.65455,1.75838,602356
4.65455,1.96525,586297
4.65455,2.17212,570797
4.65455,2.37899,555899
4.65455,2.58586,541749
4.65455,2.79273,528679
4.65455,2.9996,517309
4.65455,3.20646,508731
4.65455,3.41333,504674
4.65455,3.6202,507820
4.65455,3.82707,522083
4.65455,4.03394,553048
4.65455,4.24081,608451
4.65455,4.44768,698787
4.65455,4.65455,838003
4.65455,4.86141,1.04432e+06
4.65455,5.06828,1.34122e+06
4.65455,5.27515,1.75856e+06
4.65455,5.48202,2.33381e+06
4.65455,5.68889,3.11358e+06
4.65455,5.89576,4.15526e+06
4.65455,6.10263,5.52888e+06
4.65455,6.30949,7.31921e+06
4.65455,6.51636,9.62817e+06
4.65455,6.72323,1.25774e+07
4.65455,6.9301,1.63111e+07
4.65455,7.13697,2.09996e+07
4.65455,7.34384,2.68424e+07
4.65455,7.55071,3.40724e+07
4.65455,7.75758,4.29601e+07
4.65455,7.96444,5.38183e+07
4.65455,8.17131,6.70072e+07
4.65455,8.37818,8.29397e+07
4.65455,8.58505,1.02088e+08
4.65455,8.79192,1.24989e+08
4.65455,8.99879,1.52252e+08
4.65455,9.20566,1.84568e+08
4.65455,9.41253,2.22713e+08
4.65455,9.61939,2.67563e+08
4.65455,9.82626,3.20098e+08
4.65455,10.0331,3.81415e+08
4.65455,10.24,4.52738e+08
4.86141,-10.24,6.92449e+08
4.86141,-10.0331,5.89635e+08
4.86141,-9.82626,5.00478e+08
4.86141,-9.61939,4.23393e+08
4.86141,-9.41253,3.56952e+08
4.86141,-9.20566,2.99869e+08
4.86141,-8.99879,2.50992e+08
4.86141,-8.79192,2.09288e+08
4.86141,-8.58505,1.73835e+08
4.86141,-8.37818,1.43812e+08
4.86141,-8.17131,1.18489e+08
4.86141,-7.96444,9.72211e+07
4.86141,-7.75758,7.94369e+07
4.86141,-7.55071,6.4635e+07
4.86141,-7.34384,5.23749e+07
4.86141,-7.13697,4.2272e+07
4.86141,-6.9301,3.39912e+07
4.86141,-6.72323,2.72419e+07
4.86141,-6.51636,2.17732e+07
4.86141,-6.30949,1.73695e+07
4.86141,-6.10263,1.38462e+07
4.86141,-5.89576,1.10461e+07
4.86141,-5.68889,8.83622e+06
4.86141,-5.48202,7.10467e+06
4.86141,-5.27515,5.75773e+06
4.86141,-5.06828,4.7176e+06
4.86141,-4.86141,3.92007e+06
4.86141,-4.65455,3.3126e+06
4.86141,-4.44768,2.85252e+06
4.86141,-4.24081,2.50554e+06
4.86141,-4.03394,2.24435e+06
4.86141,-3.82707,2.04743e+06
4.86141,-3.6202,1.89806e+06
4.86141,-3.41333,1.78339e+06
4.86141,-3.20646,1.69368e+06
4.86141,-2.9996,1.6217e+06
4.86141,-2.79273,1.56215e+06
4.86141,-2.58586,1.51124e+06
4.86141,-2.37899,1.4663e+06
4.86141,-2.17212,1.42549e+06
4.86141,-1.96525,1.3876e+06
4.86141,-1.75838,1.35183e+06
4.86141,-1.55152,1.31766e+06
4.86141,-1.34465,1.28477e+06
4.86141,-1.13778,1.25295e+06
4.86141,-0.930909,1.22206e+06
4.86141,-0.72404,1.192e+06
4.86141,-0.517172,1.1627e+06
4.86141,-0.310303,1.1341e+06
4.86141,-0.103434,1.10616e+06
4.86141,0.103434,1.07884e+06
4.86141,0.310303,1.05214e+06
4.86141,0.517172,1.02606e+06
4.86141,0.72404,1.00062e+06
4.86141,0.930909,975819
4.86141,1.13778,951708
4.86141,1.34465,928285
4.86141,1.55152,905562
4.86141,1.75838,883533
4.86141,1.96525,862181
4.86141,2.17212,841500
4.86141,2.37899,821525
4.86141,2.58586,802388
4.86141,2.79273,784401
4.86141,2.9996,768162
4.86141,3.20646,754718
4.86141,3.41333,745762
4.86141,3.6202,743899
4.86141,3.82707,752984
4.86141,4.03394,778504
4.86141,4.24081,828089
4.86141,4.44768,912097
4.86141,4.65455,1.04432e+06
4.86141,4.86141,1.24281e+06
4.86141,5.06828,1.53083e+06
4.86141,5.27515,1.93799e+06
4.86141,5.48202,2.50151e+06
4.86141,5.68889,3.26768e+06
4.86141,5.89576,4.29354e+06
4.86141,6.10263,5.64871e+06
4.86141,6.30949,7.41756e+06
4.86141,6.51636,9.70148e+06
4.86141,6.72323,1.26216e+07
4.86141,6.9301,1.63216e+07
4.86141,7.13697,2.09709e+07
4.86141,7.34384,2.67685e+07
4.86141,7.55071,3.39464e+07
4.86141,7.75758,4.27744e+07
4.86141,7.96444,5.35642e+07
4.86141,8.17131,6.66751e+07
4.86141,8.37818,8.25187e+07
4.86141,8.58505,1.01566e+08
4.86141,8.79192,1.24353e+08
4.86141,8.99879,1.51488e+08
4.86141,9.20566,1.83658e+08
4.86141,9.41253,2.21641e+08
4.86141,9.61939,2.66309e+08
4.86141,9.82626,3.18641e+08
4.86141,10.0331,3.79731e+08
4.86141,10.24,4.50802e+08
5.06828,-10.24,6.91403e+08
5.06828,-10.0331,5.88822e+08
5.06828,-9.82626,4.99873e+08
5.06828,-9.61939,4.22974e+08
5.06828,-9.41253,3.56697e+08
5.06828,-9.20566,2.99759e+08
5.06828,-8.99879,2.51009e+08
5.06828,-8.79192,2.09417e+08
5.06828,-8.58505,1.7406e+08
5.06828,-8.37818,1.44121e+08
5.06828,-8.17131,1.1887e+08
5.06828,-7.96444,9.76632e+07
5.06828,-7.75758,7.99309e+07
5.06828,-7.55071,6.51722e+07
5.06828,-7.34384,5.29478e+07
5.06828,-7.13697,4.28738e+07
5.06828,-6.9301,3.4616e+07
5.06828,-6.72323,2.78844e+07
5.06828,-6.51636,2.2429e+07
5.06828,-6.30949,1.80345e+07
5.06828,-6.10263,1.4517e+07
5.06828,-5.89576,1.17197e+07
5.06828,-5.68889,9.51024e+06
5.06828,-5.48202,7.77689e+06
5.06828,-5.27515,6.4264e+06
5.06828,-5.06828,5.38124e+06
5.06828,-4.86141,4.57746e+06
5.06828,-4.65455,3.96277e+06
5.06828,-4.44768,3.49472e+06
5.06828,-4.24081,3.13917e+06
5.06828,-4.03394,2.86898e+06
5.06828,-3.82707,2.66275e+06
5.06828,-3.6202,2.50387e+06
5.06828,-3.41333,2.37956e+06
5.06828,-3.20646,2.28018e+06
5.06828,-2.9996,2.19855e+06
5.06828,-2.79273,2.1294e+06
5.06828,-2.58586,2.06899e+06
5.06828,-2.37899,2.01466e+06
5.06828,-2.17212,1.9646e+06
5.06828,-1.96525,1.91759e+06
5.06828,-1.75838,1.87286e+06
5.06828,-1.55152,1.82988e+06
5.06828,-1.34465,1.78832e+06
5.06828,-1.13778,1.74798e+06
5.06828,-0.930909,1.70871e+06
5.06828,-0.72404,1.6704e+06
5.06828,-0.517172,1.63298e+06
5.06828,-0.310303,1.59638e+06
5.06828,-0.103434,1.56056e+06
5.06828,0.103434,1.52549e+06
5.06828,0.310303,1.49115e+06
5.06828,0.517172,1.45754e+06
5.06828,0.72404,1.42469e+06
5.06828,0.930909,1.3926e+06
5.06828,1.13778,1.36133e+06
5.06828,1.34465,1.33087e+06
5.06828,1.55152,1.30125e+06
5.06828,1.75838,1.27244e+06
5.06828,1.96525,1.24445e+06
5.06828,2.17212,1.21725e+06
5.06828,2.37899,1.19088e+06
5.06828,2.58586,1.16546e+06
5.06828,2.79273,1.14127e+06
5.06828,2.9996,1.1189e+06
5.06828,3.20646,1.09935e+06
5.06828,3.41333,1.08427e+06
5.06828,3.6202,1.07621e+06
5.06828,3.82707,1.07894e+06
5.06828,4.03394,1.09786e+06
5.06828,4.24081,1.14049e+06
5.06828,4.44768,1.21707e+06
5.06828,4.65455,1.34122e+06
5.06828,4.86141,1.53083e+06
5.06828,5.06828,1.80895e+06
5.06828,5.27515,2.20495e+06
5.06828,5.48202,2.75578e+06
5.06828,5.68889,3.50742e+06
5.06828,5.89576,4.51656e+06
5.06828,6.10263,5.85244e+06
5.06828,6.30949,7.59897e+06
5.06828,6.51636,9.85709e+06
5.06828,6.72323,1.27473e+07
5.06828,6.9301,1.64128e+07
5.06828,7.13697,2.10224e+07
5.06828,7.34384,2.67742e+07
5.06828,7.55071,3.38996e+07
5.06828,7.75758,4.26673e+07
5.06828,7.96444,5.33883e+07
5.06828,8.17131,6.64206e+07
5.06828,8.37818,8.21751e+07
5.06828,8.58505,1.01121e+08
5.06828,8.79192,1.23794e+08
5.06828,8.99879,1.508e+08
5.06828,9.20566,1.82826e+08
5.06828,9.41253,2.20646e+08
5.06828,9.61939,2.65132e+08
5.06828,9.82626,3.1726e+08
5.06828,10.0331,3.78124e+08
5.06828,10.24,4.48943e+08
5.27515,-10.24,6.90633e+08
5.27515,-10.0331,5.88282e+08
5.27515,-9.82626,4.99538e+08
5.27515,-9.61939,4.2282e+08
5.27515,-9.41253,3.56704e+08
5.27515,-9.20566,2.99908e+08
5.27515,-8.99879,2.51282e+08
5.27515,-8.79192,2.09797e+08
5.27515,-8.58505,1.74535e+08
5.27515,-8.37818,1.44676e+08
5.27515,-8.17131,1.19494e+08
5.27515,-7.96444,9.83457e+07
5.27515,-7.75758,8.06622e+07
5.27515,-7.55071,6.59439e+07
5.27515,-7.34384,5.37524e+07
5.27515,-7.13697,4.37046e+07
5.27515,-6.9301,3.54671e+07
5.27515,-6.72323,2.87507e+07
5.27515,-6.51636,2.33059e+07
5.27515,-6.30949,1.89181e+07
5.27515,-6.10263,1.54038e+07
5.27515,-5.89576,1.2607e+07
5.27515,-5.68889,1.03954e+07
5.27515,-5.48202,8.65791e+06
5.27515,-5.27515,7.30151e+06
5.27515,-5.06828,6.24899e+06
5.27515,-4.86141,5.4367e+06
5.27515,-4.65455,4.81255e+06
5.27515,-4.44768,4.33431e+06
5.27515,-4.24081,3.96801e+06
5.27515,-4.03394,3.68666e+06
5.27515,-3.82707,3.46899e+06
5.27515,-3.6202,3.29849e+06
5.27515,-3.41333,3.16247e+06
5.27515,-3.20646,3.05137e+06
5.27515,-2.9996,2.95805e+06
5.27515,-2.79273,2.8773e+06
5.27515,-2.58586,2.80539e+06
5.27515,-2.37899,2.73971e+06
5.27515,-2.17212,2.67845e+06
5.27515,-1.96525,2.62041e+06
5.27515,-1.75838,2.56481e+06
5.27515,-1.55152,2.51112e+06
5.27515,-1.34465,2.45903e+06
5.27515,-1.13778,2.40831e+06
5.27515,-0.930909,2.35882e+06
5.27515,-0.72404,2.31045e+06
5.27515,-0.517172,2.2631e+06
5.27515,-0.310303,2.21672e+06
5.27515,-0.103434,2.17125e+06
5.27515,0.103434,2.12667e+06
5.27515,0.310303,2.08294e+06
5.27515,0.517172,2.04009e+06
5.27515,0.72404,1.99812e+06
5.27515,0.930909,1.95706e+06
5.27515,1.13778,1.91695e+06
5.27515,1.34465,1.8778e+06
5.27515,1.55152,1.83962e+06
5.27515,1.75838,1.80242e+06
5.27515,1.96525,1.76617e+06
5.27515,2.17212,1.73087e+06
5.27515,2.37899,1.69653e+06
5.27515,2.58586,1.66327e+06
5.27515,2.79273,1.63136e+06
5.27515,2.9996,1.60134e+06
5.27515,3.20646,1.57419e+06
5.27515,3.41333,1.55151e+06
5.27515,3.6202,1.5358e+06
5.27515,3.82707,1.53075e+06
5.27515,4.03394,1.54168e+06
5.27515,4.24081,1.57599e+06
5.27515,4.44768,1.64379e+06
5.27515,4.65455,1.75856e+06
5.27515,4.86141,1.93799e+06
5.27515,5.06828,2.20495e+06
5.27515,5.27515,2.58857e+06
5.27515,5.48202,3.1255e+06
5.27515,5.68889,3.86145e+06
5.27515,5.89576,4.85275e+06
5.27515,6.10263,6.16826e+06
5.27515,6.30949,7.89144e+06
5.27515,6.51636,1.01227e+07
5.27515,6.72323,1.29822e+07
5.27515,6.9301,1.66123e+07
5.27515,7.13697,2.11812e+07
5.27515,7.34384,2.68864e+07
5.27515,7.55071,3.39584e+07
5.27515,7.75758,4.26652e+07
5.27515,7.96444,5.33166e+07
5.27515,8.17131,6.62699e+07
5.27515,8.37818,8.19347e+07
5.27515,8.58505,1.00779e+08
5.27515,8.79192,1.23337e+08
5.27515,8.99879,1.50214e+08
5.27515,9.20566,1.82094e+08
5.27515,9.41253,2.19752e+08
5.27515,9.61939,2.64055e+08
5.27515,9.82626,3.1598e+08
5.27515,10.0331,3.76618e+08
5.27515,10.24,4.47185e+08
5.48202,-10.24,6.90201e+08
5.48202,-10.0331,5.88076e+08
5.48202,-9.82626,4.99532e+08
5.48202,-9.61939,4.22992e+08
5.48202,-9.41253,3.57033e+08
5.48202,-9.20566,3.00375e+08
5.48202,-8.99879,2.51869e+08
5.48202,-8.79192,2.10489e+08
5.48202,-8.58505,1.75317e+08
5.48202,-8.37818,1.45535e+08
5.48202,-8.17131,1.20419e+08
5.48202,-7.96444,9.93253e+07
5.48202,-7.75758,8.16874e+07
5.48202,-7.55071,6.70062e+07
5.48202,-7.34384,5.48444e+07
5.48202,-7.13697,4.48197e+07
5.48202,-6.9301,3.65995e+07
5.48202,-6.72323,2.98952e+07
5.48202,-6.51636,2.44581e+07
5.48202,-6.30949,2.00741e+07
5.48202,-6.10263,1.65603e+07
5.48202,-5.89576,1.37611e+07
5.48202,-5.68889,1.15447e+07
5.48202,-5.48202,9.80026e+06
5.48202,-5.27515,8.43526e+06
5.48202,-5.06828,7.37274e+06
5.48202,-4.86141,6.54931e+06
5.48202,-4.65455,5.91312e+06
5.48202,-4.44768,5.42214e+06
5.48202,-4.24081,5.04257e+06
5.48202,-4.03394,4.74757e+06
5.48202,-3.82707,4.516e+06
5.48202,-3.6202,4.33145e+06
5.48202,-3.41333,4.18133e+06
5.48202,-3.20646,4.05612e+06
5.48202,-2.9996,3.94876e+06
5.48202,-2.79273,3.85407e+06
5.48202,-2.58586,3.76837e+06
5.48202,-2.37899,3.68904e+06
5.48202,-2.17212,3.61432e+06
5.48202,-1.96525,3.543e+06
5.48202,-1.75838,3.4743e+06
5.48202,-1.55152,3.40772e+06
5.48202,-1.34465,3.3429e+06
5.48202,-1.13778,3.27964e+06
5.48202,-0.930909,3.21779e+06
5.48202,-0.72404,3.15721e+06
5.48202,-0.517172,3.09783e+06
5.48202,-0.310303,3.03957e+06
5.48202,-0.103434,2.98238e+06
5.48202,0.103434,2.92622e+06
5.48202,0.310303,2.87107e+06
5.48202,0.517172,2.81694e+06
5.48202,0.72404,2.76385e+06
5.48202,0.930909,2.71182e+06
5.48202,1.13778,2.66089e+06
5.48202,1.34465,2.61109e+06
5.48202,1.55152,2.56243e+06
5.48202,1.75838,2.51491e+06
5.48202,1.96525,2.46851e+06
5.48202,2.17212,2.42323e+06
5.48202,2.37899,2.37906e+06
5.48202,2.58586,2.33612e+06
5.48202,2.79273,2.29466e+06
5.48202,2.9996,2.2552e+06
5.48202,3.20646,2.21868e+06
5.48202,3.41333,2.18665e+06
5.48202,3.6202,2.16156e+06
5.48202,3.82707,2.14703e+06
5.48202,4.03394,2.14828e+06
5.48202,4.24081,2.17262e+06
5.48202,4.44768,2.23002e+06
5.48202,4.65455,2.33381e+06
5.48202,4.86141,2.50151e+06
5.48202,5.06828,2.75578e+06
5.48202,5.27515,3.1255e+06
5.48202,5.48202,3.6471e+06
5.48202,5.68889,4.36593e+06
5.48202,5.89576,5.338e+06
5.48202,6.10263,6.63177e+06
5.48202,6.30949,8.33029e+06
5.48202,6.51636,1.05335e+07
5.48202,6.72323,1.33609e+07
5.48202,6.9301,1.69544e+07
5.48202,7.13697,2.14816e+07
5.48202,7.34384,2.71391e+07
5.48202,7.55071,3.41567e+07
5.48202,7.75758,4.28015e+07
5.48202,7.96444,5.33825e+07
5.48202,8.17131,6.62559e+07
5.48202,8.37818,8.18301e+07
5.48202,8.58505,1.00572e+08
5.48202,8.79192,1.23015e+08
5.48202,8.99879,1.49762e+08
5.48202,9.20566,1.81496e+08
5.48202,9.41253,2.1899e+08
5.48202,9.61939,2.63111e+08
5.48202,9.82626,3.14833e+08
5.48202,10.0331,3.75244e+08
5.48202,10.24,4.4556e+08
5.68889,-10.24,6.90178e+08
5.68889,-10.0331,5.88275e+08
5.68889,-9.82626,4.99928e+08
5.68889,-9.61939,4.23561e+08
5.68889,-9.41253,3.57755e+08
5.68889,-9.20566,3.0123e+08
5.68889,-8.99879,2.52841e+08
5.68889,-8.79192,2.11561e+08
5.68889,-8.58505,1.76475e+08
5.68889,-8.37818,1.46767e+08
5.68889,-8.17131,1.21712e+08
5.68889,-7.96444,1.0067e+08
5.68889,-7.75758,8.30741e+07
5.68889,-7.55071,6.84265e+07
5.68889,-7.34384,5.62909e+07
5.68889,-7.13697,4.62858e+07
5.68889,-6.9301,3.80794e+07
5.68889,-6.72323,3.13839e+07
5.68889,-6.51636,2.59511e+07
5.68889,-6.30949,2.15677e+07
5.68889,-6.10263,1.80511e+07
5.68889,-5.89576,1.52463e+07
5.68889,-5.68889,1.30218e+07
5.68889,-5.48202,1.12674e+07
5.68889,-5.27515,9.89079e+06
5.68889,-5.06828,8.81524e+06
5.68889,-4.86141,7.97768e+06
5.68889,-4.65455,7.3265e+06
5.68889,-4.44768,6.81984e+06
5.68889,-4.24081,6.42412e+06
5.68889,-4.03394,6.11261e+06
5.68889,-3.82707,5.86431e+06
5.68889,-3.6202,5.66291e+06
5.68889,-3.41333,5.49591e+06
5.68889,-3.20646,5.35385e+06
5.68889,-2.9996,5.22973e+06
5.68889,-2.79273,5.11842e+06
5.68889,-2.58586,5.01624e+06
5.68889,-2.37899,4.92063e+06
5.68889,-2.17212,4.82982e+06
5.68889,-1.96525,4.74263e+06
5.68889,-1.75838,4.65826e+06
5.68889,-1.55152,4.57621e+06
5.68889,-1.34465,4.49613e+06
5.68889,-1.13778,4.41782e+06
5.68889,-0.930909,4.34109e+06
5.68889,-0.72404,4.26585e+06
5.68889,-0.517172,4.19197e+06
5.68889,-0.310303,4.11939e+06
5.68889,-0.103434,4.04805e+06
5.68889,0.103434,3.97791e+06
5.68889,0.310303,3.90896e+06
5.68889,0.517172,3.84119e+06
5.68889,0.72404,3.77463e+06
5.68889,0.930909,3.7093e+06
5.68889,1.13778,3.64526e+06
5.68889,1.34465,3.58252e+06
5.68889,1.55152,3.5211e+06
5.68889,1.75838,3.46101e+06
5.68889,1.96525,3.40223e+06
5.68889,2.17212,3.34475e+06
5.68889,2.37899,3.28857e+06
5.68889,2.58586,3.23378e+06
5.68889,2.79273,3.18063e+06
5.68889,2.9996,3.1296e+06
5.68889,3.20646,3.08162e+06
5.68889,3.41333,3.03817e+06
5.68889,3.6202,3.00166e+06
5.68889,3.82707,2.97562e+06
5.68889,4.03394,2.96521e+06
5.68889,4.24081,2.97761e+06
5.68889,4.44768,3.02267e+06
5.68889,4.65455,3.11358e+06
5.68889,4.86141,3.26768e+06
5.68889,5.06828,3.50742e+06
5.68889,5.27515,3.86145e+06
5.68889,5.48202,4.36593e+06
5.68889,5.68889,5.06592e+06
5.68889,5.89576,6.01707e+06
5.68889,6.10263,7.28745e+06
5.68889,6.30949,8.95969e+06
5.68889,6.51636,1.11333e+07
5.68889,6.72323,1.39271e+07
5.68889,6.9301,1.74826e+07
5.68889,7.13697,2.19665e+07
5.68889,7.34384,2.75749e+07
5.68889,7.55071,3.45368e+07
5.68889,7.75758,4.31184e+07
5.68889,7.96444,5.36278e+07
5.68889,8.17131,6.642e+07
5.68889,8.37818,8.19027e+07
5.68889,8.58505,1.00542e+08
5.68889,8.79192,1.22868e+08
5.68889,8.99879,1.49484e+08
5.68889,9.20566,1.81072e+08
5.68889,9.41253,2.18402e+08
5.68889,9.61939,2.6234e+08
5.68889,9.82626,3.13857e+08
5.68889,10.0331,3.7404e+08
5.68889,10.24,4.44104e+08
5.89576,-10.24,6.90653e+08
5.89576,-10.0331,5.88965e+08
5.89576,-9.82626,5.0081e+08
5.89576,-9.61939,4.24612e+08
5.89576,-9.41253,3.58954e+08
5.89576,-9.20566,3.02558e+08
5.89576,-8.99879,2.54281e+08
5.89576,-8.79192,2.13097e+08
5.89576,-8.58505,1.78093e+08
5.89576,-8.37818,1.48454e+08
5.89576,-8.17131,1.23457e+08
5.89576,-7.96444,1.02462e+08
5.89576,-7.75758,8.49034e+07
5.89576,-7.55071,7.02854e+07
5.89576,-7.34384,5.8172e+07
5.89576,-7.13697,4.81826e+07
5.89576,-6.9301,3.99861e+07
5.89576,-6.72323,3.32956e+07
5.89576,-6.51636,2.78634e+07
5.89576,-6.30949,2.34768e+07
5.89576,-6.10263,1.99538e+07
5.89576,-5.89576,1.71397e+07
5.89576,-5.68889,1.49037e+07
5.89576,-5.48202,1.31358e+07
5.89576,-5.27515,1.1744e+07
5.89576,-5.06828,1.0652e+07
5.89576,-4.86141,9.79686e+06
5.89576,-4.65455,9.12731e+06
5.89576,-4.44768,8.60165e+06
5.89576,-4.24081,8.18646e+06
5.89576,-4.03394,7.85517e+06
5.89576,-3.82707,7.58691e+06
5.89576,-3.6202,7.36545e+06
5.89576,-3.41333,7.17838e+06
5.89576,-3.20646,7.01633e+06
5.89576,-2.9996,6.87232e+06
5.89576,-2.79273,6.74128e+06
5.89576,-2.58586,6.61957e+06
5.89576,-2.37899,6.50463e+06
5.89576,-2.17212,6.39471e+06
5.89576,-1.96525,6.28863e+06
5.89576,-1.75838,6.18562e+06
5.89576,-1.55152,6.08515e+06
5.89576,-1.34465,5.98689e+06
5.89576,-1.13778,5.89061e+06
5.89576,-0.930909,5.79613e+06
5.89576,-0.72404,5.70334e+06
5.89576,-0.517172,5.61212e+06
5.89576,-0.310303,5.5224e+06
5.89576,-0.103434,5.43411e+06
5.89576,0.103434,5.34721e+06
5.89576,0.310303,5.26168e+06
5.89576,0.517172,5.17752e+06
5.89576,0.72404,5.09477e+06
5.89576,0.930909,5.01344e+06
5.89576,1.13778,4.93359e+06
5.89576,1.34465,4.85525e+06
5.89576,1.55152,4.77844e+06
5.89576,1.75838,4.70315e+06
5.89576,1.96525,4.62939e+06
5.89576,2.17212,4.55714e+06
5.89576,2.37899,4.48639e+06
5.89576,2.58586,4.41722e+06
5.89576,2.79273,4.34987e+06
5.89576,2.9996,4.28479e+06
5.89576,3.20646,4.22288e+06
5.89576,3.41333,4.16559e+06
5.89576,3.6202,4.11524e+06
5.89576,3.82707,4.07533e+06
5.89576,4.03394,4.0509e+06
5.89576,4.24081,4.04905e+06
5.89576,4.44768,4.07949e+06
5.89576,4.65455,4.15526e+06
5.89576,4.86141,4.29354e+06
5.89576,5.06828,4.51656e+06
5.89576,5.27515,4.85275e+06
5.89576,5.48202,5.338e+06
5.89576,5.68889,6.01707e+06
5.89576,5.89576,6.94526e+06
5.89576,6.10263,8.19027e+06
5.89576,6.30949,9.83428e+06
5.89576,6.51636,1.19763e+07
5.89576,6.72323,1.47347e+07
5.89576,6.9301,1.82503e+07
5.89576,7.13697,2.26893e+07
5.89576,7.34384,2.82469e+07
5.89576,7.55071,3.51515e+07
5.89576,7.75758,4.36683e+07
5.89576,7.96444,5.41045e+07
5.89576,8.17131,6.68141e+07
5.89576,8.37818,8.22037e+07
5.89576,8.58505,1.00738e+08
5.89576,8.79192,1.22946e+08
5.89576,8.99879,1.4943e+08
5.89576,9.20566,1.80871e+08
5.89576,9.41253,2.18036e+08
5.89576,9.61939,2.61789e+08
5.89576,9.82626,3.13101e+08
5.89576,10.0331,3.73057e+08
5.89576,10.24,4.42867e+08
6.10263,-10.24,6.91726e+08
6.10263,-10.0331,5.90249e+08
6.10263,-9.82626,5.0228e+08
6.10263,-9.61939,4.26246e+08
6.10263,-9.41253,3.6073e+08
6.10263,-9.20566,3.04459e+08
6.10263,-8.99879,2.56288e+08
6.10263,-8.79192,2.15196e+08
6.10263,-8.58505,1.80269e+08
6.10263,-8.37818,1.50694e+08
6.10263,-8.17131,1.25749e+08
6.10263,-7.96444,1.04797e+08
6.10263,-7.75758,8.72717e+07
6.10263,-7.55071,7.26788e+07
6.10263,-7.34384,6.05831e+07
6.10263,-7.13697,5.0605e+07
6.10263,-6.9301,4.24141e+07
6.10263,-6.72323,3.57243e+07
6.10263,-6.51636,3.02885e+07
6.10263,-6.30949,2.58944e+07
6.10263,-6.10263,2.23608e+07
6.10263,-5.89576,1.95335e+07
6.10263,-5.68889,1.72819e+07
6.10263,-5.48202,1.54964e+07
6.10263,-5.27515,1.40855e+07
6.10263,-5.06828,1.29731e+07
6.10263,-4.86141,1.20966e+07
6.10263,-4.65455,1.14048e+07
6.10263,-4.44768,1.08564e+07
6.10263,-4.24081,1.04179e+07
6.10263,-4.03394,1.00631e+07
6.10263,-3.82707,9.77121e+06
6.10263,-3.6202,9.52603e+06
6.10263,-3.41333,9.31526e+06
6.10263,-3.20646,9.1296e+06
6.10263,-2.9996,8.96214e+06
6.10263,-2.79273,8.80783e+06
6.10263,-2.58586,8.66306e+06
6.10263,-2.37899,8.52529e+06
6.10263,-2.17212,8.3928e+06
6.10263,-1.96525,8.2644e+06
6.10263,-1.75838,8.13933e+06
6.10263,-1.55152,8.01705e+06
6.10263,-1.34465,7.89723e+06
6.10263,-1.13778,7.77964e+06
6.10263,-0.930909,7.66408e+06
6.10263,-0.72404,7.55045e+06
6.10263,-0.517172,7.43861e+06
6.10263,-0.310303,7.32849e+06
6.10263,-0.103434,7.22001e+06
6.10263,0.103434,7.11313e+06
6.10263,0.310303,7.00784e+06
6.10263,0.517172,6.90413e+06
6.10263,0.72404,6.80203e+06
6.10263,0.930909,6.70158e+06
6.10263,1.13778,6.60282e+06
6.10263,1.34465,6.50579e+06
6.10263,1.55152,6.41052e+06
6.10263,1.75838,6.31701e+06
6.10263,1.96525,6.22525e+06
6.10263,2.17212,6.13524e+06
6.10263,2.37899,6.04695e+06
6.10263,2.58586,5.96047e+06
6.10263,2.79273,5.876e+06
6.10263,2.9996,5.79399e+06
6.10263,3.20646,5.71528e+06
6.10263,3.41333,5.64131e+06
6.10263,3.6202,5.57433e+06
6.10263,3.82707,5.51776e+06
6.10263,4.03394,5.47657e+06
6.10263,4.24081,5.45775e+06
6.10263,4.44768,5.47089e+06
6.10263,4.65455,5.52888e+06
6.10263,4.86141,5.64871e+06
6.10263,5.06828,5.85244e+06
6.10263,5.27515,6.16826e+06
6.10263,5.48202,6.63177e+06
6.10263,5.68889,7.28745e+06
6.10263,5.89576,8.19027e+06
6.10263,6.10263,9.40753e+06
6.10263,6.30949,1.1021e+07
6.10263,6.51636,1.31292e+07
6.10263,6.72323,1.58499e+07
6.10263,6.9301,1.93235e+07
6.10263,7.13697,2.37153e+07
6.10263,7.34384,2.92201e+07
6.10263,7.55071,3.60653e+07
6.10263,7.75758,4.45153e+07
6.10263,7.96444,5.48764e+07
6.10263,8.17131,6.75016e+07
6.10263,8.37818,8.27964e+07
6.10263,8.58505,1.01224e+08
6.10263,8.79192,1.23313e+08
6.10263,8.99879,1.49664e+08
6.10263,9.20566,1.80955e+08
6.10263,9.41253,2.17953e+08
6.10263,9.61939,2.61521e+08
6.10263,9.82626,3.12627e+08
6.10263,10.0331,3.72353e+08
6.10263,10.24,4.4191e+08
6.30949,-10.24,6.93518e+08
6.30949,-10.0331,5.92247e+08
6.30949,-9.82626,5.04458e+08
6.30949,-9.61939,4.28582e+08
6.30949,-9.41253,3.63203e+08
6.30949,-9.20566,3.0705e+08
6.30949,-8.99879,2.5898e+08
6.30949,-8.79192,2.17974e+08
6.30949,-8.58505,1.83118e+08
6.30949,-8.37818,1.53602e+08
6.30949,-8.17131,1.28705e+08
6.30949,-7.96444,1.0779e+08
6.30949,-7.75758,9.02931e+07
6.30949,-7.55071,7.57201e+07
6.30949,-7.34384,6.36371e+07
6.30949,-7.13697,5.36654e+07
6.30949,-6.9301,4.54753e+07
6.30949,-6.72323,3.87813e+07
6.30949,-6.51636,3.33371e+07
6.30949,-6.30949,2.89309e+07
6.30949,-6.10263,2.53821e+07
6.30949,-5.89576,2.25368e+07
6.30949,-5.68889,2.02651e+07
6.30949,-5.48202,1.84576e+07
6.30949,-5.27515,1.70231e+07
6.30949,-5.06828,1.58858e+07
6.30949,-4.86141,1.49835e+07
6.30949,-4.65455,1.42652e+07
6.30949,-4.44768,1.36896e+07
6.30949,-4.24081,1.32237e+07
6.30949,-4.03394,1.28412e+07
6.30949,-3.82707,1.25213e+07
6.30949,-3.6202,1.22483e+07
6.30949,-3.41333,1.20097e+07
6.30949,-3.20646,1.17963e+07
6.30949,-2.9996,1.16013e+07
6.30949,-2.79273,1.14197e+07
6.30949,-2.58586,1.12478e+07
6.30949,-2.37899,1.10833e+07
6.30949,-2.17212,1.09242e+07
6.30949,-1.96525,1.07696e+07
6.30949,-1.75838,1.06185e+07
6.30949,-1.55152,1.04706e+07
6.30949,-1.34465,1.03254e+07
6.30949,-1.13778,1.01826e+07
6.30949,-0.930909,1.00422e+07
6.30949,-0.72404,9.90392e+06
6.30949,-0.517172,9.76771e+06
6.30949,-0.310303,9.63345e+06
6.30949,-0.103434,9.50107e+06
6.30949,0.103434,9.37053e+06
6.30949,0.310303,9.24181e+06
6.30949,0.517172,9.1149e+06
6.30949,0.72404,8.98984e+06
6.30949,0.930909,8.86666e+06
6.30949,1.13778,8.74542e+06
6.30949,1.34465,8.62616e+06
6.30949,1.55152,8.50891e+06
6.30949,1.75838,8.39367e+06
6.30949,1.96525,8.28045e+06
6.30949,2.17212,8.16922e+06
6.30949,2.37899,8.05997e+06
6.30949,2.58586,7.95278e+06
6.30949,2.79273,7.84782e+06
6.30949,2.9996,7.74554e+06
6.30949,3.20646,7.64673e+06
6.30949,3.41333,7.55278e+06
6.30949,3.6202,7.46592e+06
6.30949,3.82707,7.38947e+06
6.30949,4.03394,7.32833e+06
6.30949,4.24081,7.28938e+06
6.30949,4.44768,7.28209e+06
6.30949,4.65455,7.31921e+06
6.30949,4.86141,7.41756e+06
6.30949,5.06828,7.59897e+06
6.30949,5.27515,7.89144e+06
6.30949,5.48202,8.33029e+06
6.30949,5.68889,8.95969e+06
6.30949,5.89576,9.83428e+06
6.30949,6.10263,1.1021e+07
6.30949,6.30949,1.26011e+07
6.30949,6.51636,1.46728e+07
6.30949,6.72323,1.73532e+07
6.30949,6.9301,2.07821e+07
6.30949,7.13697,2.51243e+07
6.30949,7.34384,3.05738e+07
6.30949,7.55071,3.73571e+07
6.30949,7.75758,4.57379e+07
6.30949,7.96444,5.60216e+07
6.30949,8.17131,6.85602e+07
6.30949,8.37818,8.37578e+07
6.30949,8.58505,1.02077e+08
6.30949,8.79192,1.24045e+08
6.30949,8.99879,1.5026e+08
6.30949,9.20566,1.814e+08
6.30949,9.41253,2.1823e+08
6.30949,9.61939,2.6161e+08
6.30949,9.82626,3.12508e+08
6.30949,10.0331,3.72003e+08
6.30949,10.24,4.41304e+08
6.51636,-10.24,6.96171e+08
6.51636,-10.0331,5.95098e+08
6.51636,-9.82626,5.07483e+08
6.51636,-9.61939,4.31758e+08
6.51636,-9.41253,3.6651e+08
6.51636,-9.20566,3.10469e+08
6.51636,-8.99879,2.62495e+08
6.51636,-8.79192,2.21568e+08
6.51636,-8.58505,1.86778e+08
6.51636,-8.37818,1.57315e+08
6.51636,-8.17131,1.3246e+08
6.51636,-7.96444,1.11576e+08
6.51636,-7.75758,9.41016e+07
6.51636,-7.55071,7.95429e+07
6.51636,-7.34384,6.74671e+07
6.51636,-7.13697,5.74962e+07
6.51636,-6.9301,4.93014e+07
6.51636,-6.72323,4.25979e+07
6.51636,-6.51636,3.71399e+07
6.51636,-6.30949,3.27164e+07
6.51636,-6.10263,2.91471e+07
6.51636,-5.89576,2.62787e+07
6.51636,-5.68889,2.39817e+07
6.51636,-5.48202,2.2147e+07
6.51636,-5.27515,2.06839e+07
6.51636,-5.06828,1.95168e+07
6.51636,-4.86141,1.85838e+07
6.51636,-4.65455,1.7834e+07
6.51636,-4.44768,1.72264e+07
6.51636,-4.24081,1.67282e+07
6.51636,-4.03394,1.63131e+07
6.51636,-3.82707,1.59606e+07
6.51636,-3.6202,1.5655e+07
6.51636,-3.41333,1.53838e+07
6.51636,-3.20646,1.51381e+07
6.51636,-2.9996,1.4911e+07
6.51636,-2.79273,1.46974e+07
6.51636,-2.58586,1.44939e+07
6.51636,-2.37899,1.4298e+07
6.51636,-2.17212,1.4108e+07
6.51636,-1.96525,1.39226e+07
6.51636,-1.75838,1.37411e+07
6.51636,-1.55152,1.35631e+07
6.51636,-1.34465,1.3388e+07
6.51636,-1.13778,1.32158e+07
6.51636,-0.930909,1.30461e+07
6.51636,-0.72404,1.28789e+07
6.51636,-0.517172,1.2714e+07
6.51636,-0.310303,1.25514e+07
6.51636,-0.103434,1.23909e+07
6.51636,0.103434,1.22324e+07
6.51636,0.310303,1.20761e+07
6.51636,0.517172,1.19218e+07
6.51636,0.72404,1.17697e+07
6.51636,0.930909,1.16197e+07
6.51636,1.13778,1.14718e+07
6.51636,1.34465,1.13263e+07
6.51636,1.55152,1.1183e+07
6.51636,1.75838,1.1042e+07
6.51636,1.96525,1.09034e+07
6.51636,2.17212,1.0767e+07
6.51636,2.37899,1.06328e+07
6.51636,2.58586,1.0501e+07
6.51636,2.79273,1.03717e+07
6.51636,2.9996,1.02453e+07
6.51636,3.20646,1.01226e+07
6.51636,3.41333,1.00049e+07
6.51636,3.6202,9.89437e+06
6.51636,3.82707,9.79433e+06
6.51636,4.03394,9.70956e+06
6.51636,4.24081,9.64683e+06
6.51636,4.44768,9.6155e+06
6.51636,4.65455,9.62817e+06
6.51636,4.86141,9.70148e+06
6.51636,5.06828,9.85709e+06
6.51636,5.27515,1.01227e+07
6.51636,5.48202,1.05335e+07
6.51636,5.68889,1.11333e+07
6.51636,5.89576,1.19763e+07
6.51636,6.10263,1.31292e+07
6.51636,6.30949,1.46728e+07
6.51636,6.51636,1.67047e+07
6.51636,6.72323,1.93417e+07
6.51636,6.9301,2.27228e+07
6.51636,7.13697,2.70123e+07
6.51636,7.34384,3.24035e+07
6.51636,7.55071,3.9122e+07
6.51636,7.75758,4.74308e+07
6.51636,7.96444,5.76343e+07
6.51636,8.17131,7.00835e+07
6.51636,8.37818,8.51815e+07
6.51636,8.58505,1.0339e+08
6.51636,8.79192,1.25234e+08
6.51636,8.99879,1.51311e+08
6.51636,9.20566,1.82297e+08
6.51636,9.41253,2.18956e+08
6.51636,9.61939,2.62147e+08
6.51636,9.82626,3.12834e+08
6.51636,10.0331,3.72097e+08
6.51636,10.24,4.41141e+08
6.72323,-10.24,6.9985e+08
6.72323,-10.0331,5.98968e+08
6.72323,-9.82626,5.1152e+08
6.72323,-9.61939,4.35939e+08
6.72323,-9.41253,3.70815e+08
6.72323,-9.20566,3.14879e+08
6.72323,-8.99879,2.66993e+08
6.72323,-8.79192,2.26139e+08
6.72323,-8.58505,1.91408e+08
6.72323,-8.37818,1.61992e+08
6.72323,-8.17131,1.37172e+08
6.72323,-7.96444,1.16313e+08
6.72323,-7.75758,9.88544e+07
6.72323,-7.55071,8.43038e+07
6.72323,-7.34384,7.2229e+07
6.72323,-7.13697,6.22528e+07
6.72323,-6.9301,5.40472e+07
6.72323,-6.72323,4.73281e+07
6.72323,-6.51636,4.18504e+07
6.72323,-6.30949,3.74036e+07
6.72323,-6.10263,3.38079e+07
6.72323,-5.89576,3.09106e+07
6.72323,-5.68889,2.85825e+07
6.72323,-5.48202,2.6715e+07
6.72323,-5.27515,2.52176e+07
6.72323,-5.06828,2.40151e+07
6.72323,-4.86141,2.30457e+07
6.72323,-4.65455,2.22589e+07
6.72323,-4.44768,2.16139e+07
6.72323,-4.24081,2.10778e+07
6.72323,-4.03394,2.06248e+07
6.72323,-3.82707,2.02344e+07
6.72323,-3.6202,1.98908e+07
6.72323,-3.41333,1.95818e+07
6.72323,-3.20646,1.92985e+07
6.72323,-2.9996,1.90339e+07
6.72323,-2.79273,1.87833e+07
6.72323,-2.58586,1.8543e+07
6.72323,-2.37899,1.83106e+07
6.72323,-2.17212,1.80844e+07
6.72323,-1.96525,1.78632e+07
6.72323,-1.75838,1.76463e+07
6.72323,-1.55152,1.74331e+07
6.72323,-1.34465,1.72233e+07
6.72323,-1.13778,1.70166e+07
6.72323,-0.930909,1.68128e+07
6.72323,-0.72404,1.66117e+07
6.72323,-0.517172,1.64133e+07
6.72323,-0.310303,1.62174e+07
6.72323,-0.103434,1.60239e+07
6.72323,0.103434,1.58329e+07
6.72323,0.310303,1.56441e+07
6.72323,0.517172,1.54577e+07
6.72323,0.72404,1.52738e+07
6.72323,0.930909,1.50922e+07
6.72323,1.13778,1.49132e+07
6.72323,1.34465,1.47367e+07
6.72323,1.55152,1.45628e+07
6.72323,1.75838,1.43915e+07
6.72323,1.96525,1.42228e+07
6.72323,2.17212,1.40567e+07
6.72323,2.37899,1.38932e+07
6.72323,2.58586,1.37323e+07
6.72323,2.79273,1.35742e+07
6.72323,2.9996,1.34193e+07
6.72323,3.20646,1.32683e+07
6.72323,3.41333,1.31225e+07
6.72323,3.6202,1.29841e+07
6.72323,3.82707,1.28562e+07
6.72323,4.03394,1.27435e+07
6.72323,4.24081,1.26528e+07
6.72323,4.44768,1.25933e+07
6.72323,4.65455,1.25774e+07
6.72323,4.86141,1.26216e+07
6.72323,5.06828,1.27473e+07
6.72323,5.27515,1.29822e+07
6.72323,5.48202,1.33609e+07
6.72323,5.68889,1.39271e+07
6.72323,5.89576,1.47347e+07
6.72323,6.10263,1.58499e+07
6.72323,6.30949,1.73532e+07
6.72323,6.51636,1.93417e+07
6.72323,6.72323,2.19316e+07
6.72323,6.9301,2.52614e+07
6.72323,7.13697,2.94947e+07
6.72323,7.34384,3.4824e+07
6.72323,7.55071,4.14744e+07
6.72323,7.75758,4.97078e+07
6.72323,7.96444,5.98278e+07
6.72323,8.17131,7.21843e+07
6.72323,8.37818,8.71795e+07
6.72323,8.58505,1.05273e+08
6.72323,8.79192,1.2699e+08
6.72323,8.99879,1.52927e+08
6.72323,9.20566,1.83757e+08
6.72323,9.41253,2.20242e+08
6.72323,9.61939,2.63241e+08
6.72323,9.82626,3.13715e+08
6.72323,10.0331,3.72743e+08
6.72323,10.24,4.41526e+08
6.9301,-10.24,7.04747e+08
6.9301,-10.0331,6.04048e+08
6.9301,-9.82626,5.16759e+08
6.9301,-9.61939,4.41314e+08
6.9301,-9.41253,3.76306e+08
6.9301,-9.20566,3.20468e+08
6.9301,-8.99879,2.72663e+08
6.9301,-8.79192,2.31874e+08
6.9301,-8.58505,1.97195e+08
6.9301,-8.37818,1.67817e+08
6.9301,-8.17131,1.43025e+08
6.9301,-7.96444,1.22184e+08
6.9301,-7.75758,1.04735e+08
6.9301,-7.55071,9.01855e+07
6.9301,-7.34384,7.81047e+07
6.9301,-7.13697,6.81163e+07
6.9301,-6.9301,5.98932e+07
6.9301,-6.72323,5.31518e+07
6.9301,-6.51636,4.76476e+07
6.9301,-6.30949,4.31709e+07
6.9301,-6.10263,3.95424e+07
6.9301,-5.89576,3.66097e+07
6.9301,-5.68889,3.42441e+07
6.9301,-5.48202,3.23373e+07
6.9301,-5.27515,3.07993e+07
6.9301,-5.06828,2.9555e+07
6.9301,-4.86141,2.8543e+07
6.9301,-4.65455,2.7713e+07
6.9301,-4.44768,2.70244e+07
6.9301,-4.24081,2.64444e+07
6.9301,-4.03394,2.59473e+07
6.9301,-3.82707,2.55129e+07
6.9301,-3.6202,2.51253e+07
6.9301,-3.41333,2.47726e+07
6.9301,-3.20646,2.44456e+07
6.9301,-2.9996,2.41378e+07
6.9301,-2.79273,2.38442e+07
6.9301,-2.58586,2.35613e+07
6.9301,-2.37899,2.32867e+07
6.9301,-2.17212,2.30186e+07
6.9301,-1.96525,2.27559e+07
6.9301,-1.75838,2.24978e+07
6.9301,-1.55152,2.22438e+07
6.9301,-1.34465,2.19936e+07
6.9301,-1.13778,2.17468e+07
6.9301,-0.930909,2.15033e+07
6.9301,-0.72404,2.12628e+07
6.9301,-0.517172,2.10253e+07
6.9301,-0.310303,2.07907e+07
6.9301,-0.103434,2.05588e+07
6.9301,0.103434,2.03296e+07
6.9301,0.310303,2.01031e+07
6.9301,0.517172,1.98793e+07
6.9301,0.72404,1.96581e+07
6.9301,0.930909,1.94397e+07
6.9301,1.13778,1.92242e+07
6.9301,1.34465,1.90115e+07
6.9301,1.55152,1.88017e+07
6.9301,1.75838,1.85949e+07
6.9301,1.96525,1.83911e+07
6.9301,2.17212,1.81902e+07
6.9301,2.37899,1.79921e+07
6.9301,2.58586,1.77971e+07
6.9301,2.79273,1.76052e+07
6.9301,2.9996,1.74167e+07
6.9301,3.20646,1.72324e+07
6.9301,3.41333,1.70536e+07
6.9301,3.6202,1.68823e+07
6.9301,3.82707,1.67216e+07
6.9301,4.03394,1.65763e+07
6.9301,4.24081,1.64528e+07
6.9301,4.44768,1.63603e+07
6.9301,4.65455,1.63111e+07
6.9301,4.86141,1.63216e+07
6.9301,5.06828,1.64128e+07
6.9301,5.27515,1.66123e+07
6.9301,5.48202,1.69544e+07
6.9301,5.68889,1.74826e+07
6.9301,5.89576,1.82503e+07
6.9301,6.10263,1.93235e+07
6.9301,6.30949,2.07821e+07
6.9301,6.51636,2.27228e+07
6.9301,6.72323,2.52614e+07
6.9301,6.9301,2.85356e+07
6.9301,7.13697,3.27086e+07
6.9301,7.34384,3.7972e+07
6.9301,7.55071,4.45502e+07
6.9301,7.75758,5.27043e+07
6.9301,7.96444,6.27369e+07
6.9301,8.17131,7.49971e+07
6.9301,8.37818,8.98857e+07
6.9301,8.58505,1.07862e+08
6.9301,8.79192,1.29448e+08
6.9301,8.99879,1.5524e+08
6.9301,9.20566,1.8591e+08
6.9301,9.41253,2.22219e+08
6.9301,9.61939,2.65022e+08
6.9301,9.82626,3.15281e+08
6.9301,10.0331,3.7407e+08
6.9301,10.24,4.4259e+08
7.13697,-10.24,7.11083e+08
7.13697,-10.0331,6.10559e+08
7.13697,-9.82626,5.2342e+08
7.13697,-9.61939,4.48103e+08
7.13697,-9.41253,3.83203e+08
7.13697,-9.20566,3.27454e+08
7.13697,-8.99879,2.79721e+08
7.13697,-8.79192,2.3899e+08
7.13697,-8.58505,2.04354e+08
7.13697,-8.37818,1.75008e+08
7.13697,-8.17131,1.50235e+08
7.13697,-7.96444,1.29405e+08
7.13697,-7.75758,1.11956e+08
7.13697,-7.55071,9.74002e+07
7.13697,-7.34384,8.53057e+07
7.13697,-7.13697,7.52976e+07
7.13697,-6.9301,6.70493e+07
7.13697,-6.72323,6.0278e+07
7.13697,-6.51636,5.47401e+07
7.13697,-6.30949,5.02261e+07
7.13697,-6.10263,4.65574e+07
7.13697,-5.89576,4.3582e+07
7.13697,-5.68889,4.11716e+07
7.13697,-5.48202,3.92185e+07
7.13697,-5.27515,3.76327e+07
7.13697,-5.06828,3.63397e+07
7.13697,-4.86141,3.52781e+07
7.13697,-4.65455,3.43979e+07
7.13697,-4.44768,3.36587e+07
7.13697,-4.24081,3.3028e+07
7.13697,-4.03394,3.24801e+07
7.13697,-3.82707,3.19948e+07
7.13697,-3.6202,3.15565e+07
7.13697,-3.41333,3.11533e+07
7.13697,-3.20646,3.07762e+07
7.13697,-2.9996,3.04185e+07
7.13697,-2.79273,3.00753e+07
7.13697,-2.58586,2.97432e+07
7.13697,-2.37899,2.94198e+07
7.13697,-2.17212,2.91033e+07
7.13697,-1.96525,2.87927e+07
7.13697,-1.75838,2.8487e+07
7.13697,-1.55152,2.81859e+07
7.13697,-1.34465,2.78889e+07
7.13697,-1.13778,2.75957e+07
7.13697,-0.930909,2.73062e+07
7.13697,-0.72404,2.70201e+07
7.13697,-0.517172,2.67373e+07
7.13697,-0.310303,2.64578e+07
7.13697,-0.103434,2.61813e+07
7.13697,0.103434,2.59079e+07
7.13697,0.310303,2.56374e+07
7.13697,0.517172,2.537e+07
7.13697,0.72404,2.51057e+07
7.13697,0.930909,2.48445e+07
7.13697,1.13778,2.45864e+07
7.13697,1.34465,2.43316e+07
7.13697,1.55152,2.40801e+07
7.13697,1.75838,2.38319e+07
7.13697,1.96525,2.3587e+07
7.13697,2.17212,2.33454e+07
7.13697,2.37899,2.31071e+07
7.13697,2.58586,2.28721e+07
7.13697,2.79273,2.26406e+07
7.13697,2.9996,2.24129e+07
7.13697,3.20646,2.21897e+07
7.13697,3.41333,2.19723e+07
7.13697,3.6202,2.17625e+07
7.13697,3.82707,2.15636e+07
7.13697,4.03394,2.13801e+07
7.13697,4.24081,2.12183e+07
7.13697,4.44768,2.10875e+07
7.13697,4.65455,2.09996e+07
7.13697,4.86141,2.09709e+07
7.13697,5.06828,2.10224e+07
7.13697,5.27515,2.11812e+07
7.13697,5.48202,2.14816e+07
7.13697,5.68889,2.19665e+07
7.13697,5.89576,2.26893e+07
7.13697,6.10263,2.37153e+07
7.13697,6.30949,2.51243e+07
7.13697,6.51636,2.70123e+07
7.13697,6.72323,2.94947e+07
7.13697,6.9301,3.27086e+07
7.13697,7.13697,3.68164e+07
7.13697,7.34384,4.20093e+07
7.13697,7.55071,4.85107e+07
7.13697,7.75758,5.65809e+07
7.13697,7.96444,6.65216e+07
7.13697,8.17131,7.86809e+07
7.13697,8.37818,9.34585e+07
7.13697,8.58505,1.11312e+08
7.13697,8.79192,1.32764e+08
7.13697,8.99879,1.58407e+08
7.13697,9.20566,1.88914e+08
7.13697,9.41253,2.25042e+08
7.13697,9.61939,2.67646e+08
7.13697,9.82626,3.17684e+08
7.13697,10.0331,3.76231e+08
7.13697,10.24,4.44485e+08
7.34384,-10.24,7.19117e+08
7.34384,-10.0331,6.18757e+08
7.34384,-9.82626,5.31758e+08
7.34384,-9.61939,4.5656e+08
7.34384,-9.41253,3.91758e+08
7.34384,-9.20566,3.36089e+08
7.34384,-8.99879,2.88419e+08
7.34384,-8.79192,2.47736e+08
7.34384,-8.58505,2.13135e+08
7.34384,-8.37818,1.83811e+08
7.34384,-8.17131,1.5905e+08
7.34384,-7.96444,1.3822e+08
7.34384,-7.75758,1.20765e+08
7.34384,-7.55071,1.06193e+08
7.34384,-7.34384,9.40766e+07
7.34384,-7.13697,8.40403e+07
7.34384,-6.9301,7.57585e+07
7.34384,-6.72323,6.89491e+07
7.34384,-6.51636,6.33691e+07
7.34384,-6.30949,5.88097e+07
7.34384,-6.10263,5.50926e+07
7.34384,-5.89576,5.20664e+07
7.34384,-5.68889,4.96034e+07
7.34384,-5.48202,4.75959e+07
7.34384,-5.27515,4.59545e+07
7.34384,-5.06828,4.46048e+07
7.34384,-4.86141,4.34858e+07
7.34384,-4.65455,4.25477e+07
7.34384,-4.44768,4.17502e+07
7.34384,-4.24081,4.10611e+07
7.34384,-4.03394,4.04547e+07
7.34384,-3.82707,3.9911e+07
7.34384,-3.6202,3.94145e+07
7.34384,-3.41333,3.89533e+07
7.34384,-3.20646,3.85185e+07
7.34384,-2.9996,3.81035e+07
7.34384,-2.79273,3.77034e+07
7.34384,-2.58586,3.73148e+07
7.34384,-2.37899,3.69353e+07
7.34384,-2.17212,3.65632e+07
7.34384,-1.96525,3.61973e+07
7.34384,-1.75838,3.58369e+07
7.34384,-1.55152,3.54815e+07
7.34384,-1.34465,3.51305e+07
7.34384,-1.13778,3.47839e+07
7.34384,-0.930909,3.44413e+07
7.34384,-0.72404,3.41026e+07
7.34384,-0.517172,3.37675e+07
7.34384,-0.310303,3.34361e+07
7.34384,-0.103434,3.31081e+07
7.34384,0.103434,3.27835e+07
7.34384,0.310303,3.24623e+07
7.34384,0.517172,3.21446e+07
7.34384,0.72404,3.18302e+07
7.34384,0.930909,3.15194e+07
7.34384,1.13778,3.12121e+07
7.34384,1.34465,3.09084e+07
7.34384,1.55152,3.06084e+07
7.34384,1.75838,3.03122e+07
7.34384,1.96525,3.00197e+07
7.34384,2.17212,2.97308e+07
7.34384,2.37899,2.94457e+07
7.34384,2.58586,2.91644e+07
7.34384,2.79273,2.88868e+07
7.34384,2.9996,2.86135e+07
7.34384,3.20646,2.8345e+07
7.34384,3.41333,2.80825e+07
7.34384,3.6202,2.7828e+07
7.34384,3.82707,2.75846e+07
7.34384,4.03394,2.73566e+07
7.34384,4.24081,2.71504e+07
7.34384,4.44768,2.6975e+07
7.34384,4.65455,2.68424e+07
7.34384,4.86141,2.67685e+07
7.34384,5.06828,2.67742e+07
7.34384,5.27515,2.68864e+07
7.34384,5.48202,2.71391e+07
7.34384,5.68889,2.75749e+07
7.34384,5.89576,2.82469e+07
7.34384,6.10263,2.92201e+07
7.34384,6.30949,3.05738e+07
7.34384,6.51636,3.24035e+07
7.34384,6.72323,3.4824e+07
7.34384,6.9301,3.7972e+07
7.34384,7.13697,4.20093e+07
7.34384,7.34384,4.71261e+07
7.34384,7.55071,5.35454e+07
7.34384,7.75758,6.15265e+07
7.34384,7.96444,7.13701e+07
7.34384,8.17131,8.34234e+07
7.34384,8.37818,9.8085e+07
7.34384,8.58505,1.15812e+08
7.34384,8.79192,1.37124e+08
7.34384,8.99879,1.62614e+08
7.34384,9.20566,1.92951e+08
7.34384,9.41253,2.28894e+08
7.34384,9.61939,2.71294e+08
7.34384,9.82626,3.21108e+08
7.34384,10.0331,3.79409e+08
7.34384,10.24,4.47392e+08
7.55071,-10.24,7.29141e+08
7.55071,-10.0331,6.28936e+08
7.55071,-9.82626,5.42067e+08
7.55071,-9.61939,4.66977e+08
7.55071,-9.41253,4.02263e+08
7.55071,-9.20566,3.46664e+08
7.55071,-8.99879,2.99048e+08
7.55071,-8.79192,2.58402e+08
7.55071,-8.58505,2.23826e+08
7.55071,-8.37818,1.94514e+08
7.55071,-8.17131,1.69755e+08
7.55071,-7.96444,1.48917e+08
7.55071,-7.75758,1.31444e+08
7.55071,-7.55071,1.16848e+08
7.55071,-7.34384,1.047e+08
7.55071,-7.13697,9.46257e+07
7.55071,-6.9301,8.6301e+07
7.55071,-6.72323,7.94444e+07
7.55071,-6.51636,7.38131e+07
7.55071,-6.30949,6.91991e+07
7.55071,-6.10263,6.54247e+07
7.55071,-5.89576,6.23388e+07
7.55071,-5.68889,5.98141e+07
7.55071,-5.48202,5.77434e+07
7.55071,-5.27515,5.60376e+07
7.55071,-5.06828,5.46225e+07
7.55071,-4.86141,5.34374e+07
7.55071,-4.65455,5.24328e+07
7.55071,-4.44768,5.15684e+07
7.55071,-4.24081,5.08123e+07
7.55071,-4.03394,5.0139e+07
7.55071,-3.82707,4.95284e+07
7.55071,-3.6202,4.89653e+07
7.55071,-3.41333,4.84378e+07
7.55071,-3.20646,4.7937e+07
7.55071,-2.9996,4.74563e+07
7.55071,-2.79273,4.69911e+07
7.55071,-2.58586,4.65378e+07
7.55071,-2.37899,4.60941e+07
7.55071,-2.17212,4.56582e+07
7.55071,-1.96525,4.52291e+07
7.55071,-1.75838,4.48059e+07
7.55071,-1.55152,4.43881e+07
7.55071,-1.34465,4.39753e+07
7.55071,-1.13778,4.35672e+07
7.55071,-0.930909,4.31636e+07
7.55071,-0.72404,4.27644e+07
7.55071,-0.517172,4.23692e+07
7.55071,-0.310303,4.19781e+07
7.55071,-0.103434,4.15908e+07
7.55071,0.103434,4.12074e+07
7.55071,0.310303,4.08278e+07
7.55071,0.517172,4.04519e+07
7.55071,0.72404,4.008e+07
7.55071,0.930909,3.97119e+07
7.55071,1.13778,3.93478e+07
7.55071,1.34465,3.89877e+07
7.55071,1.55152,3.86318e+07
7.55071,1.75838,3.82801e+07
7.55071,1.96525,3.79325e+07
7.55071,2.17212,3.75891e+07
7.55071,2.37899,3.72498e+07
7.55071,2.58586,3.69147e+07
7.55071,2.79273,3.65839e+07
7.55071,2.9996,3.62576e+07
7.55071,3.20646,3.59366e+07
7.55071,3.41333,3.5622e+07
7.55071,3.6202,3.53157e+07
7.55071,3.82707,3.50206e+07
7.55071,4.03394,3.47411e+07
7.55071,4.24081,3.44835e+07
7.55071,4.44768,3.42567e+07
7.55071,4.65455,3.40724e+07
7.55071,4.86141,3.39464e+07
7.55071,5.06828,3.38996e+07
7.55071,5.27515,3.39584e+07
7.55071,5.48202,3.41567e+07
7.55071,5.68889,3.45368e+07
7.55071,5.89576,3.51515e+07
7.55071,6.10263,3.60653e+07
7.55071,6.30949,3.73571e+07
7.55071,6.51636,3.9122e+07
7.55071,6.72323,4.14744e+07
7.55071,6.9301,4.45502e+07
7.55071,7.13697,4.85107e+07
7.55071,7.34384,5.35454e+07
7.55071,7.55071,5.98764e+07
7.55071,7.75758,6.77623e+07
7.55071,7.96444,7.75029e+07
7.55071,8.17131,8.94443e+07
7.55071,8.37818,1.03984e+08
7.55071,8.58505,1.21578e+08
7.55071,8.79192,1.42745e+08
7.55071,8.99879,1.68076e+08
7.55071,9.20566,1.98239e+08
7.55071,9.41253,2.33991e+08
7.55071,9.61939,2.76182e+08
7.55071,9.82626,3.25767e+08
7.55071,10.0331,3.83816e+08
7.55071,10.24,4.51523e+08
7.75758,-10.24,7.41495e+08
7.75758,-10.0331,6.41432e+08
7.75758,-9.82626,5.54682e+08
7.75758,-9.61939,4.79689e+08
7.75758,-9.41253,4.15052e+08
7.75758,-9.20566,3.59511e+08
7.75758,-8.99879,3.11937e+08
7.75758,-8.79192,2.71319e+08
7.75758,-8.58505,2.36756e+08
7.75758,-8.37818,2.07446e+08
7.75758,-8.17131,1.82678e+08
7.75758,-7.96444,1.61821e+08
7.75758,-7.75758,1.4432e+08
7.75758,-7.55071,1.29689e+08
7.75758,-7.34384,1.17498e+08
7.75758,-7.13697,1.07377e+08
7.75758,-6.9301,9.8999e+07
7.75758,-6.72323,9.20848e+07
7.75758,-6.51636,8.63922e+07
7.75758,-6.30949,8.17136e+07
7.75758,-6.10263,7.78718e+07
7.75758,-5.89576,7.47163e+07
7.75758,-5.68889,7.212e+07
7.75758,-5.48202,6.99764e+07
7.75758,-5.27515,6.81963e+07
7.75758,-5.06828,6.67061e+07
7.75758,-4.86141,6.54453e+07
7.75758,-4.65455,6.43645e+07
7.75758,-4.44768,6.34238e+07
7.75758,-4.24081,6.25912e+07
7.75758,-4.03394,6.18414e+07
7.75758,-3.82707,6.11547e+07
7.75758,-3.6202,6.05155e+07
7.75758,-3.41333,5.99124e+07
7.75758,-3.20646,5.93363e+07
7.75758,-2.9996,5.87809e+07
7.75758,-2.79273,5.82413e+07
7.75758,-2.58586,5.77142e+07
7.75758,-2.37899,5.71971e+07
7.75758,-2.17212,5.66885e+07
7.75758,-1.96525,5.6187e+07
7.75758,-1.75838,5.5692e+07
7.75758,-1.55152,5.5203e+07
7.75758,-1.34465,5.47194e+07
7.75758,-1.13778,5.42411e+07
7.75758,-0.930909,5.37677e+07
7.75758,-0.72404,5.32991e+07
7.75758,-0.517172,5.28351e+07
7.75758,-0.310303,5.23756e+07
7.75758,-0.103434,5.19204e+07
7.75758,0.103434,5.14694e+07
7.75758,0.310303,5.10228e+07
7.75758,0.517172,5.05803e+07
7.75758,0.72404,5.01422e+07
7.75758,0.930909,4.97084e+07
7.75758,1.13778,4.9279e+07
7.75758,1.34465,4.88542e+07
7.75758,1.55152,4.8434e+07
7.75758,1.75838,4.80184e+07
7.75758,1.96525,4.76074e+07
7.75758,2.17212,4.72011e+07
7.75758,2.37899,4.67994e+07
7.75758,2.58586,4.64024e+07
7.75758,2.79273,4.60101e+07
7.75758,2.9996,4.56229e+07
7.75758,3.20646,4.52413e+07
7.75758,3.41333,4.48665e+07
7.75758,3.6202,4.45003e+07
7.75758,3.82707,4.41456e+07
7.75758,4.03394,4.38068e+07
7.75758,4.24081,4.349e+07
7.75758,4.44768,4.32038e+07
7.75758,4.65455,4.29601e+07
7.75758,4.86141,4.27744e+07
7.75758,5.06828,4.26673e+07
7.75758,5.27515,4.26652e+07
7.75758,5.48202,4.28015e+07
7.75758,5.68889,4.31184e+07
7.75758,5.89576,4.36683e+07
7.75758,6.10263,4.45153e+07
7.75758,6.30949,4.57379e+07
7.75758,6.51636,4.74308e+07
7.75758,6.72323,4.97078e+07
7.75758,6.9301,5.27043e+07
7.75758,7.13697,5.65809e+07
7.75758,7.34384,6.15265e+07
7.75758,7.55071,6.77623e+07
7.75758,7.75758,7.55461e+07
7.75758,7.96444,8.51769e+07
7.75758,8.17131,9.69997e+07
7.75758,8.37818,1.11411e+08
7.75758,8.58505,1.28865e+08
7.75758,8.79192,1.49881e+08
7.75758,8.99879,1.75046e+08
7.75758,9.20566,2.0503e+08
7.75758,9.41253,2.40584e+08
7.75758,9.61939,2.8256e+08
7.75758,9.82626,3.31909e+08
7.75758,10.0331,3.897e+08
7.75758,10.24,4.57126e+08
7.96444,-10.24,7.56564e+08
7.96444,-10.0331,6.56631e+08
7.96444,-9.82626,5.69987e+08
7.96444,-9.61939,4.95078e+08
7.96444,-9.41253,4.30506e+08
7.96444,-9.20566,3.75011e+08
7.96444,-8.99879,3.27467e+08
7.96444,-8.79192,2.86864e+08
7.96444,-8.58505,2.52303e+08
7.96444,-8.37818,2.22983e+08
7.96444,-8.17131,1.98193e+08
7.96444,-7.96444,1.77306e+08
7.96444,-7.75758,1.59766e+08
7.96444,-7.55071,1.45088e+08
7.96444,-7.34384,1.32844e+08
7.96444,-7.13697,1.22663e+08
7.96444,-6.9301,1.14221e+08
7.96444,-6.72323,1.07238e+08
7.96444,-6.51636,1.01473e+08
7.96444,-6.30949,9.67185e+07
7.96444,-6.10263,9.27983e+07
7.96444,-5.89576,8.95622e+07
7.96444,-5.68889,8.68835e+07
7.96444,-5.48202,8.4656e+07
7.96444,-5.27515,8.27909e+07
7.96444,-5.06828,8.12149e+07
7.96444,-4.86141,7.98677e+07
7.96444,-4.65455,7.87001e+07
7.96444,-4.44768,7.76725e+07
7.96444,-4.24081,7.67529e+07
7.96444,-4.03394,7.59162e+07
7.96444,-3.82707,7.51428e+07
7.96444,-3.6202,7.44173e+07
7.96444,-3.41333,7.37282e+07
7.96444,-3.20646,7.30666e+07
7.96444,-2.9996,7.24261e+07
7.96444,-2.79273,7.1802e+07
7.96444,-2.58586,7.11909e+07
7.96444,-2.37899,7.05904e+07
7.96444,-2.17212,6.99989e+07
7.96444,-1.96525,6.94151e+07
7.96444,-1.75838,6.88384e+07
7.96444,-1.55152,6.82681e+07
7.96444,-1.34465,6.77039e+07
7.96444,-1.13778,6.71455e+07
7.96444,-0.930909,6.65925e+07
7.96444,-0.72404,6.60448e+07
7.96444,-0.517172,6.55022e+07
7.96444,-0.310303,6.49645e+07
7.96444,-0.103434,6.44317e+07
7.96444,0.103434,6.39036e+07
7.96444,0.310303,6.33803e+07
7.96444,0.517172,6.28617e+07
7.96444,0.72404,6.23479e+07
7.96444,0.930909,6.18389e+07
7.96444,1.13778,6.13349e+07
7.96444,1.34465,6.08358e+07
7.96444,1.55152,6.03419e+07
7.96444,1.75838,5.98532e+07
7.96444,1.96525,5.93696e+07
7.96444,2.17212,5.88911e+07
7.96444,2.37899,5.84179e+07
7.96444,2.58586,5.79498e+07
7.96444,2.79273,5.74869e+07
7.96444,2.9996,5.70296e+07
7.96444,3.20646,5.65784e+07
7.96444,3.41333,5.61344e+07
7.96444,3.6202,5.56994e+07
7.96444,3.82707,5.52763e+07
7.96444,4.03394,5.48692e+07
7.96444,4.24081,5.44843e+07
7.96444,4.44768,5.41302e+07
7.96444,4.65455,5.38183e+07
7.96444,4.86141,5.35642e+07
7.96444,5.06828,5.33883e+07
7.96444,5.27515,5.33166e+07
7.96444,5.48202,5.33825e+07
7.96444,5.68889,5.36278e+07
7.96444,5.89576,5.41045e+07
7.96444,6.10263,5.48764e+07
7.96444,6.30949,5.60216e+07
7.96444,6.51636,5.76343e+07
7.96444,6.72323,5.98278e+07
7.96444,6.9301,6.27369e+07
7.96444,7.13697,6.65216e+07
7.96444,7.34384,7.13701e+07
7.96444,7.55071,7.75029e+07
7.96444,7.75758,8.51769e+07
7.96444,7.96444,9.46901e+07
7.96444,8.17131,1.06387e+08
7.96444,8.37818,1.20662e+08
7.96444,8.58505,1.3797e+08
7.96444,8.79192,1.58826e+08
7.96444,8.99879,1.83819e+08
7.96444,9.20566,2.13614e+08
7.96444,9.41253,2.48965e+08
7.96444,9.61939,2.90718e+08
7.96444,9.82626,3.39825e+08
7.96444,10.0331,3.97352e+08
7.96444,10.24,4.64489e+08
8.17131,-10.24,7.74787e+08
8.17131,-10.0331,6.7497e+08
8.17131,-9.82626,5.88418e+08
8.17131,-9.61939,5.13581e+08
8.17131,-9.41253,4.49059e+08
8.17131,-9.20566,3.93597e+08
8.17131,-8.99879,3.4607e+08
8.17131,-8.79192,3.05469e+08
8.17131,-8.58505,2.70897e+08
8.17131,-8.37818,2.41553e+08
8.17131,-8.17131,2.16729e+08
8.17131,-7.96444,1.95798e+08
8.17131,-7.75758,1.78207e+08
8.17131,-7.55071,1.63469e+08
8.17131,-7.34384,1.51159e+08
8.17131,-7.13697,1.40906e+08
8.17131,-6.9301,1.32387e+08
8.17131,-6.72323,1.25323e+08
8.17131,-6.51636,1.19473e+08
8.17131,-6.30949,1.14631e+08
8.17131,-6.10263,1.1062e+08
8.17131,-5.89576,1.07291e+08
8.17131,-5.68889,1.04518e+08
8.17131,-5.48202,1.02195e+08
8.17131,-5.27515,1.00233e+08
8.17131,-5.06828,9.85593e+07
8.17131,-4.86141,9.71139e+07
8.17131,-4.65455,9.58478e+07
8.17131,-4.44768,9.47215e+07
8.17131,-4.24081,9.37033e+07
8.17131,-4.03394,9.27681e+07
8.17131,-3.82707,9.18965e+07
8.17131,-3.6202,9.10732e+07
8.17131,-3.41333,9.02867e+07
8.17131,-3.20646,8.95282e+07
8.17131,-2.9996,8.87914e+07
8.17131,-2.79273,8.80715e+07
8.17131,-2.58586,8.73651e+07
8.17131,-2.37899,8.667e+07
8.17131,-2.17212,8.59844e+07
8.17131,-1.96525,8.53073e+07
8.17131,-1.75838,8.46377e+07
8.17131,-1.55152,8.39752e+07
8.17131,-1.34465,8.33194e+07
8.17131,-1.13778,8.26698e+07
8.17131,-0.930909,8.20264e+07
8.17131,-0.72404,8.13887e+07
8.17131,-0.517172,8.07567e+07
8.17131,-0.310303,8.01302e+07
8.17131,-0.103434,7.9509e+07
8.17131,0.103434,7.88931e+07
8.17131,0.310303,7.82825e+07
8.17131,0.517172,7.76771e+07
8.17131,0.72404,7.7077e+07
8.17131,0.930909,7.64823e+07
8.17131,1.13778,7.58931e+07
8.17131,1.34465,7.53094e+07
8.17131,1.55152,7.47314e+07
8.17131,1.75838,7.41591e+07
8.17131,1.96525,7.35926e+07
8.17131,2.17212,7.30317e+07
8.17131,2.37899,7.24766e+07
8.17131,2.58586,7.19272e+07
8.17131,2.79273,7.13837e+07
8.17131,2.9996,7.08461e+07
8.17131,3.20646,7.03153e+07
8.17131,3.41333,6.97921e+07
8.17131,3.6202,6.92783e+07
8.17131,3.82707,6.87768e+07
8.17131,4.03394,6.82916e+07
8.17131,4.24081,6.78289e+07
8.17131,4.44768,6.73969e+07
8.17131,4.65455,6.70072e+07
8.17131,4.86141,6.66751e+07
8.17131,5.06828,6.64206e+07
8.17131,5.27515,6.62699e+07
8.17131,5.48202,6.62559e+07
8.17131,5.68889,6.642e+07
8.17131,5.89576,6.68141e+07
8.17131,6.10263,6.75016e+07
8.17131,6.30949,6.85602e+07
8.17131,6.51636,7.00835e+07
8.17131,6.72323,7.21843e+07
8.17131,6.9301,7.49971e+07
8.17131,7.13697,7.86809e+07
8.17131,7.34384,8.34234e+07
8.17131,7.55071,8.94443e+07
8.17131,7.75758,9.69997e+07
8.17131,7.96444,1.06387e+08
8.17131,8.17131,1.17948e+08
8.17131,8.37818,1.32079e+08
8.17131,8.58505,1.49232e+08
8.17131,8.79192,1.6992e+08
8.17131,8.99879,1.94732e+08
8.17131,9.20566,2.24332e+08
8.17131,9.41253,2.59471e+08
8.17131,9.61939,3.00993e+08
8.17131,9.82626,3.4985e+08
8.17131,10.0331,4.07105e+08
8.17131,10.24,4.73946e+08
8.37818,-10.24,7.96662e+08
8.37818,-10.0331,6.96946e+08
8.37818,-9.82626,6.10472e+08
8.37818,-9.61939,5.3569e+08
8.37818,-9.41253,4.71205e+08
8.37818,-9.20566,4.15762e+08
8.37818,-8.99879,3.68236e+08
8.37818,-8.79192,3.27623e+08
8.37818,-8.58505,2.93025e+08
8.37818,-8.37818,2.63644e+08
8.37818,-8.17131,2.38772e+08
8.37818,-7.96444,2.17783e+08
8.37818,-7.75758,2.00126e+08
8.37818,-7.55071,1.85314e+08
8.37818,-7.34384,1.72925e+08
8.37818,-7.13697,1.62586e+08
8.37818,-6.9301,1.53977e+08
8.37818,-6.72323,1.46818e+08
8.37818,-6.51636,1.4087e+08
8.37818,-6.30949,1.35926e+08
8.37818,-6.10263,1.31811e+08
8.37818,-5.89576,1.28376e+08
8.37818,-5.68889,1.25496e+08
8.37818,-5.48202,1.23063e+08
8.37818,-5.27515,1.20991e+08
8.37818,-5.06828,1.19207e+08
8.37818,-4.86141,1.1765e+08
8.37818,-4.65455,1.16272e+08
8.37818,-4.44768,1.15035e+08
8.37818,-4.24081,1.13905e+08
8.37818,-4.03394,1.12859e+08
8.37818,-3.82707,1.11876e+08
8.37818,-3.6202,1.10942e+08
8.37818,-3.41333,1.10046e+08
8.37818,-3.20646,1.09178e+08
8.37818,-2.9996,1.08332e+08
8.37818,-2.79273,1.07504e+08
8.37818,-2.58586,1.0669e+08
8.37818,-2.37899,1.05888e+08
8.37818,-2.17212,1.05096e+08
8.37818,-1.96525,1.04313e+08
8.37818,-1.75838,1.03538e+08
8.37818,-1.55152,1.02771e+08
8.37818,-1.34465,1.02012e+08
8.37818,-1.13778,1.01259e+08
8.37818,-0.930909,1.00513e+08
8.37818,-0.72404,9.97734e+07
8.37818,-0.517172,9.904e+07
8.37818,-0.310303,9.83127e+07
8.37818,-0.103434,9.75913e+07
8.37818,0.103434,9.68757e+07
8.37818,0.310303,9.6166e+07
8.37818,0.517172,9.5462e+07
8.37818,0.72404,9.4764e+07
8.37818,0.930909,9.40719e+07
8.37818,1.13778,9.33858e+07
8.37818,1.34465,9.27059e+07
8.37818,1.55152,9.20323e+07
8.37818,1.75838,9.13649e+07
8.37818,1.96525,9.07039e+07
8.37818,2.17212,9.00493e+07
8.37818,2.37899,8.94009e+07
8.37818,2.58586,8.8759e+07
8.37818,2.79273,8.81234e+07
8.37818,2.9996,8.74944e+07
8.37818,3.20646,8.68727e+07
8.37818,3.41333,8.62592e+07
8.37818,3.6202,8.56556e+07
8.37818,3.82707,8.50646e+07
8.37818,4.03394,8.44904e+07
8.37818,4.24081,8.39388e+07
8.37818,4.44768,8.34181e+07
8.37818,4.65455,8.29397e+07
8.37818,4.86141,8.25187e+07
8.37818,5.06828,8.21751e+07
8.37818,5.27515,8.19347e+07
8.37818,5.48202,8.18301e+07
8.37818,5.68889,8.19027e+07
8.37818,5.89576,8.22037e+07
8.37818,6.10263,8.27964e+07
8.37818,6.30949,8.37578e+07
8.37818,6.51636,8.51815e+07
8.37818,6.72323,8.71795e+07
8.37818,6.9301,8.98857e+07
8.37818,7.13697,9.34585e+07
8.37818,7.34384,9.8085e+07
8.37818,7.55071,1.03984e+08
8.37818,7.75758,1.11411e+08
8.37818,7.96444,1.20662e+08
8.37818,8.17131,1.32079e+08
8.37818,8.37818,1.46056e+08
8.37818,8.58505,1.63044e+08
8.37818,8.79192,1.83556e+08
8.37818,8.99879,2.08177e+08
8.37818,9.20566,2.37572e+08
8.37818,9.41253,2.72489e+08
8.37818,9.61939,3.13772e+08
8.37818,9.82626,3.6237e+08
8.37818,10.0331,4.19344e+08
8.37818,10.24,4.8588e+08
8.58505,-10.24,8.22753e+08
8.58505,-10.0331,7.23122e+08
8.58505,-9.82626,6.36709e+08
8.58505,-9.61939,5.61967e+08
8.58505,-9.41253,4.97502e+08
8.58505,-9.20566,4.42061e+08
8.58505,-8.99879,3.94522e+08
8.58505,-8.79192,3.5388e+08
8.58505,-8.58505,3.19241e+08
8.58505,-8.37818,2.89806e+08
8.58505,-8.17131,2.64871e+08
8.58505,-7.96444,2.43809e+08
8.58505,-7.75758,2.2607e+08
8.58505,-7.55071,2.1117e+08
8.58505,-7.34384,1.98686e+08
8.58505,-7.13697,1.88246e+08
8.58505,-6.9301,1.79531e+08
8.58505,-6.72323,1.72263e+08
8.58505,-6.51636,1.66201e+08
8.58505,-6.30949,1.61142e+08
8.58505,-6.10263,1.56908e+08
8.58505,-5.89576,1.53353e+08
8.58505,-5.68889,1.5035e+08
8.58505,-5.48202,1.47794e+08
8.58505,-5.27515,1.45597e+08
8.58505,-5.06828,1.43688e+08
8.58505,-4.86141,1.42005e+08
8.58505,-4.65455,1.40502e+08
8.58505,-4.44768,1.39139e+08
8.58505,-4.24081,1.37883e+08
8.58505,-4.03394,1.36712e+08
8.58505,-3.82707,1.35604e+08
8.58505,-3.6202,1.34546e+08
8.58505,-3.41333,1.33525e+08
8.58505,-3.20646,1.32534e+08
8.58505,-2.9996,1.31566e+08
8.58505,-2.79273,1.30616e+08
8.58505,-2.58586,1.2968e+08
8.58505,-2.37899,1.28757e+08
8.58505,-2.17212,1.27846e+08
8.58505,-1.96525,1.26944e+08
8.58505,-1.75838,1.2605e+08
8.58505,-1.55152,1.25166e+08
8.58505,-1.34465,1.24289e+08
8.58505,-1.13778,1.23419e+08
8.58505,-0.930909,1.22558e+08
8.58505,-0.72404,1.21703e+08
8.58505,-0.517172,1.20855e+08
8.58505,-0.310303,1.20013e+08
8.58505,-0.103434,1.19179e+08
8.58505,0.103434,1.1835e+08
8.58505,0.310303,1.17528e+08
8.58505,0.517172,1.16713e+08
8.58505,0.72404,1.15904e+08
8.58505,0.930909,1.15101e+08
8.58505,1.13778,1.14306e+08
8.58505,1.34465,1.13517e+08
8.58505,1.55152,1.12735e+08
8.58505,1.75838,1.1196e+08
8.58505,1.96525,1.11191e+08
8.58505,2.17212,1.1043e+08
8.58505,2.37899,1.09676e+08
8.58505,2.58586,1.08929e+08
8.58505,2.79273,1.08189e+08
8.58505,2.9996,1.07456e+08
8.58505,3.20646,1.06731e+08
8.58505,3.41333,1.06015e+08
8.58505,3.6202,1.05309e+08
8.58505,3.82707,1.04616e+08
8.58505,4.03394,1.03941e+08
8.58505,4.24081,1.03288e+08
8.58505,4.44768,1.02667e+08
8.58505,4.65455,1.02088e+08
8.58505,4.86141,1.01566e+08
8.58505,5.06828,1.01121e+08
8.58505,5.27515,1.00779e+08
8.58505,5.48202,1.00572e+08
8.58505,5.68889,1.00542e+08
8.58505,5.89576,1.00738e+08
8.58505,6.10263,1.01224e+08
8.58505,6.30949,1.02077e+08
8.58505,6.51636,1.0339e+08
8.58505,6.72323,1.05273e+08
8.58505,6.9301,1.07862e+08
8.58505,7.13697,1.11312e+08
8.58505,7.34384,1.15812e+08
8.58505,7.55071,1.21578e+08
8.58505,7.75758,1.28865e+08
8.58505,7.96444,1.3797e+08
8.58505,8.17131,1.49232e+08
8.58505,8.37818,1.63044e+08
8.58505,8.58505,1.79855e+08
8.58505,8.79192,2.0018e+08
8.58505,8.99879,2.24601e+08
8.58505,9.20566,2.5378e+08
8.58505,9.41253,2.88466e+08
8.58505,9.61939,3.29499e+08
8.58505,9.82626,3.77828e+08
8.58505,10.0331,4.3451e+08
8.58505,10.24,5.00732e+08
8.79192,-10.24,8.53697e+08
8.79192,-10.0331,7.54133e+08
8.79192,-9.82626,6.67763e+08
8.79192,-9.61939,5.93043e+08
8.79192,-9.41253,5.2858e+08
8.79192,-9.20566,4.73124e+08
8.79192,-8.99879,4.25554e+08
8.79192,-8.79192,3.84867e+08
8.79192,-8.58505,3.50169e+08
8.79192,-8.37818,3.20664e+08
8.79192,-8.17131,2.95648e+08
8.79192,-7.96444,2.74496e+08
8.79192,-7.75758,2.56659e+08
8.79192,-7.55071,2.41654e+08
8.79192,-7.34384,2.29058e+08
8.79192,-7.13697,2.18501e+08
8.79192,-6.9301,2.09665e+08
8.79192,-6.72323,2.0227e+08
8.79192,-6.51636,1.96079e+08
8.79192,-6.30949,1.90887e+08
8.79192,-6.10263,1.86519e+08
8.79192,-5.89576,1.82826e+08
8.79192,-5.68889,1.79685e+08
8.79192,-5.48202,1.7699e+08
8.79192,-5.27515,1.74653e+08
8.79192,-5.06828,1.72603e+08
8.79192,-4.86141,1.70779e+08
8.79192,-4.65455,1.69134e+08
8.79192,-4.44768,1.6763e+08
8.79192,-4.24081,1.66233e+08
8.79192,-4.03394,1.64921e+08
8.79192,-3.82707,1.63673e+08
8.79192,-3.6202,1.62475e+08
8.79192,-3.41333,1.61315e+08
8.79192,-3.20646,1.60185e+08
8.79192,-2.9996,1.59079e+08
8.79192,-2.79273,1.57992e+08
8.79192,-2.58586,1.5692e+08
8.79192,-2.37899,1.55862e+08
8.79192,-2.17212,1.54815e+08
8.79192,-1.96525,1.53779e+08
8.79192,-1.75838,1.52752e+08
8.79192,-1.55152,1.51735e+08
8.79192,-1.34465,1.50726e+08
8.79192,-1.13778,1.49725e+08
8.79192,-0.930909,1.48733e+08
8.79192,-0.72404,1.47748e+08
8.79192,-0.517172,1.46771e+08
8.79192,-0.310303,1.45801e+08
8.79192,-0.103434,1.44838e+08
8.79192,0.103434,1.43883e+08
8.79192,0.310303,1.42934e+08
8.79192,0.517172,1.41993e+08
8.79192,0.72404,1.41059e+08
8.79192,0.930909,1.40132e+08
8.79192,1.13778,1.39212e+08
8.79192,1.34465,1.383e+08
8.79192,1.55152,1.37395e+08
8.79192,1.75838,1.36498e+08
8.79192,1.96525,1.35609e+08
8.79192,2.17212,1.34728e+08
8.79192,2.37899,1.33854e+08
8.79192,2.58586,1.32987e+08
8.79192,2.79273,1.32129e+08
8.79192,2.9996,1.31279e+08
8.79192,3.20646,1.30437e+08
8.79192,3.41333,1.29604e+08
8.79192,3.6202,1.28783e+08
8.79192,3.82707,1.27975e+08
8.79192,4.03394,1.27184e+08
8.79192,4.24081,1.26417e+08
8.79192,4.44768,1.25682e+08
8.79192,4.65455,1.24989e+08
8.79192,4.86141,1.24353e+08
8.79192,5.06828,1.23794e+08
8.79192,5.27515,1.23337e+08
8.79192,5.48202,1.23015e+08
8.79192,5.68889,1.22868e+08
8.79192,5.89576,1.22946e+08
8.79192,6.10263,1.23313e+08
8.79192,6.30949,1.24045e+08
8.79192,6.51636,1.25234e+08
8.79192,6.72323,1.2699e+08
8.79192,6.9301,1.29448e+08
8.79192,7.13697,1.32764e+08
8.79192,7.34384,1.37124e+08
8.79192,7.55071,1.42745e+08
8.79192,7.75758,1.49881e+08
8.79192,7.96444,1.58826e+08
8.79192,8.17131,1.6992e+08
8.79192,8.37818,1.83556e+08
8.79192,8.58505,2.0018e+08
8.79192,8.79192,2.20305e+08
8.79192,8.99879,2.44514e+08
8.79192,9.20566,2.73466e+08
8.79192,9.41253,3.07909e+08
8.79192,9.61939,3.48681e+08
8.79192,9.82626,3.96729e+08
8.79192,10.0331,4.53109e+08
8.79192,10.24,5.19006e+08
8.99879,-10.24,8.90208e+08
8.99879,-10.0331,7.90691e+08
8.99879,-9.82626,7.04346e+08
8.99879,-9.61939,6.29628e+08
8.99879,-9.41253,5.65149e+08
8.99879,-9.20566,5.09659e+08
8.99879,-8.99879,4.62039e+08
8.99879,-8.79192,4.21287e+08
8.99879,-8.58505,3.86512e+08
8.99879,-8.37818,3.56919e+08
8.99879,-8.17131,3.31804e+08
8.99879,-7.96444,3.10544e+08
8.99879,-7.75758,2.9259e+08
8.99879,-7.55071,2.77462e+08
8.99879,-7.34384,2.64735e+08
8.99879,-7.13697,2.54044e+08
8.99879,-6.9301,2.45067e+08
8.99879,-6.72323,2.37529e+08
8.99879,-6.51636,2.31191e+08
8.99879,-6.30949,2.25848e+08
8.99879,-6.10263,2.21328e+08
8.99879,-5.89576,2.17481e+08
8.99879,-5.68889,2.14184e+08
8.99879,-5.48202,2.11332e+08
8.99879,-5.27515,2.08837e+08
8.99879,-5.06828,2.06629e+08
8.99879,-4.86141,2.04647e+08
8.99879,-4.65455,2.02844e+08
8.99879,-4.44768,2.01181e+08
8.99879,-4.24081,1.99626e+08
8.99879,-4.03394,1.98156e+08
8.99879,-3.82707,1.96751e+08
8.99879,-3.6202,1.95397e+08
8.99879,-3.41333,1.94081e+08
8.99879,-3.20646,1.92796e+08
8.99879,-2.9996,1.91535e+08
8.99879,-2.79273,1.90294e+08
8.99879,-2.58586,1.89069e+08
8.99879,-2.37899,1.87859e+08
8.99879,-2.17212,1.86661e+08
8.99879,-1.96525,1.85474e+08
8.99879,-1.75838,1.84297e+08
8.99879,-1.55152,1.83131e+08
8.99879,-1.34465,1.81974e+08
8.99879,-1.13778,1.80826e+08
8.99879,-0.930909,1.79687e+08
8.99879,-0.72404,1.78556e+08
8.99879,-0.517172,1.77434e+08
8.99879,-0.310303,1.76319e+08
8.99879,-0.103434,1.75213e+08
8.99879,0.103434,1.74114e+08
8.99879,0.310303,1.73023e+08
8.99879,0.517172,1.7194e+08
8.99879,0.72404,1.70865e+08
8.99879,0.930909,1.69798e+08
8.99879,1.13778,1.68739e+08
8.99879,1.34465,1.67688e+08
8.99879,1.55152,1.66645e+08
8.99879,1.75838,1.65611e+08
8.99879,1.96525,1.64585e+08
8.99879,2.17212,1.63568e+08
8.99879,2.37899,1.62559e+08
8.99879,2.58586,1.61558e+08
8.99879,2.79273,1.60566e+08
8.99879,2.9996,1.59583e+08
8.99879,3.20646,1.58609e+08
8.99879,3.41333,1.57645e+08
8.99879,3.6202,1.56693e+08
8.99879,3.82707,1.55755e+08
8.99879,4.03394,1.54835e+08
8.99879,4.24081,1.53939e+08
8.99879,4.44768,1.53074e+08
8.99879,4.65455,1.52252e+08
8.99879,4.86141,1.51488e+08
8.99879,5.06828,1.508e+08
8.99879,5.27515,1.50214e+08
8.99879,5.48202,1.49762e+08
8.99879,5.68889,1.49484e+08
8.99879,5.89576,1.4943e+08
8.99879,6.10263,1.49664e+08
8.99879,6.30949,1.5026e+08
8.99879,6.51636,1.51311e+08
8.99879,6.72323,1.52927e+08
8.99879,6.9301,1.5524e+08
8.99879,7.13697,1.58407e+08
8.99879,7.34384,1.62614e+08
8.99879,7.55071,1.68076e+08
8.99879,7.75758,1.75046e+08
8.99879,7.96444,1.83819e+08
8.99879,8.17131,1.94732e+08
8.99879,8.37818,2.08177e+08
8.99879,8.58505,2.24601e+08
8.99879,8.79192,2.44514e+08
8.99879,8.99879,2.68497e+08
8.99879,9.20566,2.9721e+08
8.99879,9.41253,3.31396e+08
8.99879,9.61939,3.71895e+08
8.99879,9.82626,4.19649e+08
8.99879,10.0331,4.75715e+08
8.99879,10.24,5.41273e+08
9.20566,-10.24,9.33091e+08
9.20566,-10.0331,8.336e+08
9.20566,-9.82626,7.47258e+08
9.20566,-9.61939,6.72522e+08
9.20566,-9.41253,6.08006e+08
9.20566,-9.20566,5.52461e+08
9.20566,-8.99879,5.0477e+08
9.20566,-8.79192,4.63934e+08
9.20566,-8.58505,4.29061e+08
9.20566,-8.37818,3.99359e+08
9.20566,-8.17131,3.74124e+08
9.20566,-7.96444,3.52736e+08
9.20566,-7.75758,3.34647e+08
9.20566,-7.55071,3.19375e+08
9.20566,-7.34384,3.06499e+08
9.20566,-7.13697,2.95653e+08
9.20566,-6.9301,2.86516e+08
9.20566,-6.72323,2.78815e+08
9.20566,-6.51636,2.7231e+08
9.20566,-6.30949,2.66798e+08
9.20566,-6.10263,2.62106e+08
9.20566,-5.89576,2.58086e+08
9.20566,-5.68889,2.54614e+08
9.20566,-5.48202,2.51586e+08
9.20566,-5.27515,2.48915e+08
9.20566,-5.06828,2.46529e+08
9.20566,-4.86141,2.4437e+08
9.20566,-4.65455,2.4239e+08
9.20566,-4.44768,2.4055e+08
9.20566,-4.24081,2.38819e+08
9.20566,-4.03394,2.37172e+08
9.20566,-3.82707,2.35592e+08
9.20566,-3.6202,2.34062e+08
9.20566,-3.41333,2.32572e+08
9.20566,-3.20646,2.31113e+08
9.20566,-2.9996,2.2968e+08
9.20566,-2.79273,2.28267e+08
9.20566,-2.58586,2.26871e+08
9.20566,-2.37899,2.2549e+08
9.20566,-2.17212,2.24123e+08
9.20566,-1.96525,2.22767e+08
9.20566,-1.75838,2.21423e+08
9.20566,-1.55152,2.2009e+08
9.20566,-1.34465,2.18767e+08
9.20566,-1.13778,2.17454e+08
9.20566,-0.930909,2.1615e+08
9.20566,-0.72404,2.14856e+08
9.20566,-0.517172,2.13571e+08
9.20566,-0.310303,2.12295e+08
9.20566,-0.103434,2.11027e+08
9.20566,0.103434,2.09768e+08
9.20566,0.310303,2.08517e+08
9.20566,0.517172,2.07275e+08
9.20566,0.72404,2.06042e+08
9.20566,0.930909,2.04817e+08
9.20566,1.13778,2.03601e+08
9.20566,1.34465,2.02394e+08
9.20566,1.55152,2.01197e+08
9.20566,1.75838,2.00008e+08
9.20566,1.96525,1.98829e+08
9.20566,2.17212,1.97658e+08
9.20566,2.37899,1.96498e+08
9.20566,2.58586,1.95346e+08
9.20566,2.79273,1.94204e+08
9.20566,2.9996,1.93071e+08
9.20566,3.20646,1.91948e+08
9.20566,3.41333,1.90836e+08
9.20566,3.6202,1.89737e+08
9.20566,3.82707,1.88652e+08
9.20566,4.03394,1.87586e+08
9.20566,4.24081,1.86544e+08
9.20566,4.44768,1.85535e+08
9.20566,4.65455,1.84568e+08
9.20566,4.86141,1.83658e+08
9.20566,5.06828,1.82826e+08
9.20566,5.27515,1.82094e+08
9.20566,5.48202,1.81496e+08
9.20566,5.68889,1.81072e+08
9.20566,5.89576,1.80871e+08
9.20566,6.10263,1.80955e+08
9.20566,6.30949,1.814e+08
9.20566,6.51636,1.82297e+08
9.20566,6.72323,1.83757e+08
9.20566,6.9301,1.8591e+08
9.20566,7.13697,1.88914e+08
9.20566,7.34384,1.92951e+08
9.20566,7.55071,1.98239e+08
9.20566,7.75758,2.0503e+08
9.20566,7.96444,2.13614e+08
9.20566,8.17131,2.24332e+08
9.20566,8.37818,2.37572e+08
9.20566,8.58505,2.5378e+08
9.20566,8.79192,2.73466e+08
9.20566,8.99879,2.9721e+08
9.20566,9.20566,3.25668e+08
9.20566,9.41253,3.59584e+08
9.20566,9.61939,3.99795e+08
9.20566,9.82626,4.47241e+08
9.20566,10.0331,5.02979e+08
9.20566,10.24,5.68185e+08
9.41253,-10.24,9.83244e+08
9.41253,-10.0331,8.83757e+08
9.41253,-9.82626,7.97395e+08
9.41253,-9.61939,7.22619e+08
9.41253,-9.41253,6.58042e+08
9.41253,-9.20566,6.0242e+08
9.41253,-8.99879,5.54637e+08
9.41253,-8.79192,5.13694e+08
9.41253,-8.58505,4.78701e+08
9.41253,-8.37818,4.48868e+08
9.41253,-8.17131,4.23492e+08
9.41253,-7.96444,4.01954e+08
9.41253,-7.75758,3.83707e+08
9.41253,-7.55071,3.6827e+08
9.41253,-7.34384,3.55223e+08
9.41253,-7.13697,3.442e+08
9.41253,-6.9301,3.34883e+08
9.41253,-6.72323,3.26997e+08
9.41253,-6.51636,3.20304e+08
9.41253,-6.30949,3.14602e+08
9.41253,-6.10263,3.09717e+08
9.41253,-5.89576,3.05503e+08
9.41253,-5.68889,3.01836e+08
9.41253,-5.48202,2.98611e+08
9.41253,-5.27515,2.95743e+08
9.41253,-5.06828,2.9316e+08
9.41253,-4.86141,2.90803e+08
9.41253,-4.65455,2.88625e+08
9.41253,-4.44768,2.86587e+08
9.41253,-4.24081,2.84659e+08
9.41253,-4.03394,2.82816e+08
9.41253,-3.82707,2.8104e+08
9.41253,-3.6202,2.79315e+08
9.41253,-3.41333,2.7763e+08
9.41253,-3.20646,2.75978e+08
9.41253,-2.9996,2.74352e+08
9.41253,-2.79273,2.72747e+08
9.41253,-2.58586,2.71161e+08
9.41253,-2.37899,2.6959e+08
9.41253,-2.17212,2.68033e+08
9.41253,-1.96525,2.6649e+08
9.41253,-1.75838,2.64959e+08
9.41253,-1.55152,2.63439e+08
9.41253,-1.34465,2.61931e+08
9.41253,-1.13778,2.60433e+08
9.41253,-0.930909,2.58946e+08
9.41253,-0.72404,2.57469e+08
9.41253,-0.517172,2.56001e+08
9.41253,-0.310303,2.54544e+08
9.41253,-0.103434,2.53096e+08
9.41253,0.103434,2.51657e+08
9.41253,0.310303,2.50227e+08
9.41253,0.517172,2.48807e+08
9.41253,0.72404,2.47397e+08
9.41253,0.930909,2.45996e+08
9.41253,1.13778,2.44605e+08
9.41253,1.34465,2.43223e+08
9.41253,1.55152,2.41851e+08
9.41253,1.75838,2.4049e+08
9.41253,1.96525,2.39138e+08
9.41253,2.17212,2.37797e+08
9.41253,2.37899,2.36466e+08
9.41253,2.58586,2.35145e+08
9.41253,2.79273,2.33834e+08
9.41253,2.9996,2.32533e+08
9.41253,3.20646,2.31243e+08
9.41253,3.41333,2.29965e+08
9.41253,3.6202,2.287e+08
9.41253,3.82707,2.27451e+08
9.41253,4.03394,2.26221e+08
9.41253,4.24081,2.25016e+08
9.41253,4.44768,2.23843e+08
9.41253,4.65455,2.22713e+08
9.41253,4.86141,2.21641e+08
9.41253,5.06828,2.20646e+08
9.41253,5.27515,2.19752e+08
9.41253,5.48202,2.1899e+08
9.41253,5.68889,2.18402e+08
9.41253,5.89576,2.18036e+08
9.41253,6.10263,2.17953e+08
9.41253,6.30949,2.1823e+08
9.41253,6.51636,2.18956e+08
9.41253,6.72323,2.20242e+08
9.41253,6.9301,2.22219e+08
9.41253,7.13697,2.25042e+08
9.41253,7.34384,2.28894e+08
9.41253,7.55071,2.33991e+08
9.41253,7.75758,2.40584e+08
9.41253,7.96444,2.48965e+08
9.41253,8.17131,2.59471e+08
9.41253,8.37818,2.72489e+08
9.41253,8.58505,2.88466e+08
9.41253,8.79192,3.07909e+08
9.41253,8.99879,3.31396e+08
9.41253,9.20566,3.59584e+08
9.41253,9.41253,3.93213e+08
9.41253,9.61939,4.3312e+08
9.41253,9.82626,4.80244e+08
9.41253,10.0331,5.35637e+08
9.41253,10.24,6.00476e+08
9.61939,-10.24,1.04167e+09
9.61939,-10.0331,9.42164e+08
9.61939,-9.82626,8.55758e+08
9.61939,-9.61939,7.80916e+08
9.61939,-9.41253,7.16256e+08
9.61939,-9.20566,6.60532e+08
9.61939,-8.99879,6.12632e+08
9.61939,-8.79192,5.71558e+08
9.61939,-8.58505,5.36422e+08
9.61939,-8.37818,5.06434e+08
9.61939,-8.17131,4.80893e+08
9.61939,-7.96444,4.59181e+08
9.61939,-7.75758,4.40752e+08
9.61939,-7.55071,4.25127e+08
9.61939,-7.34384,4.11886e+08
9.61939,-7.13697,4.00664e+08
9.61939,-6.9301,3.91143e+08
9.61939,-6.72323,3.83049e+08
9.61939,-6.51636,3.76145e+08
9.61939,-6.30949,3.7023e+08
9.61939,-6.10263,3.6513e+08
9.61939,-5.89576,3.60698e+08
9.61939,-5.68889,3.56813e+08
9.61939,-5.48202,3.53369e+08
9.61939,-5.27515,3.50281e+08
9.61939,-5.06828,3.47478e+08
9.61939,-4.86141,3.44901e+08
9.61939,-4.65455,3.42503e+08
9.61939,-4.44768,3.40245e+08
9.61939,-4.24081,3.38098e+08
9.61939,-4.03394,3.36037e+08
9.61939,-3.82707,3.34042e+08
9.61939,-3.6202,3.321e+08
9.61939,-3.41333,3.302e+08
9.61939,-3.20646,3.28332e+08
9.61939,-2.9996,3.26492e+08
9.61939,-2.79273,3.24673e+08
9.61939,-2.58586,3.22874e+08
9.61939,-2.37899,3.21092e+08
9.61939,-2.17212,3.19325e+08
9.61939,-1.96525,3.17572e+08
9.61939,-1.75838,3.15832e+08
9.61939,-1.55152,3.14105e+08
9.61939,-1.34465,3.1239e+08
9.61939,-1.13778,3.10686e+08
9.61939,-0.930909,3.08994e+08
9.61939,-0.72404,3.07313e+08
9.61939,-0.517172,3.05643e+08
9.61939,-0.310303,3.03983e+08
9.61939,-0.103434,3.02334e+08
9.61939,0.103434,3.00694e+08
9.61939,0.310303,2.99065e+08
9.61939,0.517172,2.97447e+08
9.61939,0.72404,2.95838e+08
9.61939,0.930909,2.9424e+08
9.61939,1.13778,2.92653e+08
9.61939,1.34465,2.91076e+08
9.61939,1.55152,2.8951e+08
9.61939,1.75838,2.87955e+08
9.61939,1.96525,2.86411e+08
9.61939,2.17212,2.84878e+08
9.61939,2.37899,2.83356e+08
9.61939,2.58586,2.81846e+08
9.61939,2.79273,2.80346e+08
9.61939,2.9996,2.78858e+08
9.61939,3.20646,2.77381e+08
9.61939,3.41333,2.75917e+08
9.61939,3.6202,2.74467e+08
9.61939,3.82707,2.73033e+08
9.61939,4.03394,2.71619e+08
9.61939,4.24081,2.7023e+08
9.61939,4.44768,2.68875e+08
9.61939,4.65455,2.67563e+08
9.61939,4.86141,2.66309e+08
9.61939,5.06828,2.65132e+08
9.61939,5.27515,2.64055e+08
9.61939,5.48202,2.63111e+08
9.61939,5.68889,2.6234e+08
9.61939,5.89576,2.61789e+08
9.61939,6.10263,2.61521e+08
9.61939,6.30949,2.6161e+08
9.61939,6.51636,2.62147e+08
9.61939,6.72323,2.63241e+08
9.61939,6.9301,2.65022e+08
9.61939,7.13697,2.67646e+08
9.61939,7.34384,2.71294e+08
9.61939,7.55071,2.76182e+08
9.61939,7.75758,2.8256e+08
9.61939,7.96444,2.90718e+08
9.61939,8.17131,3.00993e+08
9.61939,8.37818,3.13772e+08
9.61939,8.58505,3.29499e+08
9.61939,8.79192,3.48681e+08
9.61939,8.99879,3.71895e+08
9.61939,9.20566,3.99795e+08
9.61939,9.41253,4.3312e+08
9.61939,9.61939,4.72707e+08
9.61939,9.82626,5.1949e+08
9.61939,10.0331,5.74522e+08
9.61939,10.24,6.38976e+08
9.82626,-10.24,1.1095e+09
9.82626,-10.0331,1.00994e+09
9.82626,-9.82626,9.23462e+08
9.82626,-9.61939,8.48529e+08
9.82626,-9.41253,7.83758e+08
9.82626,-9.20566,7.27907e+08
9.82626,-8.99879,6.79863e+08
9.82626,-8.79192,6.38632e+08
9.82626,-8.58505,6.03326e+08
9.82626,-8.37818,5.73158e+08
9.82626,-8.17131,5.47427e+08
9.82626,-7.96444,5.25515e+08
9.82626,-7.75758,5.06879e+08
9.82626,-7.55071,4.9104e+08
9.82626,-7.34384,4.77579e+08
9.82626,-7.13697,4.66132e+08
9.82626,-6.9301,4.56382e+08
9.82626,-6.72323,4.48056e+08
9.82626,-6.51636,4.40917e+08
9.82626,-6.30949,4.34763e+08
9.82626,-6.10263,4.29422e+08
9.82626,-5.89576,4.24749e+08
9.82626,-5.68889,4.2062e+08
9.82626,-5.48202,4.16933e+08
9.82626,-5.27515,4.13601e+08
9.82626,-5.06828,4.10553e+08
9.82626,-4.86141,4.07732e+08
9.82626,-4.65455,4.0509e+08
9.82626,-4.44768,4.02589e+08
9.82626,-4.24081,4.00198e+08
9.82626,-4.03394,3.97894e+08
9.82626,-3.82707,3.95658e+08
9.82626,-3.6202,3.93475e+08
9.82626,-3.41333,3.91334e+08
9.82626,-3.20646,3.89228e+08
9.82626,-2.9996,3.87149e+08
9.82626,-2.79273,3.85094e+08
9.82626,-2.58586,3.83059e+08
9.82626,-2.37899,3.81041e+08
9.82626,-2.17212,3.7904e+08
9.82626,-1.96525,3.77054e+08
9.82626,-1.75838,3.75083e+08
9.82626,-1.55152,3.73125e+08
9.82626,-1.34465,3.7118e+08
9.82626,-1.13778,3.69247e+08
9.82626,-0.930909,3.67327e+08
9.82626,-0.72404,3.65419e+08
9.82626,-0.517172,3.63523e+08
9.82626,-0.310303,3.61638e+08
9.82626,-0.103434,3.59764e+08
9.82626,0.103434,3.57902e+08
9.82626,0.310303,3.56051e+08
9.82626,0.517172,3.54211e+08
9.82626,0.72404,3.52382e+08
9.82626,0.930909,3.50564e+08
9.82626,1.13778,3.48758e+08
9.82626,1.34465,3.46964e+08
9.82626,1.55152,3.45182e+08
9.82626,1.75838,3.43411e+08
9.82626,1.96525,3.41652e+08
9.82626,2.17212,3.39906e+08
9.82626,2.37899,3.38171e+08
9.82626,2.58586,3.36449e+08
9.82626,2.79273,3.34738e+08
9.82626,2.9996,3.3304e+08
9.82626,3.20646,3.31355e+08
9.82626,3.41333,3.29683e+08
9.82626,3.6202,3.28025e+08
9.82626,3.82707,3.26385e+08
9.82626,4.03394,3.24766e+08
9.82626,4.24081,3.23173e+08
9.82626,4.44768,3.21613e+08
9.82626,4.65455,3.20098e+08
9.82626,4.86141,3.18641e+08
9.82626,5.06828,3.1726e+08
9.82626,5.27515,3.1598e+08
9.82626,5.48202,3.14833e+08
9.82626,5.68889,3.13857e+08
9.82626,5.89576,3.13101e+08
9.82626,6.10263,3.12627e+08
9.82626,6.30949,3.12508e+08
9.82626,6.51636,3.12834e+08
9.82626,6.72323,3.13715e+08
9.82626,6.9301,3.15281e+08
9.82626,7.13697,3.17684e+08
9.82626,7.34384,3.21108e+08
9.82626,7.55071,3.25767e+08
9.82626,7.75758,3.31909e+08
9.82626,7.96444,3.39825e+08
9.82626,8.17131,3.4985e+08
9.82626,8.37818,3.6237e+08
9.82626,8.58505,3.77828e+08
9.82626,8.79192,3.96729e+08
9.82626,8.99879,4.19649e+08
9.82626,9.20566,4.47241e+08
9.82626,9.41253,4.80244e+08
9.82626,9.61939,5.1949e+08
9.82626,9.82626,5.65914e+08
9.82626,10.0331,6.20566e+08
9.82626,10.24,6.84617e+08
10.0331,-10.24,1.18796e+09
10.0331,-10.0331,1.08833e+09
10.0331,-9.82626,1.00175e+09
10.0331,-9.61939,9.26695e+08
10.0331,-9.41253,8.61785e+08
10.0331,-9.20566,8.05778e+08
10.0331,-8.99879,7.57562e+08
10.0331,-8.79192,7.16146e+08
10.0331,-8.58505,6.80643e+08
10.0331,-8.37818,6.50265e+08
10.0331,-8.17131,6.24316e+08
10.0331,-7.96444,6.02178e+08
10.0331,-7.75758,5.83307e+08
10.0331,-7.55071,5.67226e+08
10.0331,-7.34384,5.53518e+08
10.0331,-7.13697,5.41819e+08
10.0331,-6.9301,5.31813e+08
10.0331,-6.72323,5.23226e+08
10.0331,-6.51636,5.15824e+08
10.0331,-6.30949,5.09405e+08
10.0331,-6.10263,5.03798e+08
10.0331,-5.89576,4.98856e+08
10.0331,-5.68889,4.94458e+08
10.0331,-5.48202,4.905e+08
10.0331,-5.27515,4.86897e+08
10.0331,-5.06828,4.83578e+08
10.0331,-4.86141,4.80486e+08
10.0331,-4.65455,4.77574e+08
10.0331,-4.44768,4.74803e+08
10.0331,-4.24081,4.72143e+08
10.0331,-4.03394,4.6957e+08
10.0331,-3.82707,4.67066e+08
10.0331,-3.6202,4.64616e+08
10.0331,-3.41333,4.6221e+08
10.0331,-3.20646,4.59838e+08
10.0331,-2.9996,4.57496e+08
10.0331,-2.79273,4.55178e+08
10.0331,-2.58586,4.52881e+08
10.0331,-2.37899,4.50603e+08
10.0331,-2.17212,4.48343e+08
10.0331,-1.96525,4.46098e+08
10.0331,-1.75838,4.43869e+08
10.0331,-1.55152,4.41655e+08
10.0331,-1.34465,4.39455e+08
10.0331,-1.13778,4.37269e+08
10.0331,-0.930909,4.35096e+08
10.0331,-0.72404,4.32936e+08
10.0331,-0.517172,4.30788e+08
10.0331,-0.310303,4.28654e+08
10.0331,-0.103434,4.26531e+08
10.0331,0.103434,4.24421e+08
10.0331,0.310303,4.22323e+08
10.0331,0.517172,4.20236e+08
10.0331,0.72404,4.18163e+08
10.0331,0.930909,4.16101e+08
10.0331,1.13778,4.14052e+08
10.0331,1.34465,4.12016e+08
10.0331,1.55152,4.09992e+08
10.0331,1.75838,4.07982e+08
10.0331,1.96525,4.05984e+08
10.0331,2.17212,4.04e+08
10.0331,2.37899,4.02028e+08
10.0331,2.58586,4.0007e+08
10.0331,2.79273,3.98125e+08
10.0331,2.9996,3.96193e+08
10.0331,3.20646,3.94275e+08
10.0331,3.41333,3.92372e+08
10.0331,3.6202,3.90484e+08
10.0331,3.82707,3.88614e+08
10.0331,4.03394,3.86766e+08
10.0331,4.24081,3.84944e+08
10.0331,4.44768,3.83157e+08
10.0331,4.65455,3.81415e+08
10.0331,4.86141,3.79731e+08
10.0331,5.06828,3.78124e+08
10.0331,5.27515,3.76618e+08
10.0331,5.48202,3.75244e+08
10.0331,5.68889,3.7404e+08
10.0331,5.89576,3.73057e+08
10.0331,6.10263,3.72353e+08
10.0331,6.30949,3.72003e+08
10.0331,6.51636,3.72097e+08
10.0331,6.72323,3.72743e+08
10.0331,6.9301,3.7407e+08
10.0331,7.13697,3.76231e+08
10.0331,7.34384,3.79409e+08
10.0331,7.55071,3.83816e+08
10.0331,7.75758,3.897e+08
10.0331,7.96444,3.97352e+08
10.0331,8.17131,4.07105e+08
10.0331,8.37818,4.19344e+08
10.0331,8.58505,4.3451e+08
10.0331,8.79192,4.53109e+08
10.0331,8.99879,4.75715e+08
10.0331,9.20566,5.02979e+08
10.0331,9.41253,5.35637e+08
10.0331,9.61939,5.74522e+08
10.0331,9.82626,6.20566e+08
10.0331,10.0331,6.74816e+08
10.0331,10.24,7.38443e+08
10.24,-10.24,1.27845e+09
10.24,-10.0331,1.1787e+09
10.24,-9.82626,1.09199e+09
10.24,-9.61939,1.01679e+09
10.24,-9.41253,9.51709e+08
10.24,-9.20566,8.95515e+08
10.24,-8.99879,8.47098e+08
10.24,-8.79192,8.05465e+08
10.24,-8.58505,7.69734e+08
10.24,-8.37818,7.39118e+08
10.24,-8.17131,7.1292e+08
10.24,-7.96444,6.90524e+08
10.24,-7.75758,6.71389e+08
10.24,-7.55071,6.55037e+08
10.24,-7.34384,6.41052e+08
10.24,-7.13697,6.29072e+08
10.24,-6.9301,6.1878e+08
10.24,-6.72323,6.09904e+08
10.24,-6.51636,6.0221e+08
10.24,-6.30949,5.95496e+08
10.24,-6.10263,5.89592e+08
10.24,-5.89576,5.84353e+08
10.24,-5.68889,5.79656e+08
10.24,-5.48202,5.75399e+08
10.24,-5.27515,5.71497e+08
10.24,-5.06828,5.67878e+08
10.24,-4.86141,5.64487e+08
10.24,-4.65455,5.61275e+08
10.24,-4.44768,5.58206e+08
10.24,-4.24081,5.55248e+08
10.24,-4.03394,5.52378e+08
10.24,-3.82707,5.49578e+08
10.24,-3.6202,5.46834e+08
10.24,-3.41333,5.44133e+08
10.24,-3.20646,5.41469e+08
10.24,-2.9996,5.38834e+08
10.24,-2.79273,5.36226e+08
10.24,-2.58586,5.3364e+08
10.24,-2.37899,5.31074e+08
10.24,-2.17212,5.28526e+08
10.24,-1.96525,5.25996e+08
10.24,-1.75838,5.23482e+08
10.24,-1.55152,5.20984e+08
10.24,-1.34465,5.18502e+08
10.24,-1.13778,5.16034e+08
10.24,-0.930909,5.13581e+08
10.24,-0.72404,5.11142e+08
10.24,-0.517172,5.08716e+08
10.24,-0.310303,5.06305e+08
10.24,-0.103434,5.03906e+08
10.24,0.103434,5.01521e+08
10.24,0.310303,4.99149e+08
10.24,0.517172,4.9679e+08
10.24,0.72404,4.94444e+08
10.24,0.930909,4.92112e+08
10.24,1.13778,4.89794e+08
10.24,1.34465,4.87489e+08
10.24,1.55152,4.85198e+08
10.24,1.75838,4.82921e+08
10.24,1.96525,4.80658e+08
10.24,2.17212,4.78409e+08
10.24,2.37899,4.76175e+08
10.24,2.58586,4.73955e+08
10.24,2.79273,4.71749e+08
10.24,2.9996,4.69558e+08
10.24,3.20646,4.67381e+08
10.24,3.41333,4.6522e+08
10.24,3.6202,4.63076e+08
10.24,3.82707,4.6095e+08
10.24,4.03394,4.58848e+08
10.24,4.24081,4.56773e+08
10.24,4.44768,4.54733e+08
10.24,4.65455,4.52738e+08
10.24,4.86141,4.50802e+08
10.24,5.06828,4.48943e+08
10.24,5.27515,4.47185e+08
10.24,5.48202,4.4556e+08
10.24,5.68889,4.44104e+08
10.24,5.89576,4.42867e+08
10.24,6.10263,4.4191e+08
10.24,6.30949,4.41304e+08
10.24,6.51636,4.41141e+08
10.24,6.72323,4.41526e+08
10.24,6.9301,4.4259e+08
10.24,7.13697,4.44485e+08
10.24,7.34384,4.47392e+08
10.24,7.55071,4.51523e+08
10.24,7.75758,4.57126e+08
10.24,7.96444,4.64489e+08
10.24,8.17131,4.73946e+08
10.24,8.37818,4.8588e+08
10.24,8.58505,5.00732e+08
10.24,8.79192,5.19006e+08
10.24,8.99879,5.41273e+08
10.24,9.20566,5.68185e+08
10.24,9.41253,6.00476e+08
10.24,9.61939,6.38976e+08
10.24,9.82626,6.84617e+08
10.24,10.0331,7.38443e+08
10.24,10.24,8.01624e+08
