0,0.0061084
1,0.00610817
2,0.00610974
3,0.0061084
4,0.00611235
5,0.00610974
6,0.00611277
7,0.00611235
8,0.00611381
9,0.00611277
10,0.0061169
11,0.00611381
12,0.00611514
13,0.0061169
14,0.00611595
15,0.00611691
16,0.00611559
17,0.00611692
18,0.00612148
19,0.00611694
20,0.00612412
21,0.00612148
22,0.00612429
23,0.00612412
24,0.00612157
25,0.00612429
26,0.00612885
27,0.00612432
28,0.00613383
29,0.00612885
30,0.00613649
31,0.00613383
32,0.00613571
33,0.00613649
34,0.00613692
35,0.00613649
36,0.00613872
37,0.00613692
38,0.00613993
39,0.00613876
40,0.00613931
41,0.00613994
42,0.00613916
43,0.00613995
44,0.00613976
45,0.00613995
46,0.00613992
47,0.00613995
48,0.0061399
49,0.00613995
50,0.00613994
51,0.00613995
52,0.00613975
53,0.00613995
54,0.00613989
55,0.00613995
56,0.00613995
57,0.00613995
58,0.00613842
59,0.00613995
60,0.00613861
61,0.00613995
62,0.00613988
63,0.00613995
64,0.00613983
65,0.00613995
66,0.00613886
67,0.00613995
68,0.00613745
69,0.00613995
70,0.00613876
71,0.00613995
72,0.0061396
73,0.00613995
74,0.00613807
75,0.00613995
76,0.00613818
77,0.00613995
78,0.00613993
79,0.00613995
80,0.00613991
81,0.00613995
82,0.00613941
83,0.00613995
84,0.00613994
85,0.00613995
86,0.00613896
87,0.00613995
88,0.00613769
89,0.00613995
90,0.00613992
91,0.00613995
92,0.00613995
93,0.00613995
94,0.00613993
95,0.00613995
96,0.00613995
97,0.00613995
98,0.00613973
99,0.00613995
100,0.00613973
101,0.00613995
102,0.00613937
103,0.00613995
104,0.0061399
105,0.00613995
106,0.00613856
107,0.00613995
108,0.00613993
109,0.00613995
110,0.00613969
111,0.00613995
112,0.00613992
113,0.00613995
114,0.00613963
115,0.00613995
116,0.00613958
117,0.00613995
118,0.00613937
119,0.00613995
120,0.00613983
121,0.00613995
122,0.00613362
123,0.00613995
124,0.00613975
125,0.00613995
126,0.0061397
127,0.00613995
128,0.00613982
129,0.00613995
130,0.00613986
131,0.00613995
132,0.00613975
133,0.00613995
134,0.00613993
135,0.00613995
136,0.00613962
137,0.00613995
138,0.00613904
139,0.00613995
140,0.00613945
141,0.00613995
142,0.00613983
143,0.00613995
144,0.00613902
145,0.00613995
146,0.00613995
147,0.00613995
148,0.00613465
149,0.00613995
150,0.00613953
151,0.00613995
152,0.00613977
153,0.00613995
154,0.00613812
155,0.00613995
156,0.00613958
157,0.00613995
158,0.00613992
159,0.00613995
160,0.00613994
161,0.00613995
162,0.00613989
163,0.00613995
164,0.00613974
165,0.00613995
166,0.00613995
167,0.00613995
168,0.00613861
169,0.00613995
170,0.00613995
171,0.00613995
172,0.00613994
173,0.00613995
174,0.00613993
175,0.00613995
176,0.00613991
177,0.00613995
178,0.00613876
179,0.00613995
180,0.00613986
181,0.00613995
182,0.00613976
183,0.00613995
184,0.00613968
185,0.00613995
186,0.00613883
187,0.00613995
188,0.00613947
189,0.00613995
190,0.0061394
191,0.00613995
192,0.00613989
193,0.00613995
194,0.00613993
195,0.00613995
196,0.00613965
197,0.00613995
198,0.00613912
199,0.00613995
200,0.0061391
201,0.00613995
202,0.00613991
203,0.00613995
204,0.00613988
205,0.00613995
206,0.00613972
207,0.00613995
208,0.00613991
209,0.00613995
210,0.00613923
211,0.00613995
212,0.00613989
213,0.00613995
214,0.00613954
215,0.00613995
216,0.00613969
217,0.00613995
218,0.00613943
219,0.00613995
220,0.00613994
221,0.00613995
222,0.00613954
223,0.00613995
224,0.0061398
225,0.00613995
226,0.00613995
227,0.00613995
228,0.00613991
229,0.00613995
230,0.00613982
231,0.00613995
232,0.00613966
233,0.00613995
234,0.00613956
235,0.00613995
236,0.00613992
237,0.00613995
238,0.00613951
239,0.00613995
240,0.00613782
241,0.00613995
242,0.0061379
243,0.00613995
244,0.00613978
245,0.00613995
246,0.0061384
247,0.00613995
248,0.00613978
249,0.00613995
250,0.00613989
251,0.00613995
252,0.00613992
253,0.00613995
254,0.00613819
255,0.00613995
256,0.00613991
257,0.00613995
258,0.00613977
259,0.00613995
260,0.00613995
261,0.00613995
262,0.00613932
263,0.00613995
264,0.00613921
265,0.00613995
266,0.00613994
267,0.00613995
268,0.00613921
269,0.00613995
270,0.00613973
271,0.00613995
272,0.00613876
273,0.00613995
274,0.00613923
275,0.00613995
276,0.00613977
277,0.00613995
278,0.00613842
279,0.00613995
280,0.00613988
281,0.00613995
282,0.00613986
283,0.00613995
284,0.0061388
285,0.00613995
286,0.00613993
287,0.00613995
288,0.00613995
289,0.00613995
290,0.00613987
291,0.00613995
292,0.00613974
293,0.00613995
294,0.00613993
295,0.00613995
296,0.00613982
297,0.00613995
298,0.00613962
299,0.00613995
300,0.00613991
301,0.00613995
302,0.00613994
303,0.00613995
304,0.00613972
305,0.00613995
306,0.00613982
307,0.00613995
308,0.00613981
309,0.00613995
310,0.00613994
311,0.00613995
312,0.0061399
313,0.00613995
314,0.00613983
315,0.00613995
316,0.00613982
317,0.00613995
318,0.00613989
319,0.00613995
320,0.00613968
321,0.00613995
322,0.00613763
323,0.00613995
324,0.00613992
325,0.00613995
326,0.00613922
327,0.00613995
328,0.00613977
329,0.00613995
330,0.00613813
331,0.00613995
332,0.00613966
333,0.00613995
334,0.00613975
335,0.00613995
336,0.00613969
337,0.00613995
338,0.00613989
339,0.00613995
340,0.00613994
341,0.00613995
342,0.00613971
343,0.00613995
344,0.0061393
345,0.00613995
346,0.00613994
347,0.00613995
348,0.00613995
349,0.00613995
350,0.00613988
351,0.00613995
352,0.00613942
353,0.00613995
354,0.0061383
355,0.00613995
356,0.00613987
357,0.00613995
358,0.00613948
359,0.00613995
360,0.00613935
361,0.00613995
362,0.00613957
363,0.00613995
364,0.00613991
365,0.00613995
366,0.00613965
367,0.00613995
368,0.00613839
369,0.00613995
370,0.00613995
371,0.00613995
372,0.00613991
373,0.00613995
374,0.00613975
375,0.00613995
376,0.00613957
377,0.00613995
378,0.0061397
379,0.00613995
380,0.0061392
381,0.00613995
382,0.00613961
383,0.00613995
384,0.00613893
385,0.00613995
386,0.00613995
387,0.00613995
388,0.0061383
389,0.00613995
390,0.00613937
391,0.00613995
392,0.00613962
393,0.00613995
394,0.00613813
395,0.00613995
396,0.00613942
397,0.00613995
398,0.00613909
399,0.00613995
400,0.00613989
401,0.00613995
402,0.00613995
403,0.00613995
404,0.00613994
405,0.00613995
406,0.00613988
407,0.00613995
408,0.00613987
409,0.00613995
410,0.0061395
411,0.00613995
412,0.00613941
413,0.00613995
414,0.00613968
415,0.00613995
416,0.00613926
417,0.00613995
418,0.00613989
419,0.00613995
420,0.00613973
421,0.00613995
422,0.00613956
423,0.00613995
424,0.00613948
425,0.00613995
426,0.00613963
427,0.00613995
428,0.0061394
429,0.00613995
430,0.00613843
431,0.00613995
432,0.00613952
433,0.00613995
434,0.00613859
435,0.00613995
436,0.00613814
437,0.00613995
438,0.00613952
439,0.00613995
440,0.00613992
441,0.00613995
442,0.00613921
443,0.00613995
444,0.00613991
445,0.00613995
446,0.00613937
447,0.00613995
448,0.00613976
449,0.00613995
450,0.00613963
451,0.00613995
452,0.00613961
453,0.00613995
454,0.00613966
455,0.00613995
456,0.00613994
457,0.00613995
458,0.00613968
459,0.00613995
460,0.00613974
461,0.00613995
462,0.00613995
463,0.00613995
464,0.00613995
465,0.00613995
466,0.00613849
467,0.00613995
468,0.00613971
469,0.00613995
470,0.00613959
471,0.00613995
472,0.00613981
473,0.00613995
474,0.00613993
475,0.00613995
476,0.00613923
477,0.00613995
478,0.00613935
479,0.00613995
480,0.00613792
481,0.00613995
482,0.00613948
483,0.00613995
484,0.00613928
485,0.00613995
486,0.00613992
487,0.00613995
488,0.00613993
489,0.00613995
490,0.00613885
491,0.00613995
492,0.0061399
493,0.00613995
494,0.006139
495,0.00613995
496,0.00613958
497,0.00613995
498,0.00613968
499,0.00613995
500,0.00613745
501,0.00613995
502,0.00613912
503,0.00613995
504,0.00613919
505,0.00613995
506,0.00613964
507,0.00613995
508,0.00613965
509,0.00613995
510,0.00613981
511,0.00613995
512,0.00613963
513,0.00613995
514,0.00613988
515,0.00613995
516,0.00613323
517,0.00613995
518,0.00613895
519,0.00613995
520,0.00613919
521,0.00613995
522,0.00613992
523,0.00613995
524,0.00613994
525,0.00613995
526,0.00613964
527,0.00613995
528,0.00613986
529,0.00613995
530,0.00613981
531,0.00613995
532,0.00613966
533,0.00613995
534,0.00613995
535,0.00613995
536,0.00613835
537,0.00613995
538,0.00613955
539,0.00613995
540,0.00613993
541,0.00613995
542,0.00613979
543,0.00613995
544,0.00613937
545,0.00613995
546,0.00613994
547,0.00613995
548,0.00613988
549,0.00613995
550,0.00613912
551,0.00613995
552,0.00613995
553,0.00613995
554,0.00613967
555,0.00613995
556,0.00613822
557,0.00613995
558,0.00613966
559,0.00613995
560,0.00613936
561,0.00613995
562,0.00613992
563,0.00613995
564,0.00613989
565,0.00613995
566,0.00613995
567,0.00613995
568,0.00613896
569,0.00613995
570,0.00613995
571,0.00613995
572,0.00613994
573,0.00613995
574,0.00613992
575,0.00613995
576,0.00613969
577,0.00613995
578,0.00613988
579,0.00613995
580,0.00613993
581,0.00613995
582,0.00613967
583,0.00613995
584,0.00613995
585,0.00613995
586,0.00613947
587,0.00613995
588,0.00613974
589,0.00613995
590,0.00613961
591,0.00613995
592,0.00613725
593,0.00613995
594,0.0061399
595,0.00613995
596,0.00613908
597,0.00613995
598,0.00613966
599,0.00613995
600,0.00613988
601,0.00613995
602,0.00613816
603,0.00613995
604,0.00613961
605,0.00613995
606,0.00613969
607,0.00613995
608,0.00613957
609,0.00613995
610,0.00613976
611,0.00613995
612,0.00613977
613,0.00613995
614,0.00613983
615,0.00613995
616,0.00613956
617,0.00613995
618,0.00613978
619,0.00613995
620,0.00613971
621,0.00613995
622,0.00613928
623,0.00613995
624,0.0061397
625,0.00613995
626,0.00613971
627,0.00613995
628,0.00613961
629,0.00613995
630,0.00613988
631,0.00613995
632,0.00613949
633,0.00613995
634,0.00613992
635,0.00613995
636,0.00613988
637,0.00613995
638,0.00613979
639,0.00613995
640,0.00613977
641,0.00613995
642,0.00613993
643,0.00613995
644,0.00613945
645,0.00613995
646,0.00613994
647,0.00613995
648,0.00613992
649,0.00613995
650,0.00613971
651,0.00613995
652,0.00613829
653,0.00613995
654,0.00613993
655,0.00613995
656,0.00613968
657,0.00613995
658,0.00613974
659,0.00613995
660,0.00613877
661,0.00613995
662,0.00613517
663,0.00613995
664,0.00613766
665,0.00613995
666,0.00613969
667,0.00613995
668,0.00613972
669,0.00613995
670,0.00613924
671,0.00613995
672,0.00613972
673,0.00613995
674,0.00613967
675,0.00613995
676,0.00613817
677,0.00613995
678,0.00613974
679,0.00613995
680,0.00613989
681,0.00613995
682,0.00613995
683,0.00613995
684,0.0061395
685,0.00613995
686,0.00613994
687,0.00613995
688,0.00613988
689,0.00613995
690,0.00613907
691,0.00613995
692,0.0061387
693,0.00613995
694,0.00613975
695,0.00613995
696,0.00613832
697,0.00613995
698,0.0061399
699,0.00613995
700,0.00613995
701,0.00613995
702,0.00613966
703,0.00613995
704,0.00613991
705,0.00613995
706,0.00613995
707,0.00613995
708,0.00613966
709,0.00613995
710,0.00613809
711,0.00613995
712,0.00613992
713,0.00613995
714,0.00613957
715,0.00613995
716,0.00613926
717,0.00613995
718,0.00613914
719,0.00613995
720,0.00613974
721,0.00613995
722,0.0061396
723,0.00613995
724,0.00613877
725,0.00613995
726,0.00613967
727,0.00613995
728,0.00613971
729,0.00613995
730,0.00613993
731,0.00613995
732,0.00613994
733,0.00613995
734,0.00613992
735,0.00613995
736,0.00613969
737,0.00613995
738,0.00613992
739,0.00613995
740,0.0061399
741,0.00613995
742,0.00613965
743,0.00613995
744,0.00613993
745,0.00613995
746,0.00613984
747,0.00613995
748,0.00613967
749,0.00613995
750,0.00613984
751,0.00613995
752,0.00613994
753,0.00613995
754,0.00613989
755,0.00613995
756,0.00613835
757,0.00613995
758,0.00613994
759,0.00613995
760,0.00613973
761,0.00613995
762,0.00613967
763,0.00613995
764,0.00613966
765,0.00613995
766,0.00613994
767,0.00613995
768,0.0061399
769,0.00613995
770,0.00613952
771,0.00613995
772,0.00613943
773,0.00613995
774,0.0061392
775,0.00613995
776,0.00613637
777,0.00613995
778,0.00613995
779,0.00613995
780,0.00613966
781,0.00613995
782,0.0061396
783,0.00613995
784,0.00613987
785,0.00613995
786,0.00613961
787,0.00613995
788,0.00613986
789,0.00613995
790,0.00613962
791,0.00613995
792,0.00613953
793,0.00613995
794,0.00613981
795,0.00613995
796,0.00613965
797,0.00613995
798,0.00613927
799,0.00613995
800,0.00613988
801,0.00613995
802,0.00613987
803,0.00613995
804,0.00613976
805,0.00613995
806,0.00613995
807,0.00613995
808,0.00613993
809,0.00613995
810,0.00613966
811,0.00613995
812,0.00613988
813,0.00613995
814,0.00613915
815,0.00613995
816,0.00613917
817,0.00613995
818,0.00613992
819,0.00613995
820,0.00613972
821,0.00613995
822,0.00613932
823,0.00613995
824,0.00613854
825,0.00613995
826,0.00613987
827,0.00613995
828,0.00613927
829,0.00613995
830,0.00613785
831,0.00613995
832,0.00613813
833,0.00613995
834,0.00613942
835,0.00613995
836,0.00613887
837,0.00613995
838,0.00613985
839,0.00613995
840,0.00613932
841,0.00613995
842,0.00613985
843,0.00613995
844,0.00613966
845,0.00613995
846,0.00613957
847,0.00613995
848,0.00613971
849,0.00613995
850,0.0061395
851,0.00613995
852,0.00613988
853,0.00613995
854,0.00613952
855,0.00613995
856,0.00613898
857,0.00613995
858,0.00613893
859,0.00613995
860,0.00613993
861,0.00613995
862,0.00613867
863,0.00613995
864,0.00613958
865,0.00613995
866,0.00613879
867,0.00613995
868,0.00613985
869,0.00613995
870,0.00613945
871,0.00613995
872,0.0061396
873,0.00613995
874,0.00613932
875,0.00613995
876,0.00613969
877,0.00613995
878,0.00613993
879,0.00613995
880,0.00613995
881,0.00613995
882,0.00613977
883,0.00613995
884,0.00613994
885,0.00613995
886,0.00613952
887,0.00613995
888,0.00613973
889,0.00613995
890,0.00613789
891,0.00613995
892,0.00613984
893,0.00613995
894,0.00613983
895,0.00613995
896,0.00613987
897,0.00613995
898,0.00613967
899,0.00613995
900,0.00613979
901,0.00613995
902,0.00613973
903,0.00613995
904,0.00613952
905,0.00613995
906,0.0061398
907,0.00613995
908,0.00613989
909,0.00613995
910,0.0061392
911,0.00613995
912,0.00613987
913,0.00613995
914,0.0061379
915,0.00613995
916,0.00613961
917,0.00613995
918,0.00613991
919,0.00613995
920,0.00613979
921,0.00613995
922,0.00613757
923,0.00613995
924,0.00613995
925,0.00613995
926,0.00613995
927,0.00613995
928,0.00613957
929,0.00613995
930,0.00613951
931,0.00613995
932,0.00613995
933,0.00613995
934,0.00613972
935,0.00613995
936,0.00613924
937,0.00613995
938,0.00613974
939,0.00613995
940,0.0061398
941,0.00613995
942,0.00613984
943,0.00613995
944,0.00613994
945,0.00613995
946,0.0061397
947,0.00613995
948,0.00613975
949,0.00613995
950,0.00613952
951,0.00613995
952,0.00613984
953,0.00613995
954,0.00613982
955,0.00613995
956,0.00613945
957,0.00613995
958,0.0061398
959,0.00613995
960,0.00613961
961,0.00613995
962,0.00613993
963,0.00613995
964,0.00613995
965,0.00613995
966,0.00613992
967,0.00613995
968,0.00613961
969,0.00613995
970,0.00613993
971,0.00613995
972,0.0061395
973,0.00613995
974,0.00613995
975,0.00613995
976,0.00613969
977,0.00613995
978,0.00613994
979,0.00613995
980,0.0061389
981,0.00613995
982,0.00613967
983,0.00613995
984,0.00613994
985,0.00613995
986,0.0061381
987,0.00613995
988,0.00613988
989,0.00613995
990,0.00613982
991,0.00613995
992,0.00613904
993,0.00613995
994,0.00613995
995,0.00613995
996,0.00613994
997,0.00613995
998,0.00613852
999,0.00613995
1000,0.00613869
1001,0.00613995
1002,0.0061382
1003,0.00613995
1004,0.00613989
1005,0.00613995
1006,0.00613989
1007,0.00613995
1008,0.00613963
1009,0.00613995
1010,0.00613982
1011,0.00613995
1012,0.0061397
1013,0.00613995
1014,0.00613962
1015,0.00613995
1016,0.00613989
1017,0.00613995
1018,0.00613988
1019,0.00613995
1020,0.00613992
1021,0.00613995
1022,0.00613986
1023,0.00613995
1024,0.00613994
1025,0.00613995
1026,0.00613986
1027,0.00613995
1028,0.00613852
1029,0.00613995
1030,0.00613978
1031,0.00613995
1032,0.00613978
1033,0.00613995
1034,0.0061398
1035,0.00613995
1036,0.00613986
1037,0.00613995
1038,0.00613977
1039,0.00613995
1040,0.00613973
1041,0.00613995
1042,0.00613988
1043,0.00613995
1044,0.00613993
1045,0.00613995
1046,0.00613962
1047,0.00613995
1048,0.00613994
1049,0.00613995
1050,0.00613995
1051,0.00613995
1052,0.00613995
1053,0.00613995
1054,0.00613985
1055,0.00613995
1056,0.00613981
1057,0.00613995
1058,0.00613973
1059,0.00613995
1060,0.00613842
1061,0.00613995
1062,0.00613993
1063,0.00613995
1064,0.00613985
1065,0.00613995
1066,0.00613982
1067,0.00613995
1068,0.00613986
1069,0.00613995
1070,0.00613979
1071,0.00613995
1072,0.00613963
1073,0.00613995
1074,0.00613995
1075,0.00613995
1076,0.0061389
1077,0.00613995
1078,0.00613849
1079,0.00613995
1080,0.00613995
1081,0.00613995
1082,0.00613981
1083,0.00613995
1084,0.00613882
1085,0.00613995
1086,0.00613793
1087,0.00613995
1088,0.0061392
1089,0.00613995
1090,0.0061392
1091,0.00613995
1092,0.00613994
1093,0.00613995
1094,0.00613994
1095,0.00613995
1096,0.00613971
1097,0.00613995
1098,0.00613961
1099,0.00613995
1100,0.00613956
1101,0.00613995
1102,0.00613988
1103,0.00613995
1104,0.00613969
1105,0.00613995
1106,0.00613882
1107,0.00613995
1108,0.00613991
1109,0.00613995
1110,0.00613984
1111,0.00613995
1112,0.00613983
1113,0.00613995
1114,0.00613986
1115,0.00613995
1116,0.00613983
1117,0.00613995
1118,0.00613992
1119,0.00613995
1120,0.00613993
1121,0.00613995
1122,0.00613989
1123,0.00613995
1124,0.00613931
1125,0.00613995
1126,0.0061392
1127,0.00613995
1128,0.00613994
1129,0.00613995
1130,0.00613989
1131,0.00613995
1132,0.00613205
1133,0.00613995
1134,0.00613853
1135,0.00613995
1136,0.00613988
1137,0.00613995
1138,0.00613994
1139,0.00613995
1140,0.00613985
1141,0.00613995
1142,0.00613991
1143,0.00613995
1144,0.00613988
1145,0.00613995
1146,0.00613988
1147,0.00613995
1148,0.00613947
1149,0.00613995
1150,0.00613992
1151,0.00613995
1152,0.00613834
1153,0.00613995
1154,0.00613758
1155,0.00613995
1156,0.00613994
1157,0.00613995
1158,0.00613663
1159,0.00613995
1160,0.00613961
1161,0.00613995
1162,0.00613962
1163,0.00613995
1164,0.00613319
1165,0.00613995
1166,0.00613866
1167,0.00613995
1168,0.00613988
1169,0.00613995
1170,0.00613985
1171,0.00613995
1172,0.00613994
1173,0.00613995
1174,0.00613891
1175,0.00613995
1176,0.00613974
1177,0.00613995
1178,0.00613993
1179,0.00613995
1180,0.00613963
1181,0.00613995
1182,0.00613994
1183,0.00613995
1184,0.00613987
1185,0.00613995
1186,0.00613994
1187,0.00613995
1188,0.00613868
1189,0.00613995
1190,0.00613942
1191,0.00613995
1192,0.00613986
1193,0.00613995
1194,0.0061395
1195,0.00613995
1196,0.00613982
1197,0.00613995
1198,0.00613898
1199,0.00613995
1200,0.00613932
1201,0.00613995
1202,0.00613924
1203,0.00613995
1204,0.00613994
1205,0.00613995
1206,0.00613994
1207,0.00613995
1208,0.00613955
1209,0.00613995
1210,0.00613993
1211,0.00613995
1212,0.00613979
1213,0.00613995
1214,0.00613995
1215,0.00613995
1216,0.0061399
1217,0.00613995
1218,0.00613951
1219,0.00613995
1220,0.00613937
1221,0.00613995
1222,0.00613977
1223,0.00613995
1224,0.00613955
1225,0.00613995
1226,0.00613885
1227,0.00613995
1228,0.00613953
1229,0.00613995
1230,0.00613773
1231,0.00613995
1232,0.00613828
1233,0.00613995
1234,0.00613813
1235,0.00613995
1236,0.00613995
1237,0.00613995
1238,0.00613961
1239,0.00613995
1240,0.00613929
1241,0.00613995
1242,0.00613952
1243,0.00613995
1244,0.00613918
1245,0.00613995
1246,0.00613993
1247,0.00613995
1248,0.00613932
1249,0.00613995
1250,0.0061387
1251,0.00613995
1252,0.00613981
1253,0.00613995
1254,0.00613991
1255,0.00613995
1256,0.00613992
1257,0.00613995
1258,0.00613994
1259,0.00613995
1260,0.00613894
1261,0.00613995
1262,0.00613979
1263,0.00613995
1264,0.00613986
1265,0.00613995
1266,0.00613976
1267,0.00613995
1268,0.00613872
1269,0.00613995
1270,0.00613991
1271,0.00613995
1272,0.0061391
1273,0.00613995
1274,0.00613991
1275,0.00613995
1276,0.00613971
1277,0.00613995
1278,0.0061398
1279,0.00613995
1280,0.00613839
1281,0.00613995
1282,0.00613885
1283,0.00613995
1284,0.0061399
1285,0.00613995
1286,0.00613994
1287,0.00613995
1288,0.00613967
1289,0.00613995
1290,0.00613938
1291,0.00613995
1292,0.00613985
1293,0.00613995
1294,0.00613994
1295,0.00613995
1296,0.00613824
1297,0.00613995
1298,0.00613992
1299,0.00613995
1300,0.00613935
1301,0.00613995
1302,0.00613992
1303,0.00613995
1304,0.00613925
1305,0.00613995
1306,0.00613948
1307,0.00613995
1308,0.00613989
1309,0.00613995
1310,0.00613988
1311,0.00613995
1312,0.00613988
1313,0.00613995
1314,0.00613994
1315,0.00613995
1316,0.00613891
1317,0.00613995
1318,0.0061399
1319,0.00613995
1320,0.0061391
1321,0.00613995
1322,0.00613987
1323,0.00613995
1324,0.00613995
1325,0.00613995
1326,0.0061399
1327,0.00613995
1328,0.00613953
1329,0.00613995
1330,0.00613872
1331,0.00613995
1332,0.00613931
1333,0.00613995
1334,0.00613992
1335,0.00613995
1336,0.00613966
1337,0.00613995
1338,0.00613641
1339,0.00613995
1340,0.0061395
1341,0.00613995
1342,0.00613907
1343,0.00613995
1344,0.00613995
1345,0.00613995
1346,0.00613965
1347,0.00613995
1348,0.00613963
1349,0.00613995
1350,0.00613994
1351,0.00613995
1352,0.00613991
1353,0.00613995
1354,0.0061399
1355,0.00613995
1356,0.00613926
1357,0.00613995
1358,0.00613991
1359,0.00613995
1360,0.00613973
1361,0.00613995
1362,0.0061395
1363,0.00613995
1364,0.00613976
1365,0.00613995
1366,0.00613993
1367,0.00613995
1368,0.00613901
1369,0.00613995
1370,0.00613993
1371,0.00613995
1372,0.00613848
1373,0.00613995
1374,0.00613979
1375,0.00613995
1376,0.00613983
1377,0.00613995
1378,0.00613556
1379,0.00613995
1380,0.00613976
1381,0.00613995
1382,0.00613978
1383,0.00613995
1384,0.00613886
1385,0.00613995
1386,0.0061397
1387,0.00613995
1388,0.00613995
1389,0.00613995
1390,0.00613933
1391,0.00613995
1392,0.00613972
1393,0.00613995
1394,0.00613815
1395,0.00613995
1396,0.00613992
1397,0.00613995
1398,0.00613921
1399,0.00613995
1400,0.00613995
1401,0.00613995
1402,0.00613965
1403,0.00613995
1404,0.00613944
1405,0.00613995
1406,0.00613981
1407,0.00613995
1408,0.00613972
1409,0.00613995
1410,0.00613991
1411,0.00613995
1412,0.00613993
1413,0.00613995
1414,0.00613992
1415,0.00613995
1416,0.0061397
1417,0.00613995
1418,0.00613995
1419,0.00613995
1420,0.00613695
1421,0.00613995
1422,0.00613989
1423,0.00613995
1424,0.00613874
1425,0.00613995
1426,0.0061392
1427,0.00613995
1428,0.00613963
1429,0.00613995
1430,0.00613995
1431,0.00613995
1432,0.00613995
1433,0.00613995
1434,0.00613976
1435,0.00613995
1436,0.00613302
1437,0.00613995
1438,0.00613995
1439,0.00613995
1440,0.00613988
1441,0.00613995
1442,0.00613968
1443,0.00613995
1444,0.00613993
1445,0.00613995
1446,0.0061384
1447,0.00613995
1448,0.00613889
1449,0.00613995
1450,0.00613987
1451,0.00613995
1452,0.00613964
1453,0.00613995
1454,0.00613994
1455,0.00613995
1456,0.00613987
1457,0.00613995
1458,0.00613964
1459,0.00613995
1460,0.00613994
1461,0.00613995
1462,0.00613988
1463,0.00613995
1464,0.00613985
1465,0.00613995
1466,0.00613976
1467,0.00613995
1468,0.00613995
1469,0.00613995
1470,0.00613844
1471,0.00613995
1472,0.00613957
1473,0.00613995
1474,0.00613991
1475,0.00613995
1476,0.00613959
1477,0.00613995
1478,0.00613913
1479,0.00613995
1480,0.00613973
1481,0.00613995
1482,0.00613906
1483,0.00613995
1484,0.00613994
1485,0.00613995
1486,0.00613976
1487,0.00613995
1488,0.00613984
1489,0.00613995
1490,0.0061396
1491,0.00613995
1492,0.00613966
1493,0.00613995
1494,0.0061398
1495,0.00613995
1496,0.00613843
1497,0.00613995
1498,0.00613847
1499,0.00613995
1500,0.00613995
1501,0.00613995
1502,0.00613853
1503,0.00613995
1504,0.00613995
1505,0.00613995
1506,0.00613987
1507,0.00613995
1508,0.00613913
1509,0.00613995
1510,0.00613986
1511,0.00613995
1512,0.00613959
1513,0.00613995
1514,0.00613805
1515,0.00613995
1516,0.00613989
1517,0.00613995
1518,0.00613984
1519,0.00613995
1520,0.00613974
1521,0.00613995
1522,0.00613926
1523,0.00613995
1524,0.00613995
1525,0.00613995
1526,0.00613988
1527,0.00613995
1528,0.00613906
1529,0.00613995
1530,0.0061398
1531,0.00613995
1532,0.00613904
1533,0.00613995
1534,0.00613553
1535,0.00613995
1536,0.00613992
1537,0.00613995
1538,0.00613937
1539,0.00613995
1540,0.00613973
1541,0.00613995
1542,0.00613948
1543,0.00613995
1544,0.00613995
1545,0.00613995
1546,0.00613912
1547,0.00613995
1548,0.00613982
1549,0.00613995
1550,0.00613993
1551,0.00613995
1552,0.00613635
1553,0.00613995
1554,0.00613985
1555,0.00613995
1556,0.00613945
1557,0.00613995
1558,0.00613855
1559,0.00613995
1560,0.00613906
1561,0.00613995
1562,0.00613961
1563,0.00613995
1564,0.00613983
1565,0.00613995
1566,0.00613995
1567,0.00613995
1568,0.00613988
1569,0.00613995
1570,0.00613758
1571,0.00613995
1572,0.00613957
1573,0.00613995
1574,0.00613927
1575,0.00613995
1576,0.00613855
1577,0.00613995
1578,0.0061398
1579,0.00613995
1580,0.00613925
1581,0.00613995
1582,0.0061378
1583,0.00613995
1584,0.00613951
1585,0.00613995
1586,0.00613995
1587,0.00613995
1588,0.00613967
1589,0.00613995
1590,0.00613954
1591,0.00613995
1592,0.00613965
1593,0.00613995
1594,0.00613959
1595,0.00613995
1596,0.00613864
1597,0.00613995
1598,0.00613973
1599,0.00613995
1600,0.00613994
1601,0.00613995
1602,0.00613985
1603,0.00613995
1604,0.0061397
1605,0.00613995
1606,0.00613995
1607,0.00613995
1608,0.00613991
1609,0.00613995
1610,0.00613841
1611,0.00613995
1612,0.00613814
1613,0.00613995
1614,0.00613942
1615,0.00613995
1616,0.00613995
1617,0.00613995
1618,0.00613922
1619,0.00613995
1620,0.00613989
1621,0.00613995
1622,0.0061391
1623,0.00613995
1624,0.00613936
1625,0.00613995
1626,0.00613994
1627,0.00613995
1628,0.0061399
1629,0.00613995
1630,0.00613994
1631,0.00613995
1632,0.00613992
1633,0.00613995
1634,0.00613995
1635,0.00613995
1636,0.00613961
1637,0.00613995
1638,0.00613968
1639,0.00613995
1640,0.00613972
1641,0.00613995
1642,0.00613992
1643,0.00613995
1644,0.0061388
1645,0.00613995
1646,0.00613945
1647,0.00613995
1648,0.00613991
1649,0.00613995
1650,0.00613995
1651,0.00613995
1652,0.00613959
1653,0.00613995
1654,0.00613992
1655,0.00613995
1656,0.0061387
1657,0.00613995
1658,0.00613925
1659,0.00613995
1660,0.00613986
1661,0.00613995
1662,0.00613994
1663,0.00613995
1664,0.00613937
1665,0.00613995
1666,0.00613964
1667,0.00613995
1668,0.00613992
1669,0.00613995
1670,0.0061398
1671,0.00613995
1672,0.00613975
1673,0.00613995
1674,0.00613937
1675,0.00613995
1676,0.00613989
1677,0.00613995
1678,0.00613946
1679,0.00613995
1680,0.0061397
1681,0.00613995
1682,0.00613924
1683,0.00613995
1684,0.0061364
1685,0.00613995
1686,0.00613929
1687,0.00613995
1688,0.00613915
1689,0.00613995
1690,0.00613994
1691,0.00613995
1692,0.00613969
1693,0.00613995
1694,0.0061394
1695,0.00613995
1696,0.00613915
1697,0.00613995
1698,0.00613994
1699,0.00613995
1700,0.00613995
1701,0.00613995
1702,0.006139
1703,0.00613995
1704,0.00613989
1705,0.00613995
1706,0.00613971
1707,0.00613995
1708,0.00613957
1709,0.00613995
1710,0.0061399
1711,0.00613995
1712,0.00613952
1713,0.00613995
1714,0.00613987
1715,0.00613995
1716,0.00613898
1717,0.00613995
1718,0.00613991
1719,0.00613995
1720,0.00613993
1721,0.00613995
1722,0.00613995
1723,0.00613995
1724,0.00613989
1725,0.00613995
1726,0.00613952
1727,0.00613995
1728,0.00613994
1729,0.00613995
1730,0.00613917
1731,0.00613995
1732,0.00613984
1733,0.00613995
1734,0.00613971
1735,0.00613995
1736,0.0061399
1737,0.00613995
1738,0.00613988
1739,0.00613995
1740,0.00613962
1741,0.00613995
1742,0.00613955
1743,0.00613995
1744,0.00613947
1745,0.00613995
1746,0.00613969
1747,0.00613995
1748,0.0061395
1749,0.00613995
1750,0.00613994
1751,0.00613995
1752,0.00613995
1753,0.00613995
1754,0.00613129
1755,0.00613995
1756,0.00613969
1757,0.00613995
1758,0.00613988
1759,0.00613995
1760,0.00613994
1761,0.00613995
1762,0.00613991
1763,0.00613995
1764,0.00613994
1765,0.00613995
1766,0.00613336
1767,0.00613995
1768,0.00613988
1769,0.00613995
1770,0.00613991
1771,0.00613995
1772,0.00613836
1773,0.00613995
1774,0.00613972
1775,0.00613995
1776,0.00613961
1777,0.00613995
1778,0.00613826
1779,0.00613995
1780,0.00613988
1781,0.00613995
1782,0.00613964
1783,0.00613995
1784,0.00613991
1785,0.00613995
1786,0.00613955
1787,0.00613995
1788,0.00613985
1789,0.00613995
1790,0.00613995
1791,0.00613995
1792,0.0061394
1793,0.00613995
1794,0.00613993
1795,0.00613995
1796,0.00613991
1797,0.00613995
1798,0.00613967
1799,0.00613995
1800,0.00613954
1801,0.00613995
1802,0.00613967
1803,0.00613995
1804,0.00613945
1805,0.00613995
1806,0.0061398
1807,0.00613995
1808,0.00613914
1809,0.00613995
1810,0.00613967
1811,0.00613995
1812,0.00613992
1813,0.00613995
1814,0.00613993
1815,0.00613995
1816,0.00613991
1817,0.00613995
1818,0.00613989
1819,0.00613995
1820,0.00613976
1821,0.00613995
1822,0.0061392
1823,0.00613995
1824,0.00613979
1825,0.00613995
1826,0.00613913
1827,0.00613995
1828,0.0061397
1829,0.00613995
1830,0.00613993
1831,0.00613995
1832,0.00613987
1833,0.00613995
1834,0.00613965
1835,0.00613995
1836,0.00613892
1837,0.00613995
1838,0.00613995
1839,0.00613995
1840,0.00613994
1841,0.00613995
1842,0.00613992
1843,0.00613995
1844,0.00613576
1845,0.00613995
1846,0.00613974
1847,0.00613995
1848,0.00613985
1849,0.00613995
1850,0.00613964
1851,0.00613995
1852,0.00613988
1853,0.00613995
1854,0.0061399
1855,0.00613995
1856,0.00613991
1857,0.00613995
1858,0.00613904
1859,0.00613995
1860,0.00613967
1861,0.00613995
1862,0.00613977
1863,0.00613995
1864,0.00613994
1865,0.00613995
1866,0.00613995
1867,0.00613995
1868,0.00613818
1869,0.00613995
1870,0.00613988
1871,0.00613995
1872,0.00613753
1873,0.00613995
1874,0.00613994
1875,0.00613995
1876,0.00613989
1877,0.00613995
1878,0.00613994
1879,0.00613995
1880,0.00613993
1881,0.00613995
1882,0.00613958
1883,0.00613995
1884,0.00613909
1885,0.00613995
1886,0.00613988
1887,0.00613995
1888,0.00613973
1889,0.00613995
1890,0.006139
1891,0.00613995
1892,0.00613989
1893,0.00613995
1894,0.00613967
1895,0.00613995
1896,0.0061399
1897,0.00613995
1898,0.00613969
1899,0.00613995
1900,0.00613995
1901,0.00613995
1902,0.00613899
1903,0.00613995
1904,0.00613995
1905,0.00613995
1906,0.00613985
1907,0.00613995
1908,0.00613986
1909,0.00613995
1910,0.00613693
1911,0.00613995
1912,0.00613961
1913,0.00613995
1914,0.00613946
1915,0.00613995
1916,0.0061384
1917,0.00613995
1918,0.00613993
1919,0.00613995
1920,0.00613893
1921,0.00613995
1922,0.00613931
1923,0.00613995
1924,0.00613983
1925,0.00613995
1926,0.00613885
1927,0.00613995
1928,0.00613983
1929,0.00613995
1930,0.00613948
1931,0.00613995
1932,0.00613942
1933,0.00613995
1934,0.00613939
1935,0.00613995
1936,0.00613995
1937,0.00613995
1938,0.00613959
1939,0.00613995
1940,0.00613995
1941,0.00613995
1942,0.00613971
1943,0.00613995
1944,0.00613961
1945,0.00613995
1946,0.00613904
1947,0.00613995
1948,0.00613994
1949,0.00613995
1950,0.00613947
1951,0.00613995
1952,0.00613986
1953,0.00613995
1954,0.0061398
1955,0.00613995
1956,0.00613976
1957,0.00613995
1958,0.0061392
1959,0.00613995
1960,0.00613982
1961,0.00613995
1962,0.0061399
1963,0.00613995
1964,0.00613889
1965,0.00613995
1966,0.00613972
1967,0.00613995
1968,0.00613919
1969,0.00613995
1970,0.00613992
1971,0.00613995
1972,0.00613994
1973,0.00613995
1974,0.00613958
1975,0.00613995
1976,0.00613994
1977,0.00613995
1978,0.00613964
1979,0.00613995
1980,0.00613933
1981,0.00613995
1982,0.00613972
1983,0.00613995
1984,0.00613964
1985,0.00613995
1986,0.00613961
1987,0.00613995
1988,0.00613995
1989,0.00613995
1990,0.00613977
1991,0.00613995
1992,0.0061399
1993,0.00613995
1994,0.00613891
1995,0.00613995
1996,0.00613919
1997,0.00613995
1998,0.00613992
1999,0.00613995
2000,0.00613968
2001,0.00613995
2002,0.0061397
2003,0.00613995
2004,0.0061397
2005,0.00613995
2006,0.00613991
2007,0.00613995
2008,0.00613953
2009,0.00613995
2010,0.00613967
2011,0.00613995
2012,0.00613994
2013,0.00613995
2014,0.00613982
2015,0.00613995
2016,0.00613994
2017,0.00613995
2018,0.00613993
2019,0.00613995
2020,0.00613992
2021,0.00613995
2022,0.00613974
2023,0.00613995
2024,0.00613788
2025,0.00613995
2026,0.00613993
2027,0.00613995
2028,0.00613988
2029,0.00613995
2030,0.0061399
2031,0.00613995
2032,0.00613992
2033,0.00613995
2034,0.00613994
2035,0.00613995
2036,0.00613995
2037,0.00613995
2038,0.00613982
2039,0.00613995
2040,0.00613985
2041,0.00613995
2042,0.00613994
2043,0.00613995
2044,0.00613983
2045,0.00613995
2046,0.00613995
2047,0.00613995
2048,0.00613975
2049,0.00613995
2050,0.00613937
2051,0.00613995
2052,0.00613995
2053,0.00613995
2054,0.00613984
2055,0.00613995
2056,0.00613992
2057,0.00613995
2058,0.00613894
2059,0.00613995
2060,0.00613959
2061,0.00613995
2062,0.00613982
2063,0.00613995
2064,0.00613993
2065,0.00613995
2066,0.00613991
2067,0.00613995
2068,0.00613969
2069,0.00613995
2070,0.00613991
2071,0.00613995
2072,0.00613928
2073,0.00613995
2074,0.00613994
2075,0.00613995
2076,0.00613965
2077,0.00613995
2078,0.00613918
2079,0.00613995
2080,0.00613931
2081,0.00613995
2082,0.00613994
2083,0.00613995
2084,0.00613995
2085,0.00613995
2086,0.00613943
2087,0.00613995
2088,0.00613975
2089,0.00613995
2090,0.00613973
2091,0.00613995
2092,0.00613992
2093,0.00613995
2094,0.00613946
2095,0.00613995
2096,0.00613901
2097,0.00613995
2098,0.00613977
2099,0.00613995
2100,0.00613992
2101,0.00613995
2102,0.00613962
2103,0.00613995
2104,0.00613988
2105,0.00613995
2106,0.00613978
2107,0.00613995
2108,0.00613905
2109,0.00613995
2110,0.00613991
2111,0.00613995
2112,0.00613344
2113,0.00613995
2114,0.00613966
2115,0.00613995
2116,0.00613989
2117,0.00613995
2118,0.00613995
2119,0.00613995
2120,0.00613986
2121,0.00613995
2122,0.00613993
2123,0.00613995
2124,0.00613982
2125,0.00613995
2126,0.00613893
2127,0.00613995
2128,0.00613994
2129,0.00613995
2130,0.00613936
2131,0.00613995
2132,0.00613992
2133,0.00613995
2134,0.00613971
2135,0.00613995
2136,0.00613991
2137,0.00613995
2138,0.0061393
2139,0.00613995
2140,0.00613992
2141,0.00613995
2142,0.00613991
2143,0.00613995
2144,0.00613536
2145,0.00613995
2146,0.0061397
2147,0.00613995
2148,0.00613991
2149,0.00613995
2150,0.0061397
2151,0.00613995
2152,0.00613992
2153,0.00613995
2154,0.0061396
2155,0.00613995
2156,0.00613977
2157,0.00613995
2158,0.00613907
2159,0.00613995
2160,0.00613983
2161,0.00613995
2162,0.00613988
2163,0.00613995
2164,0.00613828
2165,0.00613995
2166,0.00613978
2167,0.00613995
2168,0.00613705
2169,0.00613995
2170,0.00613912
2171,0.00613995
2172,0.00613986
2173,0.00613995
2174,0.00613967
2175,0.00613995
2176,0.00613957
2177,0.00613995
2178,0.00613961
2179,0.00613995
2180,0.00613944
2181,0.00613995
2182,0.00613975
2183,0.00613995
2184,0.00613871
2185,0.00613995
2186,0.00613993
2187,0.00613995
2188,0.00613973
2189,0.00613995
2190,0.00613948
2191,0.00613995
2192,0.00613981
2193,0.00613995
2194,0.00613987
2195,0.00613995
2196,0.00613967
2197,0.00613995
2198,0.00613839
2199,0.00613995
2200,0.00613979
2201,0.00613995
2202,0.00613982
2203,0.00613995
2204,0.00613994
2205,0.00613995
2206,0.00613956
2207,0.00613995
2208,0.00613982
2209,0.00613995
2210,0.00613969
2211,0.00613995
2212,0.00613922
2213,0.00613995
2214,0.00613994
2215,0.00613995
2216,0.00613994
2217,0.00613995
2218,0.00613987
2219,0.00613995
2220,0.00613941
2221,0.00613995
2222,0.00613995
2223,0.00613995
2224,0.00613967
2225,0.00613995
2226,0.00613767
2227,0.00613995
2228,0.00613494
2229,0.00613995
2230,0.00613993
2231,0.00613995
2232,0.00613883
2233,0.00613995
2234,0.00613967
2235,0.00613995
2236,0.00613967
2237,0.00613995
2238,0.00613992
2239,0.00613995
2240,0.00613897
2241,0.00613995
2242,0.00613992
2243,0.00613995
2244,0.00613991
2245,0.00613995
2246,0.0061392
2247,0.00613995
2248,0.00613899
2249,0.00613995
2250,0.00613961
2251,0.00613995
2252,0.00613992
2253,0.00613995
2254,0.00613987
2255,0.00613995
2256,0.00613952
2257,0.00613995
2258,0.00613859
2259,0.00613995
2260,0.00613925
2261,0.00613995
2262,0.00613986
2263,0.00613995
2264,0.0061399
2265,0.00613995
2266,0.00613953
2267,0.00613995
2268,0.0061397
2269,0.00613995
2270,0.00613988
2271,0.00613995
2272,0.00613975
2273,0.00613995
2274,0.00613992
2275,0.00613995
2276,0.00613908
2277,0.00613995
2278,0.0061399
2279,0.00613995
2280,0.00613966
2281,0.00613995
2282,0.00613955
2283,0.00613995
2284,0.00613988
2285,0.00613995
2286,0.006139
2287,0.00613995
2288,0.00613973
2289,0.00613995
2290,0.00613988
2291,0.00613995
2292,0.00613986
2293,0.00613995
2294,0.00613902
2295,0.00613995
2296,0.00613963
2297,0.00613995
2298,0.00613816
2299,0.00613995
2300,0.00613992
2301,0.00613995
2302,0.00613992
2303,0.00613995
2304,0.00613877
2305,0.00613995
2306,0.00613958
2307,0.00613995
2308,0.00613968
2309,0.00613995
2310,0.00613989
2311,0.00613995
2312,0.00613969
2313,0.00613995
2314,0.00613995
2315,0.00613995
2316,0.00613984
2317,0.00613995
2318,0.00613995
2319,0.00613995
2320,0.00613988
2321,0.00613995
2322,0.00613994
2323,0.00613995
2324,0.00613989
2325,0.00613995
2326,0.00613987
2327,0.00613995
2328,0.0061397
2329,0.00613995
2330,0.00613989
2331,0.00613995
2332,0.00613991
2333,0.00613995
2334,0.0061393
2335,0.00613995
2336,0.0061398
2337,0.00613995
2338,0.00613896
2339,0.00613995
2340,0.00613904
2341,0.00613995
2342,0.00613969
2343,0.00613995
2344,0.00613958
2345,0.00613995
2346,0.00613967
2347,0.00613995
2348,0.00613948
2349,0.00613995
2350,0.00613988
2351,0.00613995
2352,0.00613823
2353,0.00613995
2354,0.00613984
2355,0.00613995
2356,0.00613962
2357,0.00613995
2358,0.00613947
2359,0.00613995
2360,0.00613994
2361,0.00613995
2362,0.00613986
2363,0.00613995
2364,0.0061398
2365,0.00613995
2366,0.00613994
2367,0.00613995
2368,0.00613991
2369,0.00613995
2370,0.00613974
2371,0.00613995
2372,0.00613914
2373,0.00613995
2374,0.00613956
2375,0.00613995
2376,0.00613965
2377,0.00613995
2378,0.0061383
2379,0.00613995
2380,0.00613951
2381,0.00613995
2382,0.00613911
2383,0.00613995
2384,0.00613995
2385,0.00613995
2386,0.00613994
2387,0.00613995
2388,0.00613809
2389,0.00613995
2390,0.00613972
2391,0.00613995
2392,0.00613954
2393,0.00613995
2394,0.0061391
2395,0.00613995
2396,0.00613887
2397,0.00613995
2398,0.00613978
2399,0.00613995
2400,0.00613541
2401,0.00613995
2402,0.00613957
2403,0.00613995
2404,0.00613995
2405,0.00613995
2406,0.00613929
2407,0.00613995
2408,0.00613889
2409,0.00613995
2410,0.00613986
2411,0.00613995
2412,0.00613961
2413,0.00613995
2414,0.00613965
2415,0.00613995
2416,0.00613875
2417,0.00613995
2418,0.00613966
2419,0.00613995
2420,0.00613989
2421,0.00613995
2422,0.00613885
2423,0.00613995
2424,0.00613912
2425,0.00613995
2426,0.00613963
2427,0.00613995
2428,0.00613989
2429,0.00613995
2430,0.00613965
2431,0.00613995
2432,0.00613966
2433,0.00613995
2434,0.00613953
2435,0.00613995
2436,0.00613991
2437,0.00613995
2438,0.00613991
2439,0.00613995
2440,0.00613972
2441,0.00613995
2442,0.00613887
2443,0.00613995
2444,0.00613985
2445,0.00613995
2446,0.00613944
2447,0.00613995
2448,0.0061398
2449,0.00613995
2450,0.00613989
2451,0.00613995
2452,0.00613941
2453,0.00613995
2454,0.00613973
2455,0.00613995
2456,0.00613877
2457,0.00613995
2458,0.00613946
2459,0.00613995
2460,0.00613887
2461,0.00613995
2462,0.00613924
2463,0.00613995
2464,0.00613864
2465,0.00613995
2466,0.00613858
2467,0.00613995
2468,0.00613979
2469,0.00613995
2470,0.00613987
2471,0.00613995
2472,0.00613994
2473,0.00613995
2474,0.00613949
2475,0.00613995
2476,0.00613972
2477,0.00613995
2478,0.00613929
2479,0.00613995
2480,0.00613994
2481,0.00613995
2482,0.00613992
2483,0.00613995
2484,0.00613893
2485,0.00613995
2486,0.00613995
2487,0.00613995
2488,0.00613821
2489,0.00613995
2490,0.00613982
2491,0.00613995
2492,0.00613757
2493,0.00613995
2494,0.00613992
2495,0.00613995
2496,0.00613995
2497,0.00613995
2498,0.0061393
2499,0.00613995
2500,0.00613954
2501,0.00613995
2502,0.00613977
2503,0.00613995
2504,0.00613919
2505,0.00613995
2506,0.00613963
2507,0.00613995
2508,0.00613942
2509,0.00613995
2510,0.00613958
2511,0.00613995
2512,0.00613939
2513,0.00613995
2514,0.00613969
2515,0.00613995
2516,0.00613903
2517,0.00613995
2518,0.0061399
2519,0.00613995
2520,0.00613949
2521,0.00613995
2522,0.00613971
2523,0.00613995
2524,0.00613994
2525,0.00613995
2526,0.00613924
2527,0.00613995
2528,0.00613984
2529,0.00613995
2530,0.00613911
2531,0.00613995
2532,0.00613994
2533,0.00613995
2534,0.00613963
2535,0.00613995
2536,0.00613986
2537,0.00613995
2538,0.0061367
2539,0.00613995
2540,0.00613801
2541,0.00613995
2542,0.00613995
2543,0.00613995
2544,0.00613972
2545,0.00613995
2546,0.00613988
2547,0.00613995
2548,0.00613987
2549,0.00613995
2550,0.00613875
2551,0.00613995
2552,0.00613975
2553,0.00613995
2554,0.00613967
2555,0.00613995
2556,0.00613993
2557,0.00613995
2558,0.00613988
2559,0.00613995
2560,0.00613425
2561,0.00613995
2562,0.00613946
2563,0.00613995
2564,0.00613993
2565,0.00613995
2566,0.00613879
2567,0.00613995
2568,0.00613994
2569,0.00613995
2570,0.00613993
2571,0.00613995
2572,0.00613978
2573,0.00613995
2574,0.00613801
2575,0.00613995
2576,0.00613956
2577,0.00613995
2578,0.00613992
2579,0.00613995
2580,0.0061396
2581,0.00613995
2582,0.00613995
2583,0.00613995
2584,0.00613993
2585,0.00613995
2586,0.00613972
2587,0.00613995
2588,0.00613912
2589,0.00613995
2590,0.00613987
2591,0.00613995
2592,0.00613993
2593,0.00613995
2594,0.00613782
2595,0.00613995
2596,0.00613968
2597,0.00613995
2598,0.00613981
2599,0.00613995
2600,0.00613966
2601,0.00613995
2602,0.00613819
2603,0.00613995
2604,0.00613977
2605,0.00613995
2606,0.00613771
2607,0.00613995
2608,0.00613991
2609,0.00613995
2610,0.00613961
2611,0.00613995
2612,0.0061395
2613,0.00613995
2614,0.00613931
2615,0.00613995
2616,0.00613979
2617,0.00613995
2618,0.00613962
2619,0.00613995
2620,0.00613992
2621,0.00613995
2622,0.00613982
2623,0.00613995
2624,0.00613863
2625,0.00613995
2626,0.00613947
2627,0.00613995
2628,0.00613982
2629,0.00613995
2630,0.006139
2631,0.00613995
2632,0.00613882
2633,0.00613995
2634,0.00613984
2635,0.00613995
2636,0.00613986
2637,0.00613995
2638,0.00613879
2639,0.00613995
2640,0.0061399
2641,0.00613995
2642,0.00613991
2643,0.00613995
2644,0.00613736
2645,0.00613995
2646,0.00613993
2647,0.00613995
2648,0.00613983
2649,0.00613995
2650,0.00613956
2651,0.00613995
2652,0.00613865
2653,0.00613995
2654,0.00613969
2655,0.00613995
2656,0.00613966
2657,0.00613995
2658,0.00613984
2659,0.00613995
2660,0.00613994
2661,0.00613995
2662,0.00613994
2663,0.00613995
2664,0.00613994
2665,0.00613995
2666,0.00613984
2667,0.00613995
2668,0.00613987
2669,0.00613995
2670,0.00613995
2671,0.00613995
2672,0.00613921
2673,0.00613995
2674,0.00613937
2675,0.00613995
2676,0.00613979
2677,0.00613995
2678,0.00613995
2679,0.00613995
2680,0.00613983
2681,0.00613995
2682,0.00613981
2683,0.00613995
2684,0.00613968
2685,0.00613995
2686,0.00613966
2687,0.00613995
2688,0.00613995
2689,0.00613995
2690,0.00613818
2691,0.00613995
2692,0.00613903
2693,0.00613995
2694,0.00613948
2695,0.00613995
2696,0.00613783
2697,0.00613995
2698,0.00613993
2699,0.00613995
2700,0.00613971
2701,0.00613995
2702,0.00613972
2703,0.00613995
2704,0.00613984
2705,0.00613995
2706,0.00613922
2707,0.00613995
2708,0.00613991
2709,0.00613995
2710,0.0061399
2711,0.00613995
2712,0.00613933
2713,0.00613995
2714,0.00613994
2715,0.00613995
2716,0.00613906
2717,0.00613995
2718,0.00613915
2719,0.00613995
2720,0.00613988
2721,0.00613995
2722,0.00613964
2723,0.00613995
2724,0.00613966
2725,0.00613995
2726,0.00613981
2727,0.00613995
2728,0.00613775
2729,0.00613995
2730,0.00613948
2731,0.00613995
2732,0.00613994
2733,0.00613995
2734,0.00613884
2735,0.00613995
2736,0.0061398
2737,0.00613995
2738,0.00613988
2739,0.00613995
2740,0.00613854
2741,0.00613995
2742,0.00613943
2743,0.00613995
2744,0.00613886
2745,0.00613995
2746,0.00613963
2747,0.00613995
2748,0.00613995
2749,0.00613995
2750,0.00613956
2751,0.00613995
2752,0.00613974
2753,0.00613995
2754,0.00613956
2755,0.00613995
2756,0.00613956
2757,0.00613995
2758,0.0061397
2759,0.00613995
2760,0.00613911
2761,0.00613995
2762,0.00613949
2763,0.00613995
2764,0.00613982
2765,0.00613995
2766,0.00613967
2767,0.00613995
2768,0.00613994
2769,0.00613995
2770,0.00613775
2771,0.00613995
2772,0.00613992
2773,0.00613995
2774,0.00613986
2775,0.00613995
2776,0.00613995
2777,0.00613995
2778,0.00613964
2779,0.00613995
2780,0.00613926
2781,0.00613995
2782,0.0061399
2783,0.00613995
2784,0.00613914
2785,0.00613995
2786,0.0061394
2787,0.00613995
2788,0.00613987
2789,0.00613995
2790,0.00613971
2791,0.00613995
2792,0.00613829
2793,0.00613995
2794,0.00613992
2795,0.00613995
2796,0.00613944
2797,0.00613995
2798,0.00613994
2799,0.00613995
2800,0.00613988
2801,0.00613995
2802,0.00613914
2803,0.00613995
2804,0.00613819
2805,0.00613995
2806,0.00613995
2807,0.00613995
2808,0.00613995
2809,0.00613995
2810,0.00613979
2811,0.00613995
2812,0.00613789
2813,0.00613995
2814,0.00613951
2815,0.00613995
2816,0.00613959
2817,0.00613995
2818,0.00613975
2819,0.00613995
2820,0.0061399
2821,0.00613995
2822,0.00613967
2823,0.00613995
2824,0.00613933
2825,0.00613995
2826,0.00613974
2827,0.00613995
2828,0.00613983
2829,0.00613995
2830,0.00613987
2831,0.00613995
2832,0.00613877
2833,0.00613995
2834,0.00613985
2835,0.00613995
2836,0.00613992
2837,0.00613995
2838,0.00613938
2839,0.00613995
2840,0.0061398
2841,0.00613995
2842,0.00613993
2843,0.00613995
2844,0.00613921
2845,0.00613995
2846,0.00613983
2847,0.00613995
2848,0.00613994
2849,0.00613995
2850,0.00613986
2851,0.00613995
2852,0.00613903
2853,0.00613995
2854,0.00613954
2855,0.00613995
2856,0.00613883
2857,0.00613995
2858,0.00613856
2859,0.00613995
2860,0.0061395
2861,0.00613995
2862,0.00613982
2863,0.00613995
2864,0.00613994
2865,0.00613995
2866,0.00613961
2867,0.00613995
2868,0.00613989
2869,0.00613995
2870,0.00613991
2871,0.00613995
2872,0.00613989
2873,0.00613995
2874,0.00613964
2875,0.00613995
2876,0.00613979
2877,0.00613995
2878,0.0061391
2879,0.00613995
2880,0.00613976
2881,0.00613995
2882,0.00613921
2883,0.00613995
2884,0.00613989
2885,0.00613995
2886,0.00613994
2887,0.00613995
2888,0.00613946
2889,0.00613995
2890,0.00613993
2891,0.00613995
2892,0.00613995
2893,0.00613995
2894,0.00613938
2895,0.00613995
2896,0.00613932
2897,0.00613995
2898,0.00613963
2899,0.00613995
2900,0.00613992
2901,0.00613995
2902,0.00613974
2903,0.00613995
2904,0.00613869
2905,0.00613995
2906,0.00613967
2907,0.00613995
2908,0.00613984
2909,0.00613995
2910,0.00613986
2911,0.00613995
2912,0.00613987
2913,0.00613995
2914,0.00613969
2915,0.00613995
2916,0.00613982
2917,0.00613995
2918,0.0061386
2919,0.00613995
2920,0.00613923
2921,0.00613995
2922,0.00613924
2923,0.00613995
2924,0.00613991
2925,0.00613995
2926,0.00613937
2927,0.00613995
2928,0.00613994
2929,0.00613995
2930,0.00613979
2931,0.00613995
2932,0.00613974
2933,0.00613995
2934,0.00613989
2935,0.00613995
2936,0.00613995
2937,0.00613995
2938,0.00613841
2939,0.00613995
2940,0.0061396
2941,0.00613995
2942,0.00613955
2943,0.00613995
2944,0.00613993
2945,0.00613995
2946,0.00613966
2947,0.00613995
2948,0.00613965
2949,0.00613995
2950,0.00613959
2951,0.00613995
2952,0.00613953
2953,0.00613995
2954,0.00613992
2955,0.00613995
2956,0.0061398
2957,0.00613995
2958,0.00613806
2959,0.00613995
2960,0.00613972
2961,0.00613995
2962,0.00613967
2963,0.00613995
2964,0.00613953
2965,0.00613995
2966,0.00613931
2967,0.00613995
2968,0.00613744
2969,0.00613995
2970,0.00613285
2971,0.00613995
2972,0.00613898
2973,0.00613995
2974,0.00613917
2975,0.00613995
2976,0.00613947
2977,0.00613995
2978,0.00613995
2979,0.00613995
2980,0.00613819
2981,0.00613995
2982,0.00613803
2983,0.00613995
2984,0.0061397
2985,0.00613995
2986,0.00613994
2987,0.00613995
2988,0.00613994
2989,0.00613995
2990,0.00613771
2991,0.00613995
2992,0.00613965
2993,0.00613995
2994,0.00613957
2995,0.00613995
2996,0.00613937
2997,0.00613995
2998,0.00613986
2999,0.00613995
3000,0.00613966
3001,0.00613995
3002,0.00613991
3003,0.00613995
3004,0.00613945
3005,0.00613995
3006,0.00613913
3007,0.00613995
3008,0.00613951
3009,0.00613995
3010,0.00613908
3011,0.00613995
3012,0.0061397
3013,0.00613995
3014,0.00613898
3015,0.00613995
3016,0.00613964
3017,0.00613995
3018,0.00613986
3019,0.00613995
3020,0.0061399
3021,0.00613995
3022,0.00613958
3023,0.00613995
3024,0.00613918
3025,0.00613995
3026,0.00613978
3027,0.00613995
3028,0.00613972
3029,0.00613995
3030,0.00613994
3031,0.00613995
3032,0.00613993
3033,0.00613995
3034,0.00613989
3035,0.00613995
3036,0.00613934
3037,0.00613995
3038,0.00613967
3039,0.00613995
3040,0.00613956
3041,0.00613995
3042,0.00613994
3043,0.00613995
3044,0.00613798
3045,0.00613995
3046,0.00613994
3047,0.00613995
3048,0.00613978
3049,0.00613995
3050,0.00613617
3051,0.00613995
3052,0.00613989
3053,0.00613995
3054,0.00613994
3055,0.00613995
3056,0.00613987
3057,0.00613995
3058,0.00613804
3059,0.00613995
3060,0.00613995
3061,0.00613995
3062,0.00613985
3063,0.00613995
3064,0.00613933
3065,0.00613995
3066,0.00613963
3067,0.00613995
3068,0.00613985
3069,0.00613995
3070,0.00613983
3071,0.00613995
3072,0.00613944
3073,0.00613995
3074,0.00613984
3075,0.00613995
3076,0.00613957
3077,0.00613995
3078,0.00613995
3079,0.00613995
3080,0.00613941
3081,0.00613995
3082,0.00613913
3083,0.00613995
3084,0.00613985
3085,0.00613995
3086,0.00613952
3087,0.00613995
3088,0.0061396
3089,0.00613995
3090,0.00613995
3091,0.00613995
3092,0.00613971
3093,0.00613995
3094,0.00613995
3095,0.00613995
3096,0.00613992
3097,0.00613995
3098,0.00613988
3099,0.00613995
3100,0.00613993
3101,0.00613995
3102,0.00613976
3103,0.00613995
3104,0.00613901
3105,0.00613995
3106,0.00613967
3107,0.00613995
3108,0.00613993
3109,0.00613995
3110,0.00613984
3111,0.00613995
3112,0.00613958
3113,0.00613995
3114,0.00613994
3115,0.00613995
3116,0.00613967
3117,0.00613995
3118,0.00613958
3119,0.00613995
3120,0.00613985
3121,0.00613995
3122,0.00613842
3123,0.00613995
3124,0.0061399
3125,0.00613995
3126,0.00613929
3127,0.00613995
3128,0.00613986
3129,0.00613995
3130,0.0061395
3131,0.00613995
3132,0.00613995
3133,0.00613995
3134,0.00613991
3135,0.00613995
3136,0.00613993
3137,0.00613995
3138,0.00613995
3139,0.00613995
3140,0.0061382
3141,0.00613995
3142,0.0061361
3143,0.00613995
3144,0.00613764
3145,0.00613995
3146,0.00613957
3147,0.00613995
3148,0.00613974
3149,0.00613995
3150,0.00613982
3151,0.00613995
3152,0.00613976
3153,0.00613995
3154,0.00613951
3155,0.00613995
3156,0.00613984
3157,0.00613995
3158,0.00613995
3159,0.00613995
3160,0.00613985
3161,0.00613995
3162,0.00613949
3163,0.00613995
3164,0.00613874
3165,0.00613995
3166,0.00613948
3167,0.00613995
3168,0.00613933
3169,0.00613995
3170,0.00613975
3171,0.00613995
3172,0.00613779
3173,0.00613995
3174,0.00613995
3175,0.00613995
3176,0.00613946
3177,0.00613995
3178,0.00613994
3179,0.00613995
3180,0.00613991
3181,0.00613995
3182,0.00613983
3183,0.00613995
3184,0.00613991
3185,0.00613995
3186,0.00613564
3187,0.00613995
3188,0.00613925
3189,0.00613995
3190,0.00613985
3191,0.00613995
3192,0.00613882
3193,0.00613995
3194,0.00613883
3195,0.00613995
3196,0.00613973
3197,0.00613995
3198,0.0061398
3199,0.00613995
3200,0.00613913
3201,0.00613995
3202,0.00613991
3203,0.00613995
3204,0.00613993
3205,0.00613995
3206,0.00613957
3207,0.00613995
3208,0.00613993
3209,0.00613995
3210,0.00613893
3211,0.00613995
3212,0.0061398
3213,0.00613995
3214,0.00613984
3215,0.00613995
3216,0.00613961
3217,0.00613995
3218,0.00613987
3219,0.00613995
3220,0.00613941
3221,0.00613995
3222,0.00613952
3223,0.00613995
3224,0.00613893
3225,0.00613995
3226,0.00613791
3227,0.00613995
3228,0.00613979
3229,0.00613995
3230,0.00613919
3231,0.00613995
3232,0.00613928
3233,0.00613995
3234,0.00613969
3235,0.00613995
3236,0.00613845
3237,0.00613995
3238,0.00613985
3239,0.00613995
3240,0.00613994
3241,0.00613995
3242,0.00613976
3243,0.00613995
3244,0.00613893
3245,0.00613995
3246,0.00613995
3247,0.00613995
3248,0.0061395
3249,0.00613995
3250,0.00613966
3251,0.00613995
3252,0.00613909
3253,0.00613995
3254,0.00613962
3255,0.00613995
3256,0.0061399
3257,0.00613995
3258,0.00613963
3259,0.00613995
3260,0.00613992
3261,0.00613995
3262,0.00613777
3263,0.00613995
3264,0.00613918
3265,0.00613995
3266,0.00613954
3267,0.00613995
3268,0.00613976
3269,0.00613995
3270,0.00613989
3271,0.00613995
3272,0.00613953
3273,0.00613995
3274,0.00613995
3275,0.00613995
3276,0.00613861
3277,0.00613995
3278,0.00613886
3279,0.00613995
3280,0.00613931
3281,0.00613995
3282,0.0061384
3283,0.00613995
3284,0.00613924
3285,0.00613995
3286,0.00613664
3287,0.00613995
3288,0.00613949
3289,0.00613995
3290,0.00613994
3291,0.00613995
3292,0.00613971
3293,0.00613995
3294,0.00613992
3295,0.00613995
3296,0.00613983
3297,0.00613995
3298,0.00613995
3299,0.00613995
3300,0.00613992
3301,0.00613995
3302,0.00613953
3303,0.00613995
3304,0.00613921
3305,0.00613995
3306,0.00613825
3307,0.00613995
3308,0.00613954
3309,0.00613995
3310,0.00613926
3311,0.00613995
3312,0.00613966
3313,0.00613995
3314,0.00613994
3315,0.00613995
3316,0.00613864
3317,0.00613995
3318,0.00613965
3319,0.00613995
3320,0.00613988
3321,0.00613995
3322,0.00613861
3323,0.00613995
3324,0.00613918
3325,0.00613995
3326,0.00613992
3327,0.00613995
3328,0.00613965
3329,0.00613995
3330,0.0061394
3331,0.00613995
3332,0.00613946
3333,0.00613995
3334,0.00613963
3335,0.00613995
3336,0.00613988
3337,0.00613995
3338,0.00613992
3339,0.00613995
3340,0.00613958
3341,0.00613995
3342,0.00613963
3343,0.00613995
3344,0.00613958
3345,0.00613995
3346,0.00613995
3347,0.00613995
3348,0.0061397
3349,0.00613995
3350,0.0061396
3351,0.00613995
3352,0.00613976
3353,0.00613995
3354,0.00613749
3355,0.00613995
3356,0.0061396
3357,0.00613995
3358,0.00613924
3359,0.00613995
3360,0.00613896
3361,0.00613995
3362,0.0061398
3363,0.00613995
3364,0.00613992
3365,0.00613995
3366,0.0061373
3367,0.00613995
3368,0.00613874
3369,0.00613995
3370,0.00613995
3371,0.00613995
3372,0.00613906
3373,0.00613995
3374,0.00613867
3375,0.00613995
3376,0.00613993
3377,0.00613995
3378,0.00613966
3379,0.00613995
3380,0.00613912
3381,0.00613995
3382,0.00613991
3383,0.00613995
3384,0.0061392
3385,0.00613995
3386,0.00613877
3387,0.00613995
3388,0.00613981
3389,0.00613995
3390,0.00613994
3391,0.00613995
3392,0.00613959
3393,0.00613995
3394,0.00613972
3395,0.00613995
3396,0.00613968
3397,0.00613995
3398,0.0061399
3399,0.00613995
3400,0.00613995
3401,0.00613995
3402,0.00613992
3403,0.00613995
3404,0.00613988
3405,0.00613995
3406,0.00613973
3407,0.00613995
3408,0.00613954
3409,0.00613995
3410,0.00613995
3411,0.00613995
3412,0.00613993
3413,0.00613995
3414,0.00613914
3415,0.00613995
3416,0.00613992
3417,0.00613995
3418,0.00613964
3419,0.00613995
3420,0.00613994
3421,0.00613995
3422,0.00613994
3423,0.00613995
3424,0.00613995
3425,0.00613995
3426,0.0061393
3427,0.00613995
3428,0.00613983
3429,0.00613995
3430,0.00613993
3431,0.00613995
3432,0.00613989
3433,0.00613995
3434,0.00613994
3435,0.00613995
3436,0.00613995
3437,0.00613995
3438,0.00613912
3439,0.00613995
3440,0.00613931
3441,0.00613995
3442,0.00613826
3443,0.00613995
3444,0.00613995
3445,0.00613995
3446,0.00613934
3447,0.00613995
3448,0.00613966
3449,0.00613995
3450,0.0061396
3451,0.00613995
3452,0.00613974
3453,0.00613995
3454,0.00613982
3455,0.00613995
3456,0.00613973
3457,0.00613995
3458,0.00613957
3459,0.00613995
3460,0.00613958
3461,0.00613995
3462,0.00613856
3463,0.00613995
3464,0.0061398
3465,0.00613995
3466,0.00613944
3467,0.00613995
3468,0.00613989
3469,0.00613995
3470,0.00613983
3471,0.00613995
3472,0.00613962
3473,0.00613995
3474,0.00613966
3475,0.00613995
3476,0.00613991
3477,0.00613995
3478,0.00613974
3479,0.00613995
3480,0.00613947
3481,0.00613995
3482,0.00613994
3483,0.00613995
3484,0.00613956
3485,0.00613995
3486,0.00613828
3487,0.00613995
3488,0.00613994
3489,0.00613995
3490,0.00613971
3491,0.00613995
3492,0.00613988
3493,0.00613995
3494,0.00613978
3495,0.00613995
3496,0.00613909
3497,0.00613995
3498,0.00613961
3499,0.00613995
3500,0.00613935
3501,0.00613995
3502,0.00613877
3503,0.00613995
3504,0.00613967
3505,0.00613995
3506,0.00613995
3507,0.00613995
3508,0.00613977
3509,0.00613995
3510,0.0061398
3511,0.00613995
3512,0.0061397
3513,0.00613995
3514,0.00613994
3515,0.00613995
3516,0.00613956
3517,0.00613995
3518,0.0061399
3519,0.00613995
3520,0.00613948
3521,0.00613995
3522,0.00613855
3523,0.00613995
3524,0.00613973
3525,0.00613995
3526,0.00613967
3527,0.00613995
3528,0.00613876
3529,0.00613995
3530,0.00613971
3531,0.00613995
3532,0.00613979
3533,0.00613995
3534,0.00613991
3535,0.00613995
3536,0.00613995
3537,0.00613995
3538,0.00613957
3539,0.00613995
3540,0.00613891
3541,0.00613995
3542,0.00613863
3543,0.00613995
3544,0.00613995
3545,0.00613995
3546,0.00613988
3547,0.00613995
3548,0.00613993
3549,0.00613995
3550,0.00613881
3551,0.00613995
3552,0.00613733
3553,0.00613995
3554,0.0061384
3555,0.00613995
3556,0.00613984
3557,0.00613995
3558,0.00613981
3559,0.00613995
3560,0.00613994
3561,0.00613995
3562,0.00613987
3563,0.00613995
3564,0.00613958
3565,0.00613995
3566,0.00613948
3567,0.00613995
3568,0.00613969
3569,0.00613995
3570,0.00613967
3571,0.00613995
3572,0.00613943
3573,0.00613995
3574,0.00613979
3575,0.00613995
3576,0.00613994
3577,0.00613995
3578,0.00613935
3579,0.00613995
3580,0.00613989
3581,0.00613995
3582,0.00613976
3583,0.00613995
3584,0.00613965
3585,0.00613995
3586,0.00613995
3587,0.00613995
3588,0.00613395
3589,0.00613995
3590,0.00613945
3591,0.00613995
3592,0.00613988
3593,0.00613995
3594,0.00613975
3595,0.00613995
3596,0.00613989
3597,0.00613995
3598,0.00613994
3599,0.00613995
3600,0.00613977
3601,0.00613995
3602,0.0061384
3603,0.00613995
3604,0.00613927
3605,0.00613995
3606,0.0061399
3607,0.00613995
3608,0.00613993
3609,0.00613995
3610,0.00613968
3611,0.00613995
3612,0.00613977
3613,0.00613995
3614,0.00613995
3615,0.00613995
3616,0.00613973
3617,0.00613995
3618,0.00613859
3619,0.00613995
3620,0.00613961
3621,0.00613995
3622,0.00613985
3623,0.00613995
3624,0.0061396
3625,0.00613995
3626,0.00613937
3627,0.00613995
3628,0.0061399
3629,0.00613995
3630,0.00613992
3631,0.00613995
3632,0.0061392
3633,0.00613995
3634,0.00613995
3635,0.00613995
3636,0.0061399
3637,0.00613995
3638,0.00613947
3639,0.00613995
3640,0.00613829
3641,0.00613995
3642,0.00613984
3643,0.00613995
3644,0.00613976
3645,0.00613995
3646,0.00613902
3647,0.00613995
3648,0.00613977
3649,0.00613995
3650,0.00613992
3651,0.00613995
3652,0.0061389
3653,0.00613995
3654,0.00613983
3655,0.00613995
3656,0.00613738
3657,0.00613995
3658,0.00613943
3659,0.00613995
3660,0.00613815
3661,0.00613995
3662,0.00613863
3663,0.00613995
3664,0.00613878
3665,0.00613995
3666,0.00613958
3667,0.00613995
3668,0.00613937
3669,0.00613995
3670,0.00613952
3671,0.00613995
3672,0.00613763
3673,0.00613995
3674,0.00613885
3675,0.00613995
3676,0.00613995
3677,0.00613995
3678,0.00613961
3679,0.00613995
3680,0.00613897
3681,0.00613995
3682,0.00613962
3683,0.00613995
3684,0.00613736
3685,0.00613995
3686,0.00613968
3687,0.00613995
3688,0.00613964
3689,0.00613995
3690,0.00613953
3691,0.00613995
3692,0.00613992
3693,0.00613995
3694,0.0061391
3695,0.00613995
3696,0.00613967
3697,0.00613995
3698,0.00613954
3699,0.00613995
3700,0.00613989
3701,0.00613995
3702,0.00613986
3703,0.00613995
3704,0.0061399
3705,0.00613995
3706,0.00613918
3707,0.00613995
3708,0.00613992
3709,0.00613995
3710,0.00613995
3711,0.00613995
3712,0.00613992
3713,0.00613995
3714,0.00613981
3715,0.00613995
3716,0.00613959
3717,0.00613995
3718,0.00613765
3719,0.00613995
3720,0.00613993
3721,0.00613995
3722,0.00613979
3723,0.00613995
3724,0.00613971
3725,0.00613995
3726,0.00613947
3727,0.00613995
3728,0.00613994
3729,0.00613995
3730,0.00613995
3731,0.00613995
3732,0.00613818
3733,0.00613995
3734,0.00613968
3735,0.00613995
3736,0.00613995
3737,0.00613995
3738,0.00613992
3739,0.00613995
3740,0.00613934
3741,0.00613995
3742,0.00613961
3743,0.00613995
3744,0.00613934
3745,0.00613995
3746,0.0061399
3747,0.00613995
3748,0.00613985
3749,0.00613995
3750,0.00613919
3751,0.00613995
3752,0.00613958
3753,0.00613995
3754,0.00613963
3755,0.00613995
3756,0.00613921
3757,0.00613995
3758,0.00613961
3759,0.00613995
3760,0.0061394
3761,0.00613995
3762,0.00613924
3763,0.00613995
3764,0.00613989
3765,0.00613995
3766,0.00613971
3767,0.00613995
3768,0.00613995
3769,0.00613995
3770,0.00613969
3771,0.00613995
3772,0.00613784
3773,0.00613995
3774,0.00613966
3775,0.00613995
3776,0.00613961
3777,0.00613995
3778,0.0061397
3779,0.00613995
3780,0.00613995
3781,0.00613995
3782,0.00613995
3783,0.00613995
3784,0.00613993
3785,0.00613995
3786,0.00613794
3787,0.00613995
3788,0.00613956
3789,0.00613995
3790,0.00613991
3791,0.00613995
3792,0.00613963
3793,0.00613995
3794,0.00613983
3795,0.00613995
3796,0.00613913
3797,0.00613995
3798,0.00613966
3799,0.00613995
3800,0.00613977
3801,0.00613995
3802,0.00613994
3803,0.00613995
3804,0.00613995
3805,0.00613995
3806,0.00613978
3807,0.00613995
3808,0.00613993
3809,0.00613995
3810,0.00613925
3811,0.00613995
3812,0.00613982
3813,0.00613995
3814,0.00613921
3815,0.00613995
3816,0.00613968
3817,0.00613995
3818,0.00613951
3819,0.00613995
3820,0.00613994
3821,0.00613995
3822,0.00613914
3823,0.00613995
3824,0.00613966
3825,0.00613995
3826,0.00613844
3827,0.00613995
3828,0.00613994
3829,0.00613995
3830,0.00613995
3831,0.00613995
3832,0.00613969
3833,0.00613995
3834,0.00613995
3835,0.00613995
3836,0.00613965
3837,0.00613995
3838,0.00613917
3839,0.00613995
3840,0.0061387
3841,0.00613995
3842,0.00613993
3843,0.00613995
3844,0.00613991
3845,0.00613995
3846,0.00613923
3847,0.00613995
3848,0.00613987
3849,0.00613995
3850,0.00613956
3851,0.00613995
3852,0.00613917
3853,0.00613995
3854,0.00613963
3855,0.00613995
3856,0.00613893
3857,0.00613995
3858,0.00613957
3859,0.00613995
3860,0.00613991
3861,0.00613995
3862,0.00613984
3863,0.00613995
3864,0.00613877
3865,0.00613995
3866,0.00613995
3867,0.00613995
3868,0.00613977
3869,0.00613995
3870,0.00613988
3871,0.00613995
3872,0.0061398
3873,0.00613995
3874,0.00613994
3875,0.00613995
3876,0.00613976
3877,0.00613995
3878,0.0061399
3879,0.00613995
3880,0.0061399
3881,0.00613995
3882,0.00613995
3883,0.00613995
3884,0.00613993
3885,0.00613995
3886,0.0061374
3887,0.00613995
3888,0.0061386
3889,0.00613995
3890,0.00613879
3891,0.00613995
3892,0.00613962
3893,0.00613995
3894,0.00613977
3895,0.00613995
3896,0.00613728
3897,0.00613995
3898,0.0061388
3899,0.00613995
3900,0.00613995
3901,0.00613995
3902,0.00613965
3903,0.00613995
3904,0.00613884
3905,0.00613995
3906,0.00613798
3907,0.00613995
3908,0.00613991
3909,0.00613995
3910,0.00613977
3911,0.00613995
3912,0.00613905
3913,0.00613995
3914,0.0061397
3915,0.00613995
3916,0.00613914
3917,0.00613995
3918,0.00613928
3919,0.00613995
3920,0.00613971
3921,0.00613995
3922,0.00613994
3923,0.00613995
3924,0.0061396
3925,0.00613995
3926,0.00613953
3927,0.00613995
3928,0.00613995
3929,0.00613995
3930,0.00613993
3931,0.00613995
3932,0.00613995
3933,0.00613995
3934,0.00613969
3935,0.00613995
3936,0.00613958
3937,0.00613995
3938,0.00613993
3939,0.00613995
3940,0.00613924
3941,0.00613995
3942,0.00613962
3943,0.00613995
3944,0.00613987
3945,0.00613995
3946,0.00613994
3947,0.00613995
3948,0.00613894
3949,0.00613995
3950,0.00613849
3951,0.00613995
3952,0.00613983
3953,0.00613995
3954,0.0061398
3955,0.00613995
3956,0.00613979
3957,0.00613995
3958,0.00613993
3959,0.00613995
3960,0.00613958
3961,0.00613995
3962,0.00613975
3963,0.00613995
3964,0.00613943
3965,0.00613995
3966,0.00613995
3967,0.00613995
3968,0.00613991
3969,0.00613995
3970,0.00613966
3971,0.00613995
3972,0.00613916
3973,0.00613995
3974,0.00613994
3975,0.00613995
3976,0.00613965
3977,0.00613995
3978,0.00613962
3979,0.00613995
3980,0.00613981
3981,0.00613995
3982,0.00613956
3983,0.00613995
3984,0.00613995
3985,0.00613995
3986,0.00613987
3987,0.00613995
3988,0.00613862
3989,0.00613995
3990,0.00613984
3991,0.00613995
3992,0.00613889
3993,0.00613995
3994,0.00613961
3995,0.00613995
3996,0.00613895
3997,0.00613995
3998,0.00613967
3999,0.00613995
4000,0.00613987
4001,0.00613995
4002,0.00613993
4003,0.00613995
4004,0.00613846
4005,0.00613995
4006,0.00613989
4007,0.00613995
4008,0.00613813
4009,0.00613995
4010,0.00613988
4011,0.00613995
4012,0.00613864
4013,0.00613995
4014,0.00613947
4015,0.00613995
4016,0.00613989
4017,0.00613995
4018,0.00613984
4019,0.00613995
4020,0.00613859
4021,0.00613995
4022,0.00613802
4023,0.00613995
4024,0.00613873
4025,0.00613995
4026,0.00613993
4027,0.00613995
4028,0.00613937
4029,0.00613995
4030,0.00613964
4031,0.00613995
4032,0.00613828
4033,0.00613995
4034,0.00613989
4035,0.00613995
4036,0.00613995
4037,0.00613995
4038,0.00613988
4039,0.00613995
4040,0.00613869
4041,0.00613995
4042,0.00613992
4043,0.00613995
4044,0.00613939
4045,0.00613995
4046,0.00613995
4047,0.00613995
4048,0.00613931
4049,0.00613995
4050,0.00613966
4051,0.00613995
4052,0.00613953
4053,0.00613995
4054,0.00613962
4055,0.00613995
4056,0.00613896
4057,0.00613995
4058,0.00613994
4059,0.00613995
4060,0.00613979
4061,0.00613995
4062,0.00613992
4063,0.00613995
4064,0.00613985
4065,0.00613995
4066,0.00613991
4067,0.00613995
4068,0.00613971
4069,0.00613995
4070,0.00613148
4071,0.00613995
4072,0.00613968
4073,0.00613995
4074,0.00613991
4075,0.00613995
4076,0.00613966
4077,0.00613995
4078,0.00613968
4079,0.00613995
4080,0.00613855
4081,0.00613995
4082,0.00613896
4083,0.00613995
4084,0.00613993
4085,0.00613995
4086,0.00613877
4087,0.00613995
4088,0.00613995
4089,0.00613995
4090,0.00613978
4091,0.00613995
4092,0.00613958
4093,0.00613995
4094,0.00613992
4095,0.00613995
4096,0.00613984
4097,0.00613995
4098,0.00613963
4099,0.00613995
4100,0.00613963
4101,0.00613995
4102,0.00613942
4103,0.00613995
4104,0.00613926
4105,0.00613995
4106,0.00613987
4107,0.00613995
4108,0.00613986
4109,0.00613995
4110,0.00613959
4111,0.00613995
4112,0.00613966
4113,0.00613995
4114,0.0061399
4115,0.00613995
4116,0.00613994
4117,0.00613995
4118,0.00613966
4119,0.00613995
4120,0.00613995
4121,0.00613995
4122,0.0061399
4123,0.00613995
4124,0.00613994
4125,0.00613995
4126,0.00613983
4127,0.00613995
4128,0.00613987
4129,0.00613995
4130,0.0061398
4131,0.00613995
4132,0.00613979
4133,0.00613995
4134,0.0061398
4135,0.00613995
4136,0.00613993
4137,0.00613995
4138,0.00613994
4139,0.00613995
4140,0.00613958
4141,0.00613995
4142,0.0061399
4143,0.00613995
4144,0.00613993
4145,0.00613995
4146,0.00613898
4147,0.00613995
4148,0.0061391
4149,0.00613995
4150,0.00613948
4151,0.00613995
4152,0.00613994
4153,0.00613995
4154,0.00613872
4155,0.00613995
4156,0.00613995
4157,0.00613995
4158,0.00613984
4159,0.00613995
4160,0.00613846
4161,0.00613995
4162,0.00613908
4163,0.00613995
4164,0.00613961
4165,0.00613995
4166,0.00613992
4167,0.00613995
4168,0.0061394
4169,0.00613995
4170,0.00613994
4171,0.00613995
4172,0.00613982
4173,0.00613995
4174,0.00613908
4175,0.00613995
4176,0.00613953
4177,0.00613995
4178,0.00613991
4179,0.00613995
4180,0.00613993
4181,0.00613995
4182,0.0061383
4183,0.00613995
4184,0.00613992
4185,0.00613995
4186,0.00613944
4187,0.00613995
4188,0.00613989
4189,0.00613995
4190,0.00613994
4191,0.00613995
4192,0.0061396
4193,0.00613995
4194,0.00613978
4195,0.00613995
4196,0.00613964
4197,0.00613995
4198,0.00613928
4199,0.00613995
4200,0.00613827
4201,0.00613995
4202,0.00613994
4203,0.00613995
4204,0.00613991
4205,0.00613995
4206,0.00613994
4207,0.00613995
4208,0.00613984
4209,0.00613995
4210,0.0061398
4211,0.00613995
4212,0.00613992
4213,0.00613995
4214,0.00613981
4215,0.00613995
4216,0.00613972
4217,0.00613995
4218,0.00613956
4219,0.00613995
4220,0.00613995
4221,0.00613995
4222,0.00613993
4223,0.00613995
4224,0.00613968
4225,0.00613995
4226,0.00613853
4227,0.00613995
4228,0.00613923
4229,0.00613995
4230,0.00613891
4231,0.00613995
4232,0.00613995
4233,0.00613995
4234,0.00613929
4235,0.00613995
4236,0.00613988
4237,0.00613995
4238,0.00613942
4239,0.00613995
4240,0.0061398
4241,0.00613995
4242,0.00613988
4243,0.00613995
4244,0.00613995
4245,0.00613995
4246,0.00613895
4247,0.00613995
4248,0.00613819
4249,0.00613995
4250,0.00613988
4251,0.00613995
4252,0.00613973
4253,0.00613995
4254,0.00613983
4255,0.00613995
4256,0.00613974
4257,0.00613995
4258,0.0061399
4259,0.00613995
4260,0.00613993
4261,0.00613995
4262,0.00613989
4263,0.00613995
4264,0.00613945
4265,0.00613995
4266,0.00613967
4267,0.00613995
4268,0.00613962
4269,0.00613995
4270,0.00613994
4271,0.00613995
4272,0.00613964
4273,0.00613995
4274,0.00613991
4275,0.00613995
4276,0.00613968
4277,0.00613995
4278,0.00613977
4279,0.00613995
4280,0.00613994
4281,0.00613995
4282,0.00613913
4283,0.00613995
4284,0.00613944
4285,0.00613995
4286,0.00613995
4287,0.00613995
4288,0.00613988
4289,0.00613995
4290,0.0061399
4291,0.00613995
4292,0.00613994
4293,0.00613995
4294,0.00613991
4295,0.00613995
4296,0.00613963
4297,0.00613995
4298,0.00613981
4299,0.00613995
4300,0.0061399
4301,0.00613995
4302,0.00613982
4303,0.00613995
4304,0.00613928
4305,0.00613995
4306,0.00613974
4307,0.00613995
4308,0.00613992
4309,0.00613995
4310,0.00613995
4311,0.00613995
4312,0.00613774
4313,0.00613995
4314,0.00613976
4315,0.00613995
4316,0.00613986
4317,0.00613995
4318,0.00613987
4319,0.00613995
4320,0.00613944
4321,0.00613995
4322,0.00613972
4323,0.00613995
4324,0.00613927
4325,0.00613995
4326,0.00613993
4327,0.00613995
4328,0.00613989
4329,0.00613995
4330,0.00613957
4331,0.00613995
4332,0.00613993
4333,0.00613995
4334,0.00613964
4335,0.00613995
4336,0.0061394
4337,0.00613995
4338,0.00613993
4339,0.00613995
4340,0.00613959
4341,0.00613995
4342,0.00613958
4343,0.00613995
4344,0.0061397
4345,0.00613995
4346,0.00613989
4347,0.00613995
4348,0.00613994
4349,0.00613995
4350,0.00613995
4351,0.00613995
4352,0.00613951
4353,0.00613995
4354,0.00613993
4355,0.00613995
4356,0.00613956
4357,0.00613995
4358,0.00613875
4359,0.00613995
4360,0.00613811
4361,0.00613995
4362,0.0061342
4363,0.00613995
4364,0.00613991
4365,0.00613995
4366,0.0061398
4367,0.00613995
4368,0.00613961
4369,0.00613995
4370,0.00613951
4371,0.00613995
4372,0.00613961
4373,0.00613995
4374,0.00613942
4375,0.00613995
4376,0.00613965
4377,0.00613995
4378,0.00613915
4379,0.00613995
4380,0.00613976
4381,0.00613995
4382,0.00613993
4383,0.00613995
4384,0.00613994
4385,0.00613995
4386,0.00613988
4387,0.00613995
4388,0.00613995
4389,0.00613995
4390,0.00613995
4391,0.00613995
4392,0.00613994
4393,0.00613995
4394,0.00613991
4395,0.00613995
4396,0.00613994
4397,0.00613995
4398,0.00613995
4399,0.00613995
4400,0.00613145
4401,0.00613995
4402,0.00613931
4403,0.00613995
4404,0.00613994
4405,0.00613995
4406,0.0061399
4407,0.00613995
4408,0.00613967
4409,0.00613995
4410,0.00613949
4411,0.00613995
4412,0.00613762
4413,0.00613995
4414,0.00613995
4415,0.00613995
4416,0.00613995
4417,0.00613995
4418,0.00613966
4419,0.00613995
4420,0.00613945
4421,0.00613995
4422,0.00613976
4423,0.00613995
4424,0.00613975
4425,0.00613995
4426,0.0061399
4427,0.00613995
4428,0.00613943
4429,0.00613995
4430,0.0061399
4431,0.00613995
4432,0.00613944
4433,0.00613995
4434,0.00613944
4435,0.00613995
4436,0.00613991
4437,0.00613995
4438,0.00613994
4439,0.00613995
4440,0.0061399
4441,0.00613995
4442,0.00613861
4443,0.00613995
4444,0.0061397
4445,0.00613995
4446,0.00613991
4447,0.00613995
4448,0.00613966
4449,0.00613995
4450,0.0061394
4451,0.00613995
4452,0.00613868
4453,0.00613995
4454,0.00613944
4455,0.00613995
4456,0.00613963
4457,0.00613995
4458,0.00613988
4459,0.00613995
4460,0.00613863
4461,0.00613995
4462,0.0061399
4463,0.00613995
4464,0.00613893
4465,0.00613995
4466,0.00613926
4467,0.00613995
4468,0.0061399
4469,0.00613995
4470,0.00613972
4471,0.00613995
4472,0.00613977
4473,0.00613995
4474,0.00613898
4475,0.00613995
4476,0.00613995
4477,0.00613995
4478,0.00613992
4479,0.00613995
4480,0.00613949
4481,0.00613995
4482,0.00613862
4483,0.00613995
4484,0.00613867
4485,0.00613995
4486,0.00613976
4487,0.00613995
4488,0.00613858
4489,0.00613995
4490,0.0061396
4491,0.00613995
4492,0.00613971
4493,0.00613995
4494,0.00613965
4495,0.00613995
4496,0.00613963
4497,0.00613995
4498,0.00613991
4499,0.00613995
4500,0.00613986
4501,0.00613995
4502,0.0061399
4503,0.00613995
4504,0.00613955
4505,0.00613995
4506,0.00613995
4507,0.00613995
4508,0.0061399
4509,0.00613995
4510,0.00613858
4511,0.00613995
4512,0.00613907
4513,0.00613995
4514,0.00613964
4515,0.00613995
4516,0.00613979
4517,0.00613995
4518,0.00613897
4519,0.00613995
4520,0.00613993
4521,0.00613995
4522,0.00613963
4523,0.00613995
4524,0.00613985
4525,0.00613995
4526,0.0061381
4527,0.00613995
4528,0.0061393
4529,0.00613995
4530,0.00613912
4531,0.00613995
4532,0.00613982
4533,0.00613995
4534,0.00613994
4535,0.00613995
4536,0.00613991
4537,0.00613995
4538,0.00613993
4539,0.00613995
4540,0.00613929
4541,0.00613995
4542,0.00613994
4543,0.00613995
4544,0.0061397
4545,0.00613995
4546,0.00613985
4547,0.00613995
4548,0.00613961
4549,0.00613995
4550,0.00613916
4551,0.00613995
4552,0.00613957
4553,0.00613995
4554,0.00613995
4555,0.00613995
4556,0.0061399
4557,0.00613995
4558,0.00613942
4559,0.00613995
4560,0.00613961
4561,0.00613995
4562,0.00613952
4563,0.00613995
4564,0.00613844
4565,0.00613995
4566,0.00613977
4567,0.00613995
4568,0.00613993
4569,0.00613995
4570,0.00613991
4571,0.00613995
4572,0.0061389
4573,0.00613995
4574,0.00613796
4575,0.00613995
4576,0.00613936
4577,0.00613995
4578,0.00613817
4579,0.00613995
4580,0.00613991
4581,0.00613995
4582,0.00613994
4583,0.00613995
4584,0.00613961
4585,0.00613995
4586,0.00613995
4587,0.00613995
4588,0.0061398
4589,0.00613995
4590,0.00613957
4591,0.00613995
4592,0.00613928
4593,0.00613995
4594,0.00613944
4595,0.00613995
4596,0.00613818
4597,0.00613995
4598,0.00613985
4599,0.00613995
4600,0.00613986
4601,0.00613995
4602,0.00613916
4603,0.00613995
4604,0.00613882
4605,0.00613995
4606,0.00613984
4607,0.00613995
4608,0.00613993
4609,0.00613995
4610,0.00613911
4611,0.00613995
4612,0.00613989
4613,0.00613995
4614,0.00613995
4615,0.00613995
4616,0.00613821
4617,0.00613995
4618,0.00613869
4619,0.00613995
4620,0.00613953
4621,0.00613995
4622,0.00613847
4623,0.00613995
4624,0.00613983
4625,0.00613995
4626,0.00613987
4627,0.00613995
4628,0.00613982
4629,0.00613995
4630,0.00613836
4631,0.00613995
4632,0.0061391
4633,0.00613995
4634,0.00613905
4635,0.00613995
4636,0.00613995
4637,0.00613995
4638,0.00613995
4639,0.00613995
4640,0.00613977
4641,0.00613995
4642,0.00613967
4643,0.00613995
4644,0.0061397
4645,0.00613995
4646,0.00613517
4647,0.00613995
4648,0.00613947
4649,0.00613995
4650,0.00613871
4651,0.00613995
4652,0.00613967
4653,0.00613995
4654,0.00613994
4655,0.00613995
4656,0.00613935
4657,0.00613995
4658,0.00613969
4659,0.00613995
4660,0.00613902
4661,0.00613995
4662,0.00613974
4663,0.00613995
4664,0.00613927
4665,0.00613995
4666,0.00613957
4667,0.00613995
4668,0.00613953
4669,0.00613995
4670,0.00613993
4671,0.00613995
4672,0.00613995
4673,0.00613995
4674,0.00613995
4675,0.00613995
4676,0.00613987
4677,0.00613995
4678,0.00613879
4679,0.00613995
4680,0.00613978
4681,0.00613995
4682,0.0061399
4683,0.00613995
4684,0.00613995
4685,0.00613995
4686,0.0061398
4687,0.00613995
4688,0.00613921
4689,0.00613995
4690,0.00613895
4691,0.00613995
4692,0.00613931
4693,0.00613995
4694,0.00613943
4695,0.00613995
4696,0.00613994
4697,0.00613995
4698,0.00613995
4699,0.00613995
4700,0.00613932
4701,0.00613995
4702,0.00613995
4703,0.00613995
4704,0.00613991
4705,0.00613995
4706,0.00613985
4707,0.00613995
4708,0.00613965
4709,0.00613995
4710,0.00613948
4711,0.00613995
4712,0.00613915
4713,0.00613995
4714,0.00613802
4715,0.00613995
4716,0.00613994
4717,0.00613995
4718,0.00613989
4719,0.00613995
4720,0.00613993
4721,0.00613995
4722,0.00613874
4723,0.00613995
4724,0.0061397
4725,0.00613995
4726,0.00613316
4727,0.00613995
4728,0.0061396
4729,0.00613995
4730,0.00613988
4731,0.00613995
4732,0.00613978
4733,0.00613995
4734,0.00613987
4735,0.00613995
4736,0.0061399
4737,0.00613995
4738,0.00613898
4739,0.00613995
4740,0.00613994
4741,0.00613995
4742,0.00613953
4743,0.00613995
4744,0.00613988
4745,0.00613995
4746,0.00613955
4747,0.00613995
4748,0.00613982
4749,0.00613995
4750,0.00613992
4751,0.00613995
4752,0.00613992
4753,0.00613995
4754,0.00613875
4755,0.00613995
4756,0.00613971
4757,0.00613995
4758,0.00613956
4759,0.00613995
4760,0.00613991
4761,0.00613995
4762,0.00613976
4763,0.00613995
4764,0.00613875
4765,0.00613995
4766,0.00613962
4767,0.00613995
4768,0.00613995
4769,0.00613995
4770,0.00613951
4771,0.00613995
4772,0.00613989
4773,0.00613995
4774,0.00613993
4775,0.00613995
4776,0.00613986
4777,0.00613995
4778,0.00613905
4779,0.00613995
4780,0.00613857
4781,0.00613995
4782,0.00613924
4783,0.00613995
4784,0.00613981
4785,0.00613995
4786,0.00613988
4787,0.00613995
4788,0.00613972
4789,0.00613995
4790,0.00613861
4791,0.00613995
4792,0.0061398
4793,0.00613995
4794,0.00613994
4795,0.00613995
4796,0.00613963
4797,0.00613995
4798,0.00613975
4799,0.00613995
4800,0.00613978
4801,0.00613995
4802,0.00613986
4803,0.00613995
4804,0.00613934
4805,0.00613995
4806,0.00613965
4807,0.00613995
4808,0.00613987
4809,0.00613995
4810,0.00613993
4811,0.00613995
4812,0.00613931
4813,0.00613995
4814,0.00613863
4815,0.00613995
4816,0.00613962
4817,0.00613995
4818,0.00613743
4819,0.00613995
4820,0.00613985
4821,0.00613995
4822,0.0061399
4823,0.00613995
4824,0.00613826
4825,0.00613995
4826,0.00613988
4827,0.00613995
4828,0.00613974
4829,0.00613995
4830,0.00613817
4831,0.00613995
4832,0.0061397
4833,0.00613995
4834,0.00613825
4835,0.00613995
4836,0.00613994
4837,0.00613995
4838,0.00613921
4839,0.00613995
4840,0.00613991
4841,0.00613995
4842,0.00613991
4843,0.00613995
4844,0.00613993
4845,0.00613995
4846,0.00613954
4847,0.00613995
4848,0.00613951
4849,0.00613995
4850,0.00613939
4851,0.00613995
4852,0.00613929
4853,0.00613995
4854,0.00613992
4855,0.00613995
4856,0.00613899
4857,0.00613995
4858,0.00613809
4859,0.00613995
4860,0.00613379
4861,0.00613995
4862,0.00613965
4863,0.00613995
4864,0.00613985
4865,0.00613995
4866,0.00613993
4867,0.00613995
4868,0.00613993
4869,0.00613995
4870,0.00613995
4871,0.00613995
4872,0.00613991
4873,0.00613995
4874,0.00613964
4875,0.00613995
4876,0.00613957
4877,0.00613995
4878,0.00613991
4879,0.00613995
4880,0.00613962
4881,0.00613995
4882,0.00613972
4883,0.00613995
4884,0.00613896
4885,0.00613995
4886,0.00613931
4887,0.00613995
4888,0.00613994
4889,0.00613995
4890,0.00613972
4891,0.00613995
4892,0.00613954
4893,0.00613995
4894,0.00613919
4895,0.00613995
4896,0.00613992
4897,0.00613995
4898,0.00613989
4899,0.00613995
4900,0.00613994
4901,0.00613995
4902,0.00613811
4903,0.00613995
4904,0.00613994
4905,0.00613995
4906,0.00613995
4907,0.00613995
4908,0.00613984
4909,0.00613995
4910,0.00613984
4911,0.00613995
4912,0.00613985
4913,0.00613995
4914,0.00613993
4915,0.00613995
4916,0.00613758
4917,0.00613995
4918,0.00613992
4919,0.00613995
4920,0.0061387
4921,0.00613995
4922,0.00613993
4923,0.00613995
4924,0.00613975
4925,0.00613995
4926,0.0061399
4927,0.00613995
4928,0.00613949
4929,0.00613995
4930,0.0061399
4931,0.00613995
4932,0.00613816
4933,0.00613995
4934,0.00613965
4935,0.00613995
4936,0.00613943
4937,0.00613995
4938,0.00613921
4939,0.00613995
4940,0.00613994
4941,0.00613995
4942,0.00613995
4943,0.00613995
4944,0.00613975
4945,0.00613995
4946,0.0061399
4947,0.00613995
4948,0.00613927
4949,0.00613995
4950,0.00613995
4951,0.00613995
4952,0.00613993
4953,0.00613995
4954,0.00613994
4955,0.00613995
4956,0.0061399
4957,0.00613995
4958,0.00613973
4959,0.00613995
4960,0.00613988
4961,0.00613995
4962,0.00613958
4963,0.00613995
4964,0.00613986
4965,0.00613995
4966,0.00613912
4967,0.00613995
4968,0.0061381
4969,0.00613995
4970,0.00613965
4971,0.00613995
4972,0.00613972
4973,0.00613995
4974,0.00613884
4975,0.00613995
4976,0.00613895
4977,0.00613995
4978,0.00613792
4979,0.00613995
4980,0.00613976
4981,0.00613995
4982,0.00613957
4983,0.00613995
4984,0.00613945
4985,0.00613995
4986,0.00613944
4987,0.00613995
4988,0.00613942
4989,0.00613995
4990,0.0061394
4991,0.00613995
4992,0.00613995
4993,0.00613995
4994,0.0061399
4995,0.00613995
4996,0.00613986
4997,0.00613995
4998,0.00613992
4999,0.00613995
5000,0.00613949
5001,0.00613995
5002,0.00613995
5003,0.00613995
5004,0.00613876
5005,0.00613995
5006,0.00613993
5007,0.00613995
5008,0.00613991
5009,0.00613995
5010,0.00613855
5011,0.00613995
5012,0.00613915
5013,0.00613995
5014,0.00613988
5015,0.00613995
5016,0.00613978
5017,0.00613995
5018,0.00613981
5019,0.00613995
5020,0.00613942
5021,0.00613995
5022,0.00613969
5023,0.00613995
5024,0.00613956
5025,0.00613995
5026,0.00613966
5027,0.00613995
5028,0.00613992
5029,0.00613995
5030,0.00613994
5031,0.00613995
5032,0.00613977
5033,0.00613995
5034,0.00613827
5035,0.00613995
5036,0.00613977
5037,0.00613995
5038,0.00613968
5039,0.00613995
5040,0.00613991
5041,0.00613995
5042,0.00613984
5043,0.00613995
5044,0.00613992
5045,0.00613995
5046,0.00613995
5047,0.00613995
5048,0.00613995
5049,0.00613995
5050,0.00613995
5051,0.00613995
5052,0.00613993
5053,0.00613995
5054,0.00613981
5055,0.00613995
5056,0.00613959
5057,0.00613995
5058,0.0061383
5059,0.00613995
5060,0.00613916
5061,0.00613995
5062,0.00613761
5063,0.00613995
5064,0.00613995
5065,0.00613995
5066,0.00613959
5067,0.00613995
5068,0.0061386
5069,0.00613995
5070,0.00613955
5071,0.00613995
5072,0.00613945
5073,0.00613995
5074,0.00613978
5075,0.00613995
5076,0.00613991
5077,0.00613995
5078,0.00613993
5079,0.00613995
5080,0.0061396
5081,0.00613995
5082,0.00613915
5083,0.00613995
5084,0.00613994
5085,0.00613995
5086,0.00613567
5087,0.00613995
5088,0.00613506
5089,0.00613995
5090,0.00613981
5091,0.00613995
5092,0.00613908
5093,0.00613995
5094,0.00613985
5095,0.00613995
5096,0.00613995
5097,0.00613995
5098,0.00613983
5099,0.00613995
5100,0.00613961
5101,0.00613995
5102,0.00613971
5103,0.00613995
5104,0.00613907
5105,0.00613995
5106,0.00613983
5107,0.00613995
5108,0.00613945
5109,0.00613995
5110,0.00613968
5111,0.00613995
5112,0.0061397
5113,0.00613995
5114,0.00613987
5115,0.00613995
5116,0.00613862
5117,0.00613995
5118,0.00613995
5119,0.00613995
5120,0.00613984
5121,0.00613995
5122,0.0061399
5123,0.00613995
5124,0.00613869
5125,0.00613995
5126,0.00613971
5127,0.00613995
5128,0.00613896
5129,0.00613995
5130,0.00613925
5131,0.00613995
5132,0.00613994
5133,0.00613995
5134,0.00613975
5135,0.00613995
5136,0.00613961
5137,0.00613995
5138,0.00613988
5139,0.00613995
5140,0.00613993
5141,0.00613995
5142,0.00613924
5143,0.00613995
5144,0.00613975
5145,0.00613995
5146,0.00613967
5147,0.00613995
5148,0.00613861
5149,0.00613995
5150,0.0061378
5151,0.00613995
5152,0.00613986
5153,0.00613995
5154,0.00613988
5155,0.00613995
5156,0.00613948
5157,0.00613995
5158,0.00613957
5159,0.00613995
5160,0.00613989
5161,0.00613995
5162,0.00613893
5163,0.00613995
5164,0.00613878
5165,0.00613995
5166,0.00613988
5167,0.00613995
5168,0.00613916
5169,0.00613995
5170,0.0061385
5171,0.00613995
5172,0.00613954
5173,0.00613995
5174,0.00613995
5175,0.00613995
5176,0.00613968
5177,0.00613995
5178,0.00613995
5179,0.00613995
5180,0.0061381
5181,0.00613995
5182,0.0061389
5183,0.00613995
5184,0.00613958
5185,0.00613995
5186,0.00613853
5187,0.00613995
5188,0.0061399
5189,0.00613995
5190,0.0061397
5191,0.00613995
5192,0.00613995
5193,0.00613995
5194,0.00613976
5195,0.00613995
5196,0.00613859
5197,0.00613995
5198,0.00613925
5199,0.00613995
5200,0.00613969
5201,0.00613995
5202,0.00613963
5203,0.00613995
5204,0.00613962
5205,0.00613995
5206,0.00613992
5207,0.00613995
5208,0.00613988
5209,0.00613995
5210,0.00613988
5211,0.00613995
5212,0.00613986
5213,0.00613995
5214,0.00613994
5215,0.00613995
5216,0.00613947
5217,0.00613995
5218,0.0061399
5219,0.00613995
5220,0.00613825
5221,0.00613995
5222,0.00613994
5223,0.00613995
5224,0.00613989
5225,0.00613995
5226,0.00613975
5227,0.00613995
5228,0.00613964
5229,0.00613995
5230,0.00613973
5231,0.00613995
5232,0.00613992
5233,0.00613995
5234,0.00613983
5235,0.00613995
5236,0.00613964
5237,0.00613995
5238,0.00613979
5239,0.00613995
5240,0.00613875
5241,0.00613995
5242,0.00613784
5243,0.00613995
5244,0.00613993
5245,0.00613995
5246,0.0061386
5247,0.00613995
5248,0.00613993
5249,0.00613995
5250,0.00613971
5251,0.00613995
5252,0.00613903
5253,0.00613995
5254,0.00613825
5255,0.00613995
5256,0.00613994
5257,0.00613995
5258,0.00613964
5259,0.00613995
5260,0.00613963
5261,0.00613995
5262,0.00613954
5263,0.00613995
5264,0.00613995
5265,0.00613995
5266,0.00613986
5267,0.00613995
5268,0.00613929
5269,0.00613995
5270,0.00613873
5271,0.00613995
5272,0.00613968
5273,0.00613995
5274,0.00613945
5275,0.00613995
5276,0.00613866
5277,0.00613995
5278,0.00613957
5279,0.00613995
5280,0.00613931
5281,0.00613995
5282,0.00613976
5283,0.00613995
5284,0.00613841
5285,0.00613995
5286,0.00613995
5287,0.00613995
5288,0.00613913
5289,0.00613995
5290,0.00613905
5291,0.00613995
5292,0.00613948
5293,0.00613995
5294,0.00613962
5295,0.00613995
5296,0.00613963
5297,0.00613995
5298,0.00613975
5299,0.00613995
5300,0.00613986
5301,0.00613995
5302,0.00613813
5303,0.00613995
5304,0.00613995
5305,0.00613995
5306,0.00613861
5307,0.00613995
5308,0.00613985
5309,0.00613995
5310,0.00613985
5311,0.00613995
5312,0.00613971
5313,0.00613995
5314,0.00613988
5315,0.00613995
5316,0.00613963
5317,0.00613995
5318,0.00613995
5319,0.00613995
5320,0.00613981
5321,0.00613995
5322,0.00613875
5323,0.00613995
5324,0.00613989
5325,0.00613995
5326,0.00613896
5327,0.00613995
5328,0.0061399
5329,0.00613995
5330,0.00613798
5331,0.00613995
5332,0.0061397
5333,0.00613995
5334,0.00613937
5335,0.00613995
5336,0.00613995
5337,0.00613995
5338,0.00613978
5339,0.00613995
5340,0.00613986
5341,0.00613995
5342,0.00613989
5343,0.00613995
5344,0.00613989
5345,0.00613995
5346,0.0061399
5347,0.00613995
5348,0.00613961
5349,0.00613995
5350,0.00613995
5351,0.00613995
5352,0.00613984
5353,0.00613995
5354,0.00613965
5355,0.00613995
5356,0.00613912
5357,0.00613995
5358,0.00613978
5359,0.00613995
5360,0.00613989
5361,0.00613995
5362,0.00613982
5363,0.00613995
5364,0.006139
5365,0.00613995
5366,0.00613991
5367,0.00613995
5368,0.00613848
5369,0.00613995
5370,0.00613922
5371,0.00613995
5372,0.00613972
5373,0.00613995
5374,0.00613991
5375,0.00613995
5376,0.00613849
5377,0.00613995
5378,0.00613991
5379,0.00613995
5380,0.00613985
5381,0.00613995
5382,0.00613921
5383,0.00613995
5384,0.00613849
5385,0.00613995
5386,0.00613992
5387,0.00613995
5388,0.00613774
5389,0.00613995
5390,0.00613077
5391,0.00613995
5392,0.00613988
5393,0.00613995
5394,0.00613891
5395,0.00613995
5396,0.00613861
5397,0.00613995
5398,0.00613991
5399,0.00613995
5400,0.00613985
5401,0.00613995
5402,0.00613911
5403,0.00613995
5404,0.00613994
5405,0.00613995
5406,0.0061396
5407,0.00613995
5408,0.00613993
5409,0.00613995
5410,0.00613661
5411,0.00613995
5412,0.00613971
5413,0.00613995
5414,0.00613901
5415,0.00613995
5416,0.00613763
5417,0.00613995
5418,0.00613993
5419,0.00613995
5420,0.00613928
5421,0.00613995
5422,0.00613989
5423,0.00613995
5424,0.00613981
5425,0.00613995
5426,0.00613987
5427,0.00613995
5428,0.00613775
5429,0.00613995
5430,0.00613868
5431,0.00613995
5432,0.00613808
5433,0.00613995
5434,0.00613982
5435,0.00613995
5436,0.00613987
5437,0.00613995
5438,0.00613962
5439,0.00613995
5440,0.00613994
5441,0.00613995
5442,0.00613779
5443,0.00613995
5444,0.00613942
5445,0.00613995
5446,0.006139
5447,0.00613995
5448,0.00613992
5449,0.00613995
5450,0.00613963
5451,0.00613995
5452,0.00613809
5453,0.00613995
5454,0.00613873
5455,0.00613995
5456,0.00613877
5457,0.00613995
5458,0.00613993
5459,0.00613995
5460,0.00613995
5461,0.00613995
5462,0.00613941
5463,0.00613995
5464,0.00613973
5465,0.00613995
5466,0.0061397
5467,0.00613995
5468,0.00613987
5469,0.00613995
5470,0.00613848
5471,0.00613995
5472,0.00613874
5473,0.00613995
5474,0.006139
5475,0.00613995
5476,0.00613987
5477,0.00613995
5478,0.00613911
5479,0.00613995
5480,0.00613954
5481,0.00613995
5482,0.00613905
5483,0.00613995
5484,0.00613992
5485,0.00613995
5486,0.00613991
5487,0.00613995
5488,0.00613976
5489,0.00613995
5490,0.00613991
5491,0.00613995
5492,0.00613974
5493,0.00613995
5494,0.00613974
5495,0.00613995
5496,0.00613973
5497,0.00613995
5498,0.00613985
5499,0.00613995
5500,0.00613979
5501,0.00613995
5502,0.0061375
5503,0.00613995
5504,0.00613813
5505,0.00613995
5506,0.0061395
5507,0.00613995
5508,0.0061395
5509,0.00613995
5510,0.00613882
5511,0.00613995
5512,0.0061399
5513,0.00613995
5514,0.00613895
5515,0.00613995
5516,0.0061399
5517,0.00613995
5518,0.00613817
5519,0.00613995
5520,0.00613965
5521,0.00613995
5522,0.0061393
5523,0.00613995
5524,0.00613694
5525,0.00613995
5526,0.00613966
5527,0.00613995
5528,0.00613958
5529,0.00613995
5530,0.00613767
5531,0.00613995
5532,0.00613982
5533,0.00613995
5534,0.00613995
5535,0.00613995
5536,0.00613968
5537,0.00613995
5538,0.00613994
5539,0.00613995
5540,0.00613992
5541,0.00613995
5542,0.00613987
5543,0.00613995
5544,0.00613792
5545,0.00613995
5546,0.0061399
5547,0.00613995
5548,0.00613893
5549,0.00613995
5550,0.00613975
5551,0.00613995
5552,0.00613976
5553,0.00613995
5554,0.00613995
5555,0.00613995
5556,0.00613969
5557,0.00613995
5558,0.00613965
5559,0.00613995
5560,0.00613535
5561,0.00613995
5562,0.00613873
5563,0.00613995
5564,0.00613984
5565,0.00613995
5566,0.00613973
5567,0.00613995
5568,0.00613984
5569,0.00613995
5570,0.00613945
5571,0.00613995
5572,0.00613993
5573,0.00613995
5574,0.00613995
5575,0.00613995
5576,0.00613986
5577,0.00613995
5578,0.00613936
5579,0.00613995
5580,0.00613988
5581,0.00613995
5582,0.00613861
5583,0.00613995
5584,0.00613992
5585,0.00613995
5586,0.00613972
5587,0.00613995
5588,0.00613993
5589,0.00613995
5590,0.00613878
5591,0.00613995
5592,0.00613971
5593,0.00613995
5594,0.00613863
5595,0.00613995
5596,0.00613984
5597,0.00613995
5598,0.00613973
5599,0.00613995
5600,0.00613973
5601,0.00613995
5602,0.00613807
5603,0.00613995
5604,0.00613993
5605,0.00613995
5606,0.00613962
5607,0.00613995
5608,0.00613973
5609,0.00613995
5610,0.00613982
5611,0.00613995
5612,0.00613984
5613,0.00613995
5614,0.00613995
5615,0.00613995
5616,0.0061387
5617,0.00613995
5618,0.00613964
5619,0.00613995
5620,0.00613982
5621,0.00613995
5622,0.00613918
5623,0.00613995
5624,0.00613965
5625,0.00613995
5626,0.00613919
5627,0.00613995
5628,0.00613989
5629,0.00613995
5630,0.00613965
5631,0.00613995
5632,0.00613983
5633,0.00613995
5634,0.00613854
5635,0.00613995
5636,0.00613814
5637,0.00613995
5638,0.00613995
5639,0.00613995
5640,0.00613995
5641,0.00613995
5642,0.00613991
5643,0.00613995
5644,0.00613901
5645,0.00613995
5646,0.00613994
5647,0.00613995
5648,0.00613936
5649,0.00613995
5650,0.00613991
5651,0.00613995
5652,0.00613935
5653,0.00613995
5654,0.00613992
5655,0.00613995
5656,0.0061386
5657,0.00613995
5658,0.00613995
5659,0.00613995
5660,0.00613993
5661,0.00613995
5662,0.00613975
5663,0.00613995
5664,0.00613987
5665,0.00613995
5666,0.00613739
5667,0.00613995
5668,0.00613767
5669,0.00613995
5670,0.00613994
5671,0.00613995
5672,0.00613988
5673,0.00613995
5674,0.00613995
5675,0.00613995
5676,0.00613994
5677,0.00613995
5678,0.00613758
5679,0.00613995
5680,0.00613832
5681,0.00613995
5682,0.00613895
5683,0.00613995
5684,0.0061393
5685,0.00613995
5686,0.00613956
5687,0.00613995
5688,0.00613993
5689,0.00613995
5690,0.00613979
5691,0.00613995
5692,0.00613964
5693,0.00613995
5694,0.00613917
5695,0.00613995
5696,0.00613992
5697,0.00613995
5698,0.00613939
5699,0.00613995
5700,0.00613873
5701,0.00613995
5702,0.00613993
5703,0.00613995
5704,0.00613979
5705,0.00613995
5706,0.00613977
5707,0.00613995
5708,0.00613943
5709,0.00613995
5710,0.00613989
5711,0.00613995
5712,0.00613991
5713,0.00613995
5714,0.00613942
5715,0.00613995
5716,0.00613979
5717,0.00613995
5718,0.00613955
5719,0.00613995
5720,0.00613988
5721,0.00613995
5722,0.00613786
5723,0.00613995
5724,0.00613987
5725,0.00613995
5726,0.00613959
5727,0.00613995
5728,0.00613974
5729,0.00613995
5730,0.00613957
5731,0.00613995
5732,0.00613976
5733,0.00613995
5734,0.00613889
5735,0.00613995
5736,0.00613989
5737,0.00613995
5738,0.00613794
5739,0.00613995
5740,0.00613982
5741,0.00613995
5742,0.00613993
5743,0.00613995
5744,0.00613992
5745,0.00613995
5746,0.00613995
5747,0.00613995
5748,0.0061397
5749,0.00613995
5750,0.00613991
5751,0.00613995
5752,0.00613901
5753,0.00613995
5754,0.00613995
5755,0.00613995
5756,0.00613995
5757,0.00613995
5758,0.00613956
5759,0.00613995
5760,0.00613316
5761,0.00613995
5762,0.00613993
5763,0.00613995
5764,0.00613995
5765,0.00613995
5766,0.00613972
5767,0.00613995
5768,0.00613962
5769,0.00613995
5770,0.00613898
5771,0.00613995
5772,0.00613993
5773,0.00613995
5774,0.00613985
5775,0.00613995
5776,0.00613943
5777,0.00613995
5778,0.00613992
5779,0.00613995
5780,0.00613972
5781,0.00613995
5782,0.00613994
5783,0.00613995
5784,0.00613965
5785,0.00613995
5786,0.00613864
5787,0.00613995
5788,0.00613855
5789,0.00613995
5790,0.00613793
5791,0.00613995
5792,0.00613994
5793,0.00613995
5794,0.00613915
5795,0.00613995
5796,0.00613969
5797,0.00613995
5798,0.00613989
5799,0.00613995
5800,0.00613972
5801,0.00613995
5802,0.0061399
5803,0.00613995
5804,0.00613963
5805,0.00613995
5806,0.00613949
5807,0.00613995
5808,0.00613903
5809,0.00613995
5810,0.00613957
5811,0.00613995
5812,0.00613993
5813,0.00613995
5814,0.00613994
5815,0.00613995
5816,0.00613965
5817,0.00613995
5818,0.00613957
5819,0.00613995
5820,0.00613988
5821,0.00613995
5822,0.00613941
5823,0.00613995
5824,0.0061395
5825,0.00613995
5826,0.00613991
5827,0.00613995
5828,0.0061397
5829,0.00613995
5830,0.00613944
5831,0.00613995
5832,0.00613976
5833,0.00613995
5834,0.0061387
5835,0.00613995
5836,0.00613995
5837,0.00613995
5838,0.0061392
5839,0.00613995
5840,0.00613974
5841,0.00613995
5842,0.00613966
5843,0.00613995
5844,0.00613986
5845,0.00613995
5846,0.00613965
5847,0.00613995
5848,0.0061399
5849,0.00613995
5850,0.00613959
5851,0.00613995
5852,0.00613851
5853,0.00613995
5854,0.00613973
5855,0.00613995
5856,0.00613988
5857,0.00613995
5858,0.00613992
5859,0.00613995
5860,0.00613968
5861,0.00613995
5862,0.00613993
5863,0.00613995
5864,0.00613874
5865,0.00613995
5866,0.00613971
5867,0.00613995
5868,0.00613973
5869,0.00613995
5870,0.00613869
5871,0.00613995
5872,0.00613961
5873,0.00613995
5874,0.00613526
5875,0.00613995
5876,0.0061396
5877,0.00613995
5878,0.00613968
5879,0.00613995
5880,0.00613979
5881,0.00613995
5882,0.00613962
5883,0.00613995
5884,0.00613994
5885,0.00613995
5886,0.00613964
5887,0.00613995
5888,0.00613975
5889,0.00613995
5890,0.00613987
5891,0.00613995
5892,0.00613972
5893,0.00613995
5894,0.00613964
5895,0.00613995
5896,0.00613995
5897,0.00613995
5898,0.00613801
5899,0.00613995
5900,0.00613762
5901,0.00613995
5902,0.00613995
5903,0.00613995
5904,0.00613886
5905,0.00613995
5906,0.00613988
5907,0.00613995
5908,0.00613814
5909,0.00613995
5910,0.00613988
5911,0.00613995
5912,0.00613955
5913,0.00613995
5914,0.00613988
5915,0.00613995
5916,0.00613988
5917,0.00613995
5918,0.00613989
5919,0.00613995
5920,0.00613987
5921,0.00613995
5922,0.00613916
5923,0.00613995
5924,0.00613991
5925,0.00613995
5926,0.00613984
5927,0.00613995
5928,0.00613986
5929,0.00613995
5930,0.00613989
5931,0.00613995
5932,0.0061397
5933,0.00613995
5934,0.00613943
5935,0.00613995
5936,0.00613988
5937,0.00613995
5938,0.00613989
5939,0.00613995
5940,0.00613988
5941,0.00613995
5942,0.00613974
5943,0.00613995
5944,0.00613994
5945,0.00613995
5946,0.00613897
5947,0.00613995
5948,0.00613956
5949,0.00613995
5950,0.0061399
5951,0.00613995
5952,0.00613951
5953,0.00613995
5954,0.00613994
5955,0.00613995
5956,0.00613993
5957,0.00613995
5958,0.00613993
5959,0.00613995
5960,0.00613977
5961,0.00613995
5962,0.00613972
5963,0.00613995
5964,0.00613488
5965,0.00613995
5966,0.00613802
5967,0.00613995
5968,0.00613978
5969,0.00613995
5970,0.00613992
5971,0.00613995
5972,0.00613956
5973,0.00613995
5974,0.00613968
5975,0.00613995
5976,0.00613768
5977,0.00613995
5978,0.00613991
5979,0.00613995
5980,0.006139
5981,0.00613995
5982,0.00613969
5983,0.00613995
5984,0.00613989
5985,0.00613995
5986,0.00613987
5987,0.00613995
5988,0.00613911
5989,0.00613995
5990,0.00613922
5991,0.00613995
5992,0.00613981
5993,0.00613995
5994,0.00613958
5995,0.00613995
5996,0.00613981
5997,0.00613995
5998,0.0061397
5999,0.00613995
6000,0.0061378
6001,0.00613995
6002,0.00613962
6003,0.00613995
6004,0.0061391
6005,0.00613995
6006,0.00613912
6007,0.00613995
6008,0.00613961
6009,0.00613995
6010,0.0061396
6011,0.00613995
6012,0.00613974
6013,0.00613995
6014,0.00613914
6015,0.00613995
6016,0.00613501
6017,0.00613995
6018,0.00613974
6019,0.00613995
6020,0.00613938
6021,0.00613995
6022,0.00613995
6023,0.00613995
6024,0.00613913
6025,0.00613995
6026,0.00613924
6027,0.00613995
6028,0.00613985
6029,0.00613995
6030,0.00613992
6031,0.00613995
6032,0.00613927
6033,0.00613995
6034,0.00613834
6035,0.00613995
6036,0.00613928
6037,0.00613995
6038,0.00613979
6039,0.00613995
6040,0.00613654
6041,0.00613995
6042,0.00613992
6043,0.00613995
6044,0.00613318
6045,0.00613995
6046,0.00613924
6047,0.00613995
6048,0.00613959
6049,0.00613995
6050,0.00613988
6051,0.00613995
6052,0.00613955
6053,0.00613995
6054,0.00613992
6055,0.00613995
6056,0.0061387
6057,0.00613995
6058,0.00613837
6059,0.00613995
6060,0.00613967
6061,0.00613995
6062,0.00613991
6063,0.00613995
6064,0.00613893
6065,0.00613995
6066,0.0061392
6067,0.00613995
6068,0.00613993
6069,0.00613995
6070,0.00613813
6071,0.00613995
6072,0.00613982
6073,0.00613995
6074,0.00613994
6075,0.00613995
6076,0.0061394
6077,0.00613995
6078,0.00613719
6079,0.00613995
6080,0.00613989
6081,0.00613995
6082,0.00613994
6083,0.00613995
6084,0.0061397
6085,0.00613995
6086,0.00613994
6087,0.00613995
6088,0.00613968
6089,0.00613995
6090,0.00613995
6091,0.00613995
6092,0.00613987
6093,0.00613995
6094,0.00613994
6095,0.00613995
6096,0.00613995
6097,0.00613995
6098,0.00613942
6099,0.00613995
6100,0.00613859
6101,0.00613995
6102,0.00613965
6103,0.00613995
6104,0.00613881
6105,0.00613995
6106,0.00613994
6107,0.00613995
6108,0.0061396
6109,0.00613995
6110,0.00613922
6111,0.00613995
6112,0.0061399
6113,0.00613995
6114,0.00613989
6115,0.00613995
6116,0.00613992
6117,0.00613995
6118,0.00613982
6119,0.00613995
6120,0.0061398
6121,0.00613995
6122,0.00613799
6123,0.00613995
6124,0.00613965
6125,0.00613995
6126,0.00613937
6127,0.00613995
6128,0.00613988
6129,0.00613995
6130,0.00613995
6131,0.00613995
6132,0.00613989
6133,0.00613995
6134,0.00613943
6135,0.00613995
6136,0.00613987
6137,0.00613995
6138,0.00613973
6139,0.00613995
6140,0.00613988
6141,0.00613995
6142,0.0061399
6143,0.00613995
6144,0.00613981
6145,0.00613995
6146,0.00613762
6147,0.00613995
6148,0.00613951
6149,0.00613995
6150,0.00613995
6151,0.00613995
6152,0.00613995
6153,0.00613995
6154,0.00613954
6155,0.00613995
6156,0.00613995
6157,0.00613995
6158,0.00613979
6159,0.00613995
6160,0.00613236
6161,0.00613995
6162,0.00613995
6163,0.00613995
6164,0.00613994
6165,0.00613995
6166,0.00613977
6167,0.00613995
6168,0.00613992
6169,0.00613995
6170,0.00613876
6171,0.00613995
6172,0.00613828
6173,0.00613995
6174,0.00613843
6175,0.00613995
6176,0.00613965
6177,0.00613995
6178,0.00613995
6179,0.00613995
6180,0.00613935
6181,0.00613995
6182,0.0061399
6183,0.00613995
6184,0.00613978
6185,0.00613995
6186,0.00613823
6187,0.00613995
6188,0.0061396
6189,0.00613995
6190,0.00613989
6191,0.00613995
6192,0.00613991
6193,0.00613995
6194,0.00613897
6195,0.00613995
6196,0.0061383
6197,0.00613995
6198,0.00613961
6199,0.00613995
6200,0.0061397
6201,0.00613995
6202,0.00613905
6203,0.00613995
6204,0.00613818
6205,0.00613995
6206,0.00613992
6207,0.00613995
6208,0.00613968
6209,0.00613995
6210,0.00613779
6211,0.00613995
6212,0.00613994
6213,0.00613995
6214,0.00613987
6215,0.00613995
6216,0.00613991
6217,0.00613995
6218,0.00613988
6219,0.00613995
6220,0.00613992
6221,0.00613995
6222,0.00613845
6223,0.00613995
6224,0.00613799
6225,0.00613995
6226,0.00613836
6227,0.00613995
6228,0.00613909
6229,0.00613995
6230,0.00613967
6231,0.00613995
6232,0.0061399
6233,0.00613995
6234,0.00613987
6235,0.00613995
6236,0.00613994
6237,0.00613995
6238,0.00613974
6239,0.00613995
6240,0.00613984
6241,0.00613995
6242,0.00613995
6243,0.00613995
6244,0.00613978
6245,0.00613995
6246,0.00613899
6247,0.00613995
6248,0.00613988
6249,0.00613995
6250,0.0061399
6251,0.00613995
6252,0.00613968
6253,0.00613995
6254,0.00613949
6255,0.00613995
6256,0.00613978
6257,0.00613995
6258,0.00613995
6259,0.00613995
6260,0.00613791
6261,0.00613995
6262,0.00613943
6263,0.00613995
6264,0.00613995
6265,0.00613995
6266,0.00613965
6267,0.00613995
6268,0.00613987
6269,0.00613995
6270,0.00613994
6271,0.00613995
6272,0.00613952
6273,0.00613995
6274,0.00613994
6275,0.00613995
6276,0.00613995
6277,0.00613995
6278,0.00613977
6279,0.00613995
6280,0.00613963
6281,0.00613995
6282,0.00613924
6283,0.00613995
6284,0.00613943
6285,0.00613995
6286,0.00613911
6287,0.00613995
6288,0.00613909
6289,0.00613995
6290,0.00613994
6291,0.00613995
6292,0.00613947
6293,0.00613995
6294,0.00613987
6295,0.00613995
6296,0.00613979
6297,0.00613995
6298,0.00613912
6299,0.00613995
6300,0.00613863
6301,0.00613995
6302,0.00613985
6303,0.00613995
6304,0.00613982
6305,0.00613995
6306,0.00613968
6307,0.00613995
6308,0.00613995
6309,0.00613995
6310,0.00613986
6311,0.00613995
6312,0.00613796
6313,0.00613995
6314,0.00613995
6315,0.00613995
6316,0.00613989
6317,0.00613995
6318,0.00613994
6319,0.00613995
6320,0.00613973
6321,0.00613995
6322,0.00613994
6323,0.00613995
6324,0.00613981
6325,0.00613995
6326,0.00613925
6327,0.00613995
6328,0.00613765
6329,0.00613995
6330,0.00613677
6331,0.00613995
6332,0.00613924
6333,0.00613995
6334,0.00613995
6335,0.00613995
6336,0.00613868
6337,0.00613995
6338,0.00613994
6339,0.00613995
6340,0.00613946
6341,0.00613995
6342,0.00613944
6343,0.00613995
6344,0.00613855
6345,0.00613995
6346,0.00613969
6347,0.00613995
6348,0.00613991
6349,0.00613995
6350,0.00613981
6351,0.00613995
6352,0.00613947
6353,0.00613995
6354,0.00613986
6355,0.00613995
6356,0.0061393
6357,0.00613995
6358,0.00613971
6359,0.00613995
6360,0.00613973
6361,0.00613995
6362,0.00613977
6363,0.00613995
6364,0.00613921
6365,0.00613995
6366,0.00613994
6367,0.00613995
6368,0.00613993
6369,0.00613995
6370,0.00613991
6371,0.00613995
6372,0.00613855
6373,0.00613995
6374,0.00613993
6375,0.00613995
6376,0.00613995
6377,0.00613995
6378,0.00613989
6379,0.00613995
6380,0.00613991
6381,0.00613995
6382,0.00613993
6383,0.00613995
6384,0.00613982
6385,0.00613995
6386,0.00613972
6387,0.00613995
6388,0.00613917
6389,0.00613995
6390,0.00613974
6391,0.00613995
6392,0.00613983
6393,0.00613995
6394,0.00613963
6395,0.00613995
6396,0.00613979
6397,0.00613995
6398,0.00613993
6399,0.00613995
6400,0.00613973
6401,0.00613995
6402,0.00613995
6403,0.00613995
6404,0.00613774
6405,0.00613995
6406,0.00613954
6407,0.00613995
6408,0.00613995
6409,0.00613995
6410,0.00613994
6411,0.00613995
6412,0.00613988
6413,0.00613995
6414,0.00613911
6415,0.00613995
6416,0.00613995
6417,0.00613995
6418,0.00613986
6419,0.00613995
6420,0.0061399
6421,0.00613995
6422,0.00613954
6423,0.00613995
6424,0.00613993
6425,0.00613995
6426,0.00613882
6427,0.00613995
6428,0.00613986
6429,0.00613995
6430,0.00613971
6431,0.00613995
6432,0.00613825
6433,0.00613995
6434,0.00613967
6435,0.00613995
6436,0.00613891
6437,0.00613995
6438,0.00613984
6439,0.00613995
6440,0.00613972
6441,0.00613995
6442,0.00613994
6443,0.00613995
6444,0.00613947
6445,0.00613995
6446,0.00613946
6447,0.00613995
6448,0.0061395
6449,0.00613995
6450,0.00613992
6451,0.00613995
6452,0.00613963
6453,0.00613995
6454,0.00613995
6455,0.00613995
6456,0.00613883
6457,0.00613995
6458,0.00613726
6459,0.00613995
6460,0.00613854
6461,0.00613995
6462,0.00613944
6463,0.00613995
6464,0.00613983
6465,0.00613995
6466,0.00613849
6467,0.00613995
6468,0.00613922
6469,0.00613995
6470,0.00613995
6471,0.00613995
6472,0.00613993
6473,0.00613995
6474,0.00613903
6475,0.00613995
6476,0.00613964
6477,0.00613995
6478,0.00613987
6479,0.00613995
6480,0.00613994
6481,0.00613995
6482,0.00613942
6483,0.00613995
6484,0.00613986
6485,0.00613995
6486,0.00613242
6487,0.00613995
6488,0.00613994
6489,0.00613995
6490,0.00613579
6491,0.00613995
6492,0.00613988
6493,0.00613995
6494,0.00613848
6495,0.00613995
6496,0.00613961
6497,0.00613995
6498,0.00613995
6499,0.00613995
6500,0.00613994
6501,0.00613995
6502,0.00613953
6503,0.00613995
6504,0.0061385
6505,0.00613995
6506,0.00613994
6507,0.00613995
6508,0.00613965
6509,0.00613995
6510,0.00613986
6511,0.00613995
6512,0.00613801
6513,0.00613995
6514,0.00613993
6515,0.00613995
6516,0.00613992
6517,0.00613995
6518,0.00613994
6519,0.00613995
6520,0.00613991
6521,0.00613995
6522,0.00613989
6523,0.00613995
6524,0.00613928
6525,0.00613995
6526,0.00613992
6527,0.00613995
6528,0.00613995
6529,0.00613995
6530,0.00613995
6531,0.00613995
6532,0.00613889
6533,0.00613995
6534,0.00613986
6535,0.00613995
6536,0.00613981
6537,0.00613995
6538,0.0061396
6539,0.00613995
6540,0.00613925
6541,0.00613995
6542,0.00613988
6543,0.00613995
6544,0.00613991
6545,0.00613995
6546,0.0061389
6547,0.00613995
6548,0.00613995
6549,0.00613995
6550,0.00613994
6551,0.00613995
6552,0.00613979
6553,0.00613995
6554,0.00613986
6555,0.00613995
6556,0.00613965
6557,0.00613995
6558,0.0061397
6559,0.00613995
6560,0.00613513
6561,0.00613995
6562,0.00613942
6563,0.00613995
6564,0.00613914
6565,0.00613995
6566,0.00613963
6567,0.00613995
6568,0.00613943
6569,0.00613995
6570,0.00613874
6571,0.00613995
6572,0.00613367
6573,0.00613995
6574,0.00613955
6575,0.00613995
6576,0.00613995
6577,0.00613995
6578,0.00613963
6579,0.00613995
6580,0.00613968
6581,0.00613995
6582,0.00613977
6583,0.00613995
6584,0.00613891
6585,0.00613995
6586,0.00613925
6587,0.00613995
6588,0.00613994
6589,0.00613995
6590,0.00613927
6591,0.00613995
6592,0.0061399
6593,0.00613995
6594,0.00613967
6595,0.00613995
6596,0.006139
6597,0.00613995
6598,0.00613984
6599,0.00613995
6600,0.00613976
6601,0.00613995
6602,0.00613936
6603,0.00613995
6604,0.0061391
6605,0.00613995
6606,0.0061399
6607,0.00613995
6608,0.00613974
6609,0.00613995
6610,0.00613454
6611,0.00613995
6612,0.00613992
6613,0.00613995
6614,0.00613959
6615,0.00613995
6616,0.00613867
6617,0.00613995
6618,0.0061399
6619,0.00613995
6620,0.00613963
6621,0.00613995
6622,0.00613988
6623,0.00613995
6624,0.00613992
6625,0.00613995
6626,0.00613994
6627,0.00613995
6628,0.00613945
6629,0.00613995
6630,0.00613991
6631,0.00613995
6632,0.00613994
6633,0.00613995
6634,0.00613994
6635,0.00613995
6636,0.00613949
6637,0.00613995
6638,0.00613957
6639,0.00613995
6640,0.00613924
6641,0.00613995
6642,0.00613976
6643,0.00613995
6644,0.00613884
6645,0.00613995
6646,0.00613995
6647,0.00613995
6648,0.00613932
6649,0.00613995
6650,0.00613994
6651,0.00613995
6652,0.00613994
6653,0.00613995
6654,0.00613987
6655,0.00613995
6656,0.00613975
6657,0.00613995
6658,0.00613984
6659,0.00613995
6660,0.0061399
6661,0.00613995
6662,0.00613956
6663,0.00613995
6664,0.00613987
6665,0.00613995
6666,0.00613979
6667,0.00613995
6668,0.00613865
6669,0.00613995
6670,0.00613974
6671,0.00613995
6672,0.00613932
6673,0.00613995
6674,0.00613979
6675,0.00613995
6676,0.00613875
6677,0.00613995
6678,0.00613995
6679,0.00613995
6680,0.00613973
6681,0.00613995
6682,0.0061389
6683,0.00613995
6684,0.00613995
6685,0.00613995
6686,0.00613986
6687,0.00613995
6688,0.00613992
6689,0.00613995
6690,0.00613991
6691,0.00613995
6692,0.00613948
6693,0.00613995
6694,0.00613955
6695,0.00613995
6696,0.0061397
6697,0.00613995
6698,0.00613963
6699,0.00613995
6700,0.00613974
6701,0.00613995
6702,0.00613862
6703,0.00613995
6704,0.00613874
6705,0.00613995
6706,0.00613988
6707,0.00613995
6708,0.00613973
6709,0.00613995
6710,0.00613903
6711,0.00613995
6712,0.006138
6713,0.00613995
6714,0.00613993
6715,0.00613995
6716,0.00613949
6717,0.00613995
6718,0.00613922
6719,0.00613995
6720,0.0061396
6721,0.00613995
6722,0.00613928
6723,0.00613995
6724,0.00613971
6725,0.00613995
6726,0.0061399
6727,0.00613995
6728,0.00613964
6729,0.00613995
6730,0.00613995
6731,0.00613995
6732,0.00613898
6733,0.00613995
6734,0.00613995
6735,0.00613995
6736,0.0061398
6737,0.00613995
6738,0.00613972
6739,0.00613995
6740,0.00613995
6741,0.00613995
6742,0.00613995
6743,0.00613995
6744,0.00613993
6745,0.00613995
6746,0.00613994
6747,0.00613995
6748,0.00613988
6749,0.00613995
6750,0.00613995
6751,0.00613995
6752,0.00613993
6753,0.00613995
6754,0.00613992
6755,0.00613995
6756,0.00613995
6757,0.00613995
6758,0.00613972
6759,0.00613995
6760,0.00613987
6761,0.00613995
6762,0.0061396
6763,0.00613995
6764,0.00613975
6765,0.00613995
6766,0.00613995
6767,0.00613995
6768,0.00613975
6769,0.00613995
6770,0.00613992
6771,0.00613995
6772,0.00613966
6773,0.00613995
6774,0.00613992
6775,0.00613995
6776,0.00613962
6777,0.00613995
6778,0.00613622
6779,0.00613995
6780,0.00613993
6781,0.00613995
6782,0.00613992
6783,0.00613995
6784,0.00613985
6785,0.00613995
6786,0.00613853
6787,0.00613995
6788,0.00613994
6789,0.00613995
6790,0.00613981
6791,0.00613995
6792,0.00613966
6793,0.00613995
6794,0.0061398
6795,0.00613995
6796,0.00613991
6797,0.00613995
6798,0.00613972
6799,0.00613995
6800,0.00613974
6801,0.00613995
6802,0.00613934
6803,0.00613995
6804,0.00613969
6805,0.00613995
6806,0.00613994
6807,0.00613995
6808,0.00613771
6809,0.00613995
6810,0.00613993
6811,0.00613995
6812,0.00613993
6813,0.00613995
6814,0.00613982
6815,0.00613995
6816,0.00613953
6817,0.00613995
6818,0.00613963
6819,0.00613995
6820,0.00613965
6821,0.00613995
6822,0.00613953
6823,0.00613995
6824,0.00613985
6825,0.00613995
6826,0.00613975
6827,0.00613995
6828,0.0061396
6829,0.00613995
6830,0.00613995
6831,0.00613995
6832,0.00613844
6833,0.00613995
6834,0.00613972
6835,0.00613995
6836,0.0061399
6837,0.00613995
6838,0.00613969
6839,0.00613995
6840,0.00613971
6841,0.00613995
6842,0.00613995
6843,0.00613995
6844,0.00613759
6845,0.00613995
6846,0.00613995
6847,0.00613995
6848,0.00613988
6849,0.00613995
6850,0.00613966
6851,0.00613995
6852,0.00613993
6853,0.00613995
6854,0.00613994
6855,0.00613995
6856,0.0061394
6857,0.00613995
6858,0.00613983
6859,0.00613995
6860,0.00613984
6861,0.00613995
6862,0.00613776
6863,0.00613995
6864,0.00613988
6865,0.00613995
6866,0.00613995
6867,0.00613995
6868,0.00613995
6869,0.00613995
6870,0.00613945
6871,0.00613995
6872,0.00613994
6873,0.00613995
6874,0.00613977
6875,0.00613995
6876,0.00613993
6877,0.00613995
6878,0.00613982
6879,0.00613995
6880,0.00613956
6881,0.00613995
6882,0.00613935
6883,0.00613995
6884,0.00613994
6885,0.00613995
6886,0.00613994
6887,0.00613995
6888,0.00613995
6889,0.00613995
6890,0.00613936
6891,0.00613995
6892,0.00613805
6893,0.00613995
6894,0.00613988
6895,0.00613995
6896,0.00613995
6897,0.00613995
6898,0.0061399
6899,0.00613995
6900,0.00613989
6901,0.00613995
6902,0.00613975
6903,0.00613995
6904,0.00613912
6905,0.00613995
6906,0.00613876
6907,0.00613995
6908,0.00613901
6909,0.00613995
6910,0.00613775
6911,0.00613995
6912,0.00613994
6913,0.00613995
6914,0.00613881
6915,0.00613995
6916,0.00613934
6917,0.00613995
6918,0.00613935
6919,0.00613995
6920,0.00613911
6921,0.00613995
6922,0.00613994
6923,0.00613995
6924,0.00613995
6925,0.00613995
6926,0.00613953
6927,0.00613995
6928,0.00613966
6929,0.00613995
6930,0.00613993
6931,0.00613995
6932,0.00613962
6933,0.00613995
6934,0.00613988
6935,0.00613995
6936,0.00613995
6937,0.00613995
6938,0.00613973
6939,0.00613995
6940,0.00613818
6941,0.00613995
6942,0.00613992
6943,0.00613995
6944,0.00613988
6945,0.00613995
6946,0.00613872
6947,0.00613995
6948,0.00613979
6949,0.00613995
6950,0.00613978
6951,0.00613995
6952,0.00613949
6953,0.00613995
6954,0.00613964
6955,0.00613995
6956,0.00613959
6957,0.00613995
6958,0.00613937
6959,0.00613995
6960,0.00613995
6961,0.00613995
6962,0.00613989
6963,0.00613995
6964,0.00613974
6965,0.00613995
6966,0.00613988
6967,0.00613995
6968,0.00613959
6969,0.00613995
6970,0.00613985
6971,0.00613995
6972,0.00613991
6973,0.00613995
6974,0.00613943
6975,0.00613995
6976,0.00613769
6977,0.00613995
6978,0.00613994
6979,0.00613995
6980,0.00613989
6981,0.00613995
6982,0.00613984
6983,0.00613995
6984,0.00613992
6985,0.00613995
6986,0.00613987
6987,0.00613995
6988,0.00613995
6989,0.00613995
6990,0.00613995
6991,0.00613995
6992,0.00613974
6993,0.00613995
6994,0.00613994
6995,0.00613995
6996,0.00613994
6997,0.00613995
6998,0.00613958
6999,0.00613995
7000,0.0061383
7001,0.00613995
7002,0.00613993
7003,0.00613995
7004,0.00613995
7005,0.00613995
7006,0.00613979
7007,0.00613995
7008,0.00613966
7009,0.00613995
7010,0.0061399
7011,0.00613995
7012,0.00613829
7013,0.00613995
7014,0.00613966
7015,0.00613995
7016,0.00613925
7017,0.00613995
7018,0.00613955
7019,0.00613995
7020,0.00613927
7021,0.00613995
7022,0.0061399
7023,0.00613995
7024,0.00613761
7025,0.00613995
7026,0.00613974
7027,0.00613995
7028,0.00613819
7029,0.00613995
7030,0.00613906
7031,0.00613995
7032,0.00613973
7033,0.00613995
7034,0.00613976
7035,0.00613995
7036,0.00613883
7037,0.00613995
7038,0.00613955
7039,0.00613995
7040,0.00613972
7041,0.00613995
7042,0.00613746
7043,0.00613995
7044,0.00613981
7045,0.00613995
7046,0.00613989
7047,0.00613995
7048,0.00613986
7049,0.00613995
7050,0.00613995
7051,0.00613995
7052,0.00613994
7053,0.00613995
7054,0.00613821
7055,0.00613995
7056,0.00613966
7057,0.00613995
7058,0.00613977
7059,0.00613995
7060,0.00613992
7061,0.00613995
7062,0.00613976
7063,0.00613995
7064,0.00613839
7065,0.00613995
7066,0.00613986
7067,0.00613995
7068,0.00613994
7069,0.00613995
7070,0.00613991
7071,0.00613995
7072,0.00613995
7073,0.00613995
7074,0.00613995
7075,0.00613995
7076,0.00613966
7077,0.00613995
7078,0.00613979
7079,0.00613995
7080,0.00613951
7081,0.00613995
7082,0.00613989
7083,0.00613995
7084,0.00613964
7085,0.00613995
7086,0.00613972
7087,0.00613995
7088,0.00613991
7089,0.00613995
7090,0.00613919
7091,0.00613995
7092,0.00613981
7093,0.00613995
7094,0.00613899
7095,0.00613995
7096,0.00613952
7097,0.00613995
7098,0.00613934
7099,0.00613995
7100,0.00613961
7101,0.00613995
7102,0.00613994
7103,0.00613995
7104,0.00613952
7105,0.00613995
7106,0.0061395
7107,0.00613995
7108,0.00613981
7109,0.00613995
7110,0.00613871
7111,0.00613995
7112,0.00613995
7113,0.00613995
7114,0.00613982
7115,0.00613995
7116,0.00613994
7117,0.00613995
7118,0.00613993
7119,0.00613995
7120,0.0061394
7121,0.00613995
7122,0.00613947
7123,0.00613995
7124,0.00613982
7125,0.00613995
7126,0.00613993
7127,0.00613995
7128,0.00613995
7129,0.00613995
7130,0.00613992
7131,0.00613995
7132,0.0061382
7133,0.00613995
7134,0.00613884
7135,0.00613995
7136,0.00613679
7137,0.00613995
7138,0.00613925
7139,0.00613995
7140,0.00613995
7141,0.00613995
7142,0.00613987
7143,0.00613995
7144,0.00613912
7145,0.00613995
7146,0.00613789
7147,0.00613995
7148,0.00613971
7149,0.00613995
7150,0.00613981
7151,0.00613995
7152,0.00613965
7153,0.00613995
7154,0.00613891
7155,0.00613995
7156,0.00613995
7157,0.00613995
7158,0.00613994
7159,0.00613995
7160,0.00613946
7161,0.00613995
7162,0.00613978
7163,0.00613995
7164,0.00613913
7165,0.00613995
7166,0.0061399
7167,0.00613995
7168,0.00613977
7169,0.00613995
7170,0.00613947
7171,0.00613995
7172,0.00613963
7173,0.00613995
7174,0.00613994
7175,0.00613995
7176,0.00613973
7177,0.00613995
7178,0.00613988
7179,0.00613995
7180,0.00613965
7181,0.00613995
7182,0.00613947
7183,0.00613995
7184,0.00613954
7185,0.00613995
7186,0.00613956
7187,0.00613995
7188,0.00613995
7189,0.00613995
7190,0.00613965
7191,0.00613995
7192,0.00613995
7193,0.00613995
7194,0.00613988
7195,0.00613995
7196,0.00613959
7197,0.00613995
7198,0.0061399
7199,0.00613995
7200,0.00613966
7201,0.00613995
7202,0.00613914
7203,0.00613995
7204,0.00613995
7205,0.00613995
7206,0.00613986
7207,0.00613995
7208,0.00613961
7209,0.00613995
7210,0.00613986
7211,0.00613995
7212,0.00613965
7213,0.00613995
7214,0.00613975
7215,0.00613995
7216,0.00613995
7217,0.00613995
7218,0.00613994
7219,0.00613995
7220,0.00613994
7221,0.00613995
7222,0.0061399
7223,0.00613995
7224,0.0061387
7225,0.00613995
7226,0.00613964
7227,0.00613995
7228,0.00613995
7229,0.00613995
7230,0.00613994
7231,0.00613995
7232,0.00613967
7233,0.00613995
7234,0.00613984
7235,0.00613995
7236,0.00613992
7237,0.00613995
7238,0.00613992
7239,0.00613995
7240,0.00613818
7241,0.00613995
7242,0.00613966
7243,0.00613995
7244,0.00613993
7245,0.00613995
7246,0.00613994
7247,0.00613995
7248,0.00613921
7249,0.00613995
7250,0.00613993
7251,0.00613995
7252,0.0061381
7253,0.00613995
7254,0.0061381
7255,0.00613995
7256,0.00613983
7257,0.00613995
7258,0.00613995
7259,0.00613995
7260,0.00613944
7261,0.00613995
7262,0.00613985
7263,0.00613995
7264,0.00613991
7265,0.00613995
7266,0.00613994
7267,0.00613995
7268,0.00613919
7269,0.00613995
7270,0.00613992
7271,0.00613995
7272,0.00613964
7273,0.00613995
7274,0.00613835
7275,0.00613995
7276,0.00613982
7277,0.00613995
7278,0.00613963
7279,0.00613995
7280,0.00613933
7281,0.00613995
7282,0.00613901
7283,0.00613995
7284,0.00613905
7285,0.00613995
7286,0.00613964
7287,0.00613995
7288,0.00613935
7289,0.00613995
7290,0.00613929
7291,0.00613995
7292,0.00613993
7293,0.00613995
7294,0.00613974
7295,0.00613995
7296,0.00613945
7297,0.00613995
7298,0.00613987
7299,0.00613995
7300,0.00613944
7301,0.00613995
7302,0.00613912
7303,0.00613995
7304,0.00613988
7305,0.00613995
7306,0.00613944
7307,0.00613995
7308,0.00613968
7309,0.00613995
7310,0.00613882
7311,0.00613995
7312,0.00613761
7313,0.00613995
7314,0.0061393
7315,0.00613995
7316,0.00613975
7317,0.00613995
7318,0.00613974
7319,0.00613995
7320,0.00613952
7321,0.00613995
7322,0.00613985
7323,0.00613995
7324,0.00613826
7325,0.00613995
7326,0.00613982
7327,0.00613995
7328,0.00613994
7329,0.00613995
7330,0.00613941
7331,0.00613995
7332,0.00613961
7333,0.00613995
7334,0.00613994
7335,0.00613995
7336,0.00613979
7337,0.00613995
7338,0.00613799
7339,0.00613995
7340,0.00613878
7341,0.00613995
7342,0.00613909
7343,0.00613995
7344,0.00613995
7345,0.00613995
7346,0.00613984
7347,0.00613995
7348,0.00613995
7349,0.00613995
7350,0.00613982
7351,0.00613995
7352,0.00613988
7353,0.00613995
7354,0.00613929
7355,0.00613995
7356,0.00613681
7357,0.00613995
7358,0.00613962
7359,0.00613995
7360,0.00613758
7361,0.00613995
7362,0.00613995
7363,0.00613995
7364,0.00613925
7365,0.00613995
7366,0.00613917
7367,0.00613995
7368,0.00613965
7369,0.00613995
7370,0.00613978
7371,0.00613995
7372,0.00613923
7373,0.00613995
7374,0.00613994
7375,0.00613995
7376,0.00613914
7377,0.00613995
7378,0.00613891
7379,0.00613995
7380,0.00613895
7381,0.00613995
7382,0.00613961
7383,0.00613995
7384,0.0061388
7385,0.00613995
7386,0.00613901
7387,0.00613995
7388,0.00613913
7389,0.00613995
7390,0.00613961
7391,0.00613995
7392,0.00613961
7393,0.00613995
7394,0.00613921
7395,0.00613995
7396,0.0061399
7397,0.00613995
7398,0.00613991
7399,0.00613995
7400,0.00613995
7401,0.00613995
7402,0.00613994
7403,0.00613995
7404,0.00613995
7405,0.00613995
7406,0.00613995
7407,0.00613995
7408,0.00613947
7409,0.00613995
7410,0.00613967
7411,0.00613995
7412,0.00613836
7413,0.00613995
7414,0.00613988
7415,0.00613995
7416,0.0061389
7417,0.00613995
7418,0.00613914
7419,0.00613995
7420,0.00613951
7421,0.00613995
7422,0.00613994
7423,0.00613995
7424,0.00613995
7425,0.00613995
7426,0.00613945
7427,0.00613995
7428,0.00613959
7429,0.00613995
7430,0.0061399
7431,0.00613995
7432,0.00613994
7433,0.00613995
7434,0.00613915
7435,0.00613995
7436,0.00613968
7437,0.00613995
7438,0.00613774
7439,0.00613995
7440,0.00613986
7441,0.00613995
7442,0.00613869
7443,0.00613995
7444,0.00613937
7445,0.00613995
7446,0.00613993
7447,0.00613995
7448,0.00613992
7449,0.00613995
7450,0.00613876
7451,0.00613995
7452,0.00613956
7453,0.00613995
7454,0.00613994
7455,0.00613995
7456,0.0061377
7457,0.00613995
7458,0.00613987
7459,0.00613995
7460,0.0061394
7461,0.00613995
7462,0.00613974
7463,0.00613995
7464,0.00613925
7465,0.00613995
7466,0.00613994
7467,0.00613995
7468,0.00613872
7469,0.00613995
7470,0.00613972
7471,0.00613995
7472,0.00613989
7473,0.00613995
7474,0.0061395
7475,0.00613995
7476,0.00613933
7477,0.00613995
7478,0.00613993
7479,0.00613995
7480,0.00613959
7481,0.00613995
7482,0.00613955
7483,0.00613995
7484,0.00613988
7485,0.00613995
7486,0.00613991
7487,0.00613995
7488,0.00613901
7489,0.00613995
7490,0.00613986
7491,0.00613995
7492,0.00613759
7493,0.00613995
7494,0.0061399
7495,0.00613995
7496,0.0061377
7497,0.00613995
7498,0.00613989
7499,0.00613995
7500,0.00613909
7501,0.00613995
7502,0.00613995
7503,0.00613995
7504,0.00613993
7505,0.00613995
7506,0.00613772
7507,0.00613995
7508,0.00613979
7509,0.00613995
7510,0.00613989
7511,0.00613995
7512,0.00613895
7513,0.00613995
7514,0.00613995
7515,0.00613995
7516,0.00613968
7517,0.00613995
7518,0.00613863
7519,0.00613995
7520,0.00613977
7521,0.00613995
7522,0.00613989
7523,0.00613995
7524,0.00613813
7525,0.00613995
7526,0.00613804
7527,0.00613995
7528,0.00613978
7529,0.00613995
7530,0.00613958
7531,0.00613995
7532,0.00613985
7533,0.00613995
7534,0.0061396
7535,0.00613995
7536,0.00613979
7537,0.00613995
7538,0.00613985
7539,0.00613995
7540,0.00613995
7541,0.00613995
7542,0.00613984
7543,0.00613995
7544,0.00613968
7545,0.00613995
7546,0.00613986
7547,0.00613995
7548,0.00613768
7549,0.00613995
7550,0.00613967
7551,0.00613995
7552,0.00613972
7553,0.00613995
7554,0.00613934
7555,0.00613995
7556,0.00613992
7557,0.00613995
7558,0.00613977
7559,0.00613995
7560,0.00613994
7561,0.00613995
7562,0.0061399
7563,0.00613995
7564,0.00613987
7565,0.00613995
7566,0.00613982
7567,0.00613995
7568,0.00613956
7569,0.00613995
7570,0.00613892
7571,0.00613995
7572,0.00613895
7573,0.00613995
7574,0.00613916
7575,0.00613995
7576,0.00613964
7577,0.00613995
7578,0.00613956
7579,0.00613995
7580,0.00613985
7581,0.00613995
7582,0.00613952
7583,0.00613995
7584,0.00613965
7585,0.00613995
7586,0.00613972
7587,0.00613995
7588,0.00613976
7589,0.00613995
7590,0.00613879
7591,0.00613995
7592,0.00613988
7593,0.00613995
7594,0.00613975
7595,0.00613995
7596,0.0061399
7597,0.00613995
7598,0.0061399
7599,0.00613995
7600,0.00613912
7601,0.00613995
7602,0.00613989
7603,0.00613995
7604,0.00613976
7605,0.00613995
7606,0.00613955
7607,0.00613995
7608,0.00613956
7609,0.00613995
7610,0.00613972
7611,0.00613995
7612,0.0061398
7613,0.00613995
7614,0.00613968
7615,0.00613995
7616,0.00613872
7617,0.00613995
7618,0.00613909
7619,0.00613995
7620,0.00613977
7621,0.00613995
7622,0.00613873
7623,0.00613995
7624,0.00613987
7625,0.00613995
7626,0.00613991
7627,0.00613995
7628,0.00613989
7629,0.00613995
7630,0.00613975
7631,0.00613995
7632,0.00613904
7633,0.00613995
7634,0.00613933
7635,0.00613995
7636,0.00613972
7637,0.00613995
7638,0.0061391
7639,0.00613995
7640,0.00613769
7641,0.00613995
7642,0.00613995
7643,0.00613995
7644,0.00613986
7645,0.00613995
7646,0.00613975
7647,0.00613995
7648,0.0061399
7649,0.00613995
7650,0.00613978
7651,0.00613995
7652,0.00613771
7653,0.00613995
7654,0.00613841
7655,0.00613995
7656,0.00613969
7657,0.00613995
7658,0.00613992
7659,0.00613995
7660,0.00613993
7661,0.00613995
7662,0.00613874
7663,0.00613995
7664,0.00613992
7665,0.00613995
7666,0.00613953
7667,0.00613995
7668,0.00613995
7669,0.00613995
7670,0.0061398
7671,0.00613995
7672,0.00613928
7673,0.00613995
7674,0.00613972
7675,0.00613995
7676,0.00613992
7677,0.00613995
7678,0.00613394
7679,0.00613995
7680,0.00613896
7681,0.00613995
7682,0.00613994
7683,0.00613995
7684,0.00613908
7685,0.00613995
7686,0.00613949
7687,0.00613995
7688,0.00613968
7689,0.00613995
7690,0.00613895
7691,0.00613995
7692,0.00613963
7693,0.00613995
7694,0.00613968
7695,0.00613995
7696,0.0061396
7697,0.00613995
7698,0.00613964
7699,0.00613995
7700,0.00613978
7701,0.00613995
7702,0.00613968
7703,0.00613995
7704,0.0061383
7705,0.00613995
7706,0.00613918
7707,0.00613995
7708,0.00613978
7709,0.00613995
7710,0.00613805
7711,0.00613995
7712,0.00613992
7713,0.00613995
7714,0.00613918
7715,0.00613995
7716,0.00613954
7717,0.00613995
7718,0.0061382
7719,0.00613995
7720,0.00613967
7721,0.00613995
7722,0.00613989
7723,0.00613995
7724,0.00613987
7725,0.00613995
7726,0.00613986
7727,0.00613995
7728,0.00613942
7729,0.00613995
7730,0.00613959
7731,0.00613995
7732,0.00613994
7733,0.00613995
7734,0.00613935
7735,0.00613995
7736,0.00613879
7737,0.00613995
7738,0.00613988
7739,0.00613995
7740,0.00613988
7741,0.00613995
7742,0.00613973
7743,0.00613995
7744,0.00613966
7745,0.00613995
7746,0.00613969
7747,0.00613995
7748,0.00613954
7749,0.00613995
7750,0.00613981
7751,0.00613995
7752,0.00613989
7753,0.00613995
7754,0.00613993
7755,0.00613995
7756,0.00613976
7757,0.00613995
7758,0.0061399
7759,0.00613995
7760,0.006139
7761,0.00613995
7762,0.00613981
7763,0.00613995
7764,0.00613986
7765,0.00613995
7766,0.0061397
7767,0.00613995
7768,0.00613758
7769,0.00613995
7770,0.00613941
7771,0.00613995
7772,0.00613945
7773,0.00613995
7774,0.00613995
7775,0.00613995
7776,0.00613992
7777,0.00613995
7778,0.00613992
7779,0.00613995
7780,0.00613882
7781,0.00613995
7782,0.00613956
7783,0.00613995
7784,0.00613987
7785,0.00613995
7786,0.00613988
7787,0.00613995
7788,0.00613986
7789,0.00613995
7790,0.0061399
7791,0.00613995
7792,0.00613971
7793,0.00613995
7794,0.00613973
7795,0.00613995
7796,0.00613979
7797,0.00613995
7798,0.00613884
7799,0.00613995
7800,0.00613262
7801,0.00613995
7802,0.00613979
7803,0.00613995
7804,0.00613981
7805,0.00613995
7806,0.00613975
7807,0.00613995
7808,0.00613953
7809,0.00613995
7810,0.00613375
7811,0.00613995
7812,0.00613818
7813,0.00613995
7814,0.0061396
7815,0.00613995
7816,0.00613993
7817,0.00613995
7818,0.00613994
7819,0.00613995
7820,0.00613902
7821,0.00613995
7822,0.00613946
7823,0.00613995
7824,0.00613994
7825,0.00613995
7826,0.00613991
7827,0.00613995
7828,0.0061392
7829,0.00613995
7830,0.00613995
7831,0.00613995
7832,0.0061381
7833,0.00613995
7834,0.00613873
7835,0.00613995
7836,0.0061399
7837,0.00613995
7838,0.00613943
7839,0.00613995
7840,0.00613919
7841,0.00613995
7842,0.00613891
7843,0.00613995
7844,0.00613995
7845,0.00613995
7846,0.00613985
7847,0.00613995
7848,0.00613875
7849,0.00613995
7850,0.00613995
7851,0.00613995
7852,0.00613969
7853,0.00613995
7854,0.00613962
7855,0.00613995
7856,0.00613957
7857,0.00613995
7858,0.00613995
7859,0.00613995
7860,0.00613959
7861,0.00613995
7862,0.00613969
7863,0.00613995
7864,0.00613723
7865,0.00613995
7866,0.00613929
7867,0.00613995
7868,0.00613954
7869,0.00613995
7870,0.00613871
7871,0.00613995
7872,0.00613862
7873,0.00613995
7874,0.00613917
7875,0.00613995
7876,0.0061399
7877,0.00613995
7878,0.00613956
7879,0.00613995
7880,0.00613912
7881,0.00613995
7882,0.00613994
7883,0.00613995
7884,0.00613955
7885,0.00613995
7886,0.00613971
7887,0.00613995
7888,0.00613965
7889,0.00613995
7890,0.00613828
7891,0.00613995
7892,0.00613995
7893,0.00613995
7894,0.00613939
7895,0.00613995
7896,0.00613989
7897,0.00613995
7898,0.00613879
7899,0.00613995
7900,0.0061396
7901,0.00613995
7902,0.00613988
7903,0.00613995
7904,0.00613983
7905,0.00613995
7906,0.0061394
7907,0.00613995
7908,0.00613984
7909,0.00613995
7910,0.00613369
7911,0.00613995
7912,0.00613965
7913,0.00613995
7914,0.00613981
7915,0.00613995
7916,0.00613977
7917,0.00613995
7918,0.00613994
7919,0.00613995
7920,0.00613988
7921,0.00613995
7922,0.0061397
7923,0.00613995
7924,0.00613921
7925,0.00613995
7926,0.00613988
7927,0.00613995
7928,0.00613965
7929,0.00613995
7930,0.00613986
7931,0.00613995
7932,0.00613979
7933,0.00613995
7934,0.00613849
7935,0.00613995
7936,0.00613992
7937,0.00613995
7938,0.00613892
7939,0.00613995
7940,0.00613939
7941,0.00613995
7942,0.00613994
7943,0.00613995
7944,0.00613992
7945,0.00613995
7946,0.00613961
7947,0.00613995
7948,0.00613986
7949,0.00613995
7950,0.00613989
7951,0.00613995
7952,0.00613986
7953,0.00613995
7954,0.00613819
7955,0.00613995
7956,0.0061399
7957,0.00613995
7958,0.00613995
7959,0.00613995
7960,0.00613995
7961,0.00613995
7962,0.0061399
7963,0.00613995
7964,0.00613987
7965,0.00613995
7966,0.00613978
7967,0.00613995
7968,0.00613962
7969,0.00613995
7970,0.00613833
7971,0.00613995
7972,0.00613995
7973,0.00613995
7974,0.0061399
7975,0.00613995
7976,0.00613974
7977,0.00613995
7978,0.00613978
7979,0.00613995
7980,0.00613994
7981,0.00613995
7982,0.00613994
7983,0.00613995
7984,0.00613956
7985,0.00613995
7986,0.00613921
7987,0.00613995
7988,0.00613993
7989,0.00613995
7990,0.00613948
7991,0.00613995
7992,0.00613917
7993,0.00613995
7994,0.00613978
7995,0.00613995
7996,0.0061398
7997,0.00613995
7998,0.00613985
7999,0.00613995
8000,0.00613994
8001,0.00613995
8002,0.00613981
8003,0.00613995
8004,0.0061389
8005,0.00613995
8006,0.00613963
8007,0.00613995
8008,0.00613992
8009,0.00613995
8010,0.00613991
8011,0.00613995
8012,0.00613967
8013,0.00613995
8014,0.00613961
8015,0.00613995
8016,0.0061397
8017,0.00613995
8018,0.00613984
8019,0.00613995
8020,0.00613972
8021,0.00613995
8022,0.0061399
8023,0.00613995
8024,0.00613995
8025,0.00613995
8026,0.00613961
8027,0.00613995
8028,0.00613953
8029,0.00613995
8030,0.0061399
8031,0.00613995
8032,0.00613948
8033,0.00613995
8034,0.00613979
8035,0.00613995
8036,0.00613984
8037,0.00613995
8038,0.00613974
8039,0.00613995
8040,0.00613842
8041,0.00613995
8042,0.00613992
8043,0.00613995
8044,0.00613967
8045,0.00613995
8046,0.00613995
8047,0.00613995
8048,0.00613944
8049,0.00613995
8050,0.00613977
8051,0.00613995
8052,0.00613968
8053,0.00613995
8054,0.00613995
8055,0.00613995
8056,0.00613961
8057,0.00613995
8058,0.0061395
8059,0.00613995
8060,0.00613919
8061,0.00613995
8062,0.00613958
8063,0.00613995
8064,0.0061399
8065,0.00613995
8066,0.00613901
8067,0.00613995
8068,0.00613989
8069,0.00613995
8070,0.00613981
8071,0.00613995
8072,0.00613974
8073,0.00613995
8074,0.00613992
8075,0.00613995
8076,0.0061392
8077,0.00613995
8078,0.00613992
8079,0.00613995
8080,0.00613995
8081,0.00613995
8082,0.00613987
8083,0.00613995
8084,0.0061399
8085,0.00613995
8086,0.00613982
8087,0.00613995
8088,0.0061399
8089,0.00613995
8090,0.00613975
8091,0.00613995
8092,0.00613994
8093,0.00613995
8094,0.00613987
8095,0.00613995
8096,0.00613956
8097,0.00613995
8098,0.00613958
8099,0.00613995
8100,0.0061398
8101,0.00613995
8102,0.00613582
8103,0.00613995
8104,0.00613831
8105,0.00613995
8106,0.0061393
8107,0.00613995
8108,0.00613988
8109,0.00613995
8110,0.00613908
8111,0.00613995
8112,0.00613986
8113,0.00613995
8114,0.0061395
8115,0.00613995
8116,0.00613891
8117,0.00613995
8118,0.00613981
8119,0.00613995
8120,0.00613995
8121,0.00613995
8122,0.00613971
8123,0.00613995
8124,0.00613978
8125,0.00613995
8126,0.00613973
8127,0.00613995
8128,0.00613975
8129,0.00613995
8130,0.00613927
8131,0.00613995
8132,0.00613968
8133,0.00613995
8134,0.0061399
8135,0.00613995
8136,0.00613904
8137,0.00613995
8138,0.00613886
8139,0.00613995
8140,0.00613961
8141,0.00613995
8142,0.00613993
8143,0.00613995
8144,0.00613954
8145,0.00613995
8146,0.0061396
8147,0.00613995
8148,0.00613994
8149,0.00613995
8150,0.00613994
8151,0.00613995
8152,0.00613967
8153,0.00613995
8154,0.00613866
8155,0.00613995
8156,0.00613995
8157,0.00613995
8158,0.00613988
8159,0.00613995
8160,0.00613995
8161,0.00613995
8162,0.00613973
8163,0.00613995
8164,0.00613988
8165,0.00613995
8166,0.00613881
8167,0.00613995
8168,0.00613848
8169,0.00613995
8170,0.00613989
8171,0.00613995
8172,0.00613982
8173,0.00613995
8174,0.00613991
8175,0.00613995
8176,0.00613977
8177,0.00613995
8178,0.0061396
8179,0.00613995
8180,0.00613892
8181,0.00613995
8182,0.00613818
8183,0.00613995
8184,0.00613933
8185,0.00613995
8186,0.00613969
8187,0.00613995
8188,0.00613968
8189,0.00613995
8190,0.00613953
8191,0.00613995
8192,0.00613995
8193,0.00613995
8194,0.00613983
8195,0.00613995
8196,0.00613988
8197,0.00613995
8198,0.00613988
8199,0.00613995
8200,0.00613951
8201,0.00613995
8202,0.00613938
8203,0.00613995
8204,0.00613981
8205,0.00613995
8206,0.00613973
8207,0.00613995
8208,0.00613875
8209,0.00613995
8210,0.00613982
8211,0.00613995
8212,0.00613871
8213,0.00613995
8214,0.00613992
8215,0.00613995
8216,0.00613854
8217,0.00613995
8218,0.00613973
8219,0.00613995
8220,0.00613924
8221,0.00613995
8222,0.00613952
8223,0.00613995
8224,0.00613978
8225,0.00613995
8226,0.00613964
8227,0.00613995
8228,0.00613986
8229,0.00613995
8230,0.00613859
8231,0.00613995
8232,0.00613984
8233,0.00613995
8234,0.00613975
8235,0.00613995
8236,0.00613988
8237,0.00613995
8238,0.00613935
8239,0.00613995
8240,0.00613905
8241,0.00613995
8242,0.00613975
8243,0.00613995
8244,0.00613985
8245,0.00613995
8246,0.00613992
8247,0.00613995
8248,0.0061396
8249,0.00613995
8250,0.00613992
8251,0.00613995
8252,0.00613935
8253,0.00613995
8254,0.00613991
8255,0.00613995
8256,0.00613794
8257,0.00613995
8258,0.00613986
8259,0.00613995
8260,0.00613954
8261,0.00613995
8262,0.00613965
8263,0.00613995
8264,0.00613994
8265,0.00613995
8266,0.00613986
8267,0.00613995
8268,0.00613992
8269,0.00613995
8270,0.0061398
8271,0.00613995
8272,0.0061382
8273,0.00613995
8274,0.00613981
8275,0.00613995
8276,0.00613988
8277,0.00613995
8278,0.00613992
8279,0.00613995
8280,0.00613983
8281,0.00613995
8282,0.00613991
8283,0.00613995
8284,0.00613963
8285,0.00613995
8286,0.00613955
8287,0.00613995
8288,0.00613956
8289,0.00613995
8290,0.00613813
8291,0.00613995
8292,0.00613919
8293,0.00613995
8294,0.00613995
8295,0.00613995
8296,0.00613993
8297,0.00613995
8298,0.00613948
8299,0.00613995
8300,0.00613959
8301,0.00613995
8302,0.00613994
8303,0.00613995
8304,0.00613952
8305,0.00613995
8306,0.00613789
8307,0.00613995
8308,0.00613968
8309,0.00613995
8310,0.00613993
8311,0.00613995
8312,0.00613858
8313,0.00613995
8314,0.00613992
8315,0.00613995
8316,0.00613992
8317,0.00613995
8318,0.00613994
8319,0.00613995
8320,0.00613995
8321,0.00613995
8322,0.00613994
8323,0.00613995
8324,0.00613992
8325,0.00613995
8326,0.00613969
8327,0.00613995
8328,0.00613989
8329,0.00613995
8330,0.00613992
8331,0.00613995
8332,0.00613964
8333,0.00613995
8334,0.00613941
8335,0.00613995
8336,0.00613771
8337,0.00613995
8338,0.00613951
8339,0.00613995
8340,0.00613979
8341,0.00613995
8342,0.00613958
8343,0.00613995
8344,0.00613962
8345,0.00613995
8346,0.00613992
8347,0.00613995
8348,0.00613986
8349,0.00613995
8350,0.00613928
8351,0.00613995
8352,0.00613948
8353,0.00613995
8354,0.00613967
8355,0.00613995
8356,0.00613991
8357,0.00613995
8358,0.00613988
8359,0.00613995
8360,0.00613836
8361,0.00613995
8362,0.00613977
8363,0.00613995
8364,0.00613893
8365,0.00613995
8366,0.00613711
8367,0.00613995
8368,0.00613957
8369,0.00613995
8370,0.00613976
8371,0.00613995
8372,0.00613982
8373,0.00613995
8374,0.00613846
8375,0.00613995
8376,0.00613919
8377,0.00613995
8378,0.00613982
8379,0.00613995
8380,0.00613988
8381,0.00613995
8382,0.00613995
8383,0.00613995
8384,0.00613973
8385,0.00613995
8386,0.00613968
8387,0.00613995
8388,0.00613986
8389,0.00613995
8390,0.00613962
8391,0.00613995
8392,0.00613982
8393,0.00613995
8394,0.00613976
8395,0.00613995
8396,0.0061399
8397,0.00613995
8398,0.00613264
8399,0.00613995
8400,0.00613871
8401,0.00613995
8402,0.00613994
8403,0.00613995
8404,0.00613963
8405,0.00613995
8406,0.0061398
8407,0.00613995
8408,0.00613969
8409,0.00613995
8410,0.00613974
8411,0.00613995
8412,0.0061395
8413,0.00613995
8414,0.00613839
8415,0.00613995
8416,0.00613988
8417,0.00613995
8418,0.00613994
8419,0.00613995
8420,0.00613992
8421,0.00613995
8422,0.00613986
8423,0.00613995
8424,0.00613954
8425,0.00613995
8426,0.00613995
8427,0.00613995
8428,0.00613987
8429,0.00613995
8430,0.00613985
8431,0.00613995
8432,0.00613981
8433,0.00613995
8434,0.00613968
8435,0.00613995
8436,0.00613628
8437,0.00613995
8438,0.00613987
8439,0.00613995
8440,0.00613949
8441,0.00613995
8442,0.00613994
8443,0.00613995
8444,0.00613957
8445,0.00613995
8446,0.00613991
8447,0.00613995
8448,0.00613994
8449,0.00613995
8450,0.00613995
8451,0.00613995
8452,0.0061399
8453,0.00613995
8454,0.0061396
8455,0.00613995
8456,0.00613969
8457,0.00613995
8458,0.00613971
8459,0.00613995
8460,0.00613995
8461,0.00613995
8462,0.00613989
8463,0.00613995
8464,0.00613989
8465,0.00613995
8466,0.00613994
8467,0.00613995
8468,0.00613798
8469,0.00613995
8470,0.00613979
8471,0.00613995
8472,0.00613885
8473,0.00613995
8474,0.00613935
8475,0.00613995
8476,0.00613994
8477,0.00613995
8478,0.00613947
8479,0.00613995
8480,0.00613989
8481,0.00613995
8482,0.00613987
8483,0.00613995
8484,0.00613834
8485,0.00613995
8486,0.0061392
8487,0.00613995
8488,0.00613941
8489,0.00613995
8490,0.00613816
8491,0.00613995
8492,0.00613917
8493,0.00613995
8494,0.00613915
8495,0.00613995
8496,0.00613974
8497,0.00613995
8498,0.00613969
8499,0.00613995
8500,0.00613955
8501,0.00613995
8502,0.00613847
8503,0.00613995
8504,0.00613963
8505,0.00613995
8506,0.00613991
8507,0.00613995
8508,0.00613993
8509,0.00613995
8510,0.0061391
8511,0.00613995
8512,0.00613912
8513,0.00613995
8514,0.00613993
8515,0.00613995
8516,0.00613888
8517,0.00613995
8518,0.00613897
8519,0.00613995
8520,0.00613812
8521,0.00613995
8522,0.00613912
8523,0.00613995
8524,0.00613903
8525,0.00613995
8526,0.00613977
8527,0.00613995
8528,0.00613961
8529,0.00613995
8530,0.00613896
8531,0.00613995
8532,0.00613946
8533,0.00613995
8534,0.00613995
8535,0.00613995
8536,0.00613954
8537,0.00613995
8538,0.00613985
8539,0.00613995
8540,0.00613987
8541,0.00613995
8542,0.00613975
8543,0.00613995
8544,0.00613877
8545,0.00613995
8546,0.00613961
8547,0.00613995
8548,0.00613975
8549,0.00613995
8550,0.00613975
8551,0.00613995
8552,0.00613832
8553,0.00613995
8554,0.00613973
8555,0.00613995
8556,0.00613887
8557,0.00613995
8558,0.00613975
8559,0.00613995
8560,0.00613988
8561,0.00613995
8562,0.00613995
8563,0.00613995
8564,0.00613981
8565,0.00613995
8566,0.00613879
8567,0.00613995
8568,0.00613984
8569,0.00613995
8570,0.0061398
8571,0.00613995
8572,0.00613983
8573,0.00613995
8574,0.00613973
8575,0.00613995
8576,0.00613979
8577,0.00613995
8578,0.00613916
8579,0.00613995
8580,0.00613939
8581,0.00613995
8582,0.00613992
8583,0.00613995
8584,0.00613992
8585,0.00613995
8586,0.00613638
8587,0.00613995
8588,0.00613948
8589,0.00613995
8590,0.00613943
8591,0.00613995
8592,0.00613905
8593,0.00613995
8594,0.0061399
8595,0.00613995
8596,0.00613976
8597,0.00613995
8598,0.00613965
8599,0.00613995
8600,0.00613857
8601,0.00613995
8602,0.00613948
8603,0.00613995
8604,0.00613995
8605,0.00613995
8606,0.00613993
8607,0.00613995
8608,0.00613966
8609,0.00613995
8610,0.00613952
8611,0.00613995
8612,0.0061398
8613,0.00613995
8614,0.00613955
8615,0.00613995
8616,0.00613951
8617,0.00613995
8618,0.0061395
8619,0.00613995
8620,0.00613989
8621,0.00613995
8622,0.0061399
8623,0.00613995
8624,0.00613876
8625,0.00613995
8626,0.00613971
8627,0.00613995
8628,0.00613964
8629,0.00613995
8630,0.00613985
8631,0.00613995
8632,0.00613835
8633,0.00613995
8634,0.00613967
8635,0.00613995
8636,0.00613974
8637,0.00613995
8638,0.00613954
8639,0.00613995
8640,0.00613954
8641,0.00613995
8642,0.00613992
8643,0.00613995
8644,0.00613988
8645,0.00613995
8646,0.00613912
8647,0.00613995
8648,0.00613991
8649,0.00613995
8650,0.00613976
8651,0.00613995
8652,0.00613957
8653,0.00613995
8654,0.00613958
8655,0.00613995
8656,0.00613953
8657,0.00613995
8658,0.00613987
8659,0.00613995
8660,0.00613833
8661,0.00613995
8662,0.00613915
8663,0.00613995
8664,0.0061391
8665,0.00613995
8666,0.00613993
8667,0.00613995
8668,0.00613972
8669,0.00613995
8670,0.00613993
8671,0.00613995
8672,0.00613965
8673,0.00613995
8674,0.00613988
8675,0.00613995
8676,0.00613964
8677,0.00613995
8678,0.00613787
8679,0.00613995
8680,0.00613972
8681,0.00613995
8682,0.00613836
8683,0.00613995
8684,0.00613993
8685,0.00613995
8686,0.00613962
8687,0.00613995
8688,0.00613955
8689,0.00613995
8690,0.0061398
8691,0.00613995
8692,0.00613993
8693,0.00613995
8694,0.00613967
8695,0.00613995
8696,0.00613861
8697,0.00613995
8698,0.0061388
8699,0.00613995
8700,0.00613965
8701,0.00613995
8702,0.00613981
8703,0.00613995
8704,0.00613988
8705,0.00613995
8706,0.00613971
8707,0.00613995
8708,0.00613984
8709,0.00613995
8710,0.00613991
8711,0.00613995
8712,0.00613982
8713,0.00613995
8714,0.00613995
8715,0.00613995
8716,0.00613995
8717,0.00613995
8718,0.00613933
8719,0.00613995
8720,0.00613983
8721,0.00613995
8722,0.00613995
8723,0.00613995
8724,0.00613981
8725,0.00613995
8726,0.0061399
8727,0.00613995
8728,0.00613952
8729,0.00613995
8730,0.00613915
8731,0.00613995
8732,0.00613975
8733,0.00613995
8734,0.00613993
8735,0.00613995
8736,0.00613897
8737,0.00613995
8738,0.00613986
8739,0.00613995
8740,0.00613967
8741,0.00613995
8742,0.00613995
8743,0.00613995
8744,0.00613995
8745,0.00613995
8746,0.00613995
8747,0.00613995
8748,0.00613994
8749,0.00613995
8750,0.00613849
8751,0.00613995
8752,0.00613986
8753,0.00613995
8754,0.00613941
8755,0.00613995
8756,0.00613968
8757,0.00613995
8758,0.00613978
8759,0.00613995
8760,0.00613986
8761,0.00613995
8762,0.00613994
8763,0.00613995
8764,0.00613988
8765,0.00613995
8766,0.00613861
8767,0.00613995
8768,0.00613813
8769,0.00613995
8770,0.00613968
8771,0.00613995
8772,0.00613963
8773,0.00613995
8774,0.00613977
8775,0.00613995
8776,0.00613967
8777,0.00613995
8778,0.00613911
8779,0.00613995
8780,0.00613976
8781,0.00613995
8782,0.00613975
8783,0.00613995
8784,0.00613988
8785,0.00613995
8786,0.00613993
8787,0.00613995
8788,0.00613988
8789,0.00613995
8790,0.00613761
8791,0.00613995
8792,0.00613989
8793,0.00613995
8794,0.00613983
8795,0.00613995
8796,0.00613864
8797,0.00613995
8798,0.0061397
8799,0.00613995
8800,0.00613985
8801,0.00613995
8802,0.00613995
8803,0.00613995
8804,0.00613991
8805,0.00613995
8806,0.00613914
8807,0.00613995
8808,0.0061397
8809,0.00613995
8810,0.00613993
8811,0.00613995
8812,0.00613957
8813,0.00613995
8814,0.00613508
8815,0.00613995
8816,0.00613386
8817,0.00613995
8818,0.00613985
8819,0.00613995
8820,0.00613995
8821,0.00613995
8822,0.00613794
8823,0.00613995
8824,0.00613958
8825,0.00613995
8826,0.00613995
8827,0.00613995
8828,0.00613992
8829,0.00613995
8830,0.00613956
8831,0.00613995
8832,0.00613938
8833,0.00613995
8834,0.00613987
8835,0.00613995
8836,0.00613992
8837,0.00613995
8838,0.0061399
8839,0.00613995
8840,0.00613981
8841,0.00613995
8842,0.00613976
8843,0.00613995
8844,0.00613942
8845,0.00613995
8846,0.00613985
8847,0.00613995
8848,0.00613973
8849,0.00613995
8850,0.00613883
8851,0.00613995
8852,0.00613944
8853,0.00613995
8854,0.00613985
8855,0.00613995
8856,0.0061377
8857,0.00613995
8858,0.00613995
8859,0.00613995
8860,0.00613791
8861,0.00613995
8862,0.00613811
8863,0.00613995
8864,0.00613975
8865,0.00613995
8866,0.00613977
8867,0.00613995
8868,0.00613982
8869,0.00613995
8870,0.00613949
8871,0.00613995
8872,0.00613974
8873,0.00613995
8874,0.00613995
8875,0.00613995
8876,0.00613992
8877,0.00613995
8878,0.0061398
8879,0.00613995
8880,0.00613989
8881,0.00613995
8882,0.00613981
8883,0.00613995
8884,0.00613814
8885,0.00613995
8886,0.00613981
8887,0.00613995
8888,0.00613968
8889,0.00613995
8890,0.00613965
8891,0.00613995
8892,0.00613995
8893,0.00613995
8894,0.0061398
8895,0.00613995
8896,0.0061399
8897,0.00613995
8898,0.00613983
8899,0.00613995
8900,0.00613983
8901,0.00613995
8902,0.0061395
8903,0.00613995
8904,0.00613988
8905,0.00613995
8906,0.00613969
8907,0.00613995
8908,0.00613782
8909,0.00613995
8910,0.00613973
8911,0.00613995
8912,0.00613978
8913,0.00613995
8914,0.00613983
8915,0.00613995
8916,0.0061397
8917,0.00613995
8918,0.00613992
8919,0.00613995
8920,0.0061399
8921,0.00613995
8922,0.00613766
8923,0.00613995
8924,0.00613842
8925,0.00613995
8926,0.00613836
8927,0.00613995
8928,0.00613985
8929,0.00613995
8930,0.00613616
8931,0.00613995
8932,0.0061399
8933,0.00613995
8934,0.00613918
8935,0.00613995
8936,0.00613985
8937,0.00613995
8938,0.00613978
8939,0.00613995
8940,0.00613971
8941,0.00613995
8942,0.00613994
8943,0.00613995
8944,0.00613872
8945,0.00613995
8946,0.00613987
8947,0.00613995
8948,0.00613995
8949,0.00613995
8950,0.00613918
8951,0.00613995
8952,0.00613993
8953,0.00613995
8954,0.00613995
8955,0.00613995
8956,0.00613943
8957,0.00613995
8958,0.00613965
8959,0.00613995
8960,0.00613827
8961,0.00613995
8962,0.00613922
8963,0.00613995
8964,0.0061399
8965,0.00613995
8966,0.0061384
8967,0.00613995
8968,0.00613994
8969,0.00613995
8970,0.00613995
8971,0.00613995
8972,0.00613904
8973,0.00613995
8974,0.00613882
8975,0.00613995
8976,0.00613917
8977,0.00613995
8978,0.00613594
8979,0.00613995
8980,0.0061382
8981,0.00613995
8982,0.0061398
8983,0.00613995
8984,0.00613963
8985,0.00613995
8986,0.0061391
8987,0.00613995
8988,0.00613969
8989,0.00613995
8990,0.00613993
8991,0.00613995
8992,0.00613828
8993,0.00613995
8994,0.00613891
8995,0.00613995
8996,0.00613916
8997,0.00613995
8998,0.00613995
8999,0.00613995
9000,0.00613929
9001,0.00613995
9002,0.00613987
9003,0.00613995
9004,0.00613285
9005,0.00613995
9006,0.00613971
9007,0.00613995
9008,0.00613987
9009,0.00613995
9010,0.00613992
9011,0.00613995
9012,0.00613817
9013,0.00613995
9014,0.00613959
9015,0.00613995
9016,0.00613995
9017,0.00613995
9018,0.00613993
9019,0.00613995
9020,0.00613987
9021,0.00613995
9022,0.0061399
9023,0.00613995
9024,0.00613962
9025,0.00613995
9026,0.0061398
9027,0.00613995
9028,0.00613885
9029,0.00613995
9030,0.00613878
9031,0.00613995
9032,0.00613804
9033,0.00613995
9034,0.00613972
9035,0.00613995
9036,0.00613849
9037,0.00613995
9038,0.00613989
9039,0.00613995
9040,0.00613995
9041,0.00613995
9042,0.00613984
9043,0.00613995
9044,0.00613991
9045,0.00613995
9046,0.00613835
9047,0.00613995
9048,0.00613989
9049,0.00613995
9050,0.00613875
9051,0.00613995
9052,0.00613759
9053,0.00613995
9054,0.00613972
9055,0.00613995
9056,0.00613986
9057,0.00613995
9058,0.00613955
9059,0.00613995
9060,0.00613995
9061,0.00613995
9062,0.00613973
9063,0.00613995
9064,0.00613986
9065,0.00613995
9066,0.00613993
9067,0.00613995
9068,0.00613794
9069,0.00613995
9070,0.00613888
9071,0.00613995
9072,0.00613894
9073,0.00613995
9074,0.00613972
9075,0.00613995
9076,0.00613992
9077,0.00613995
9078,0.00613877
9079,0.00613995
9080,0.00613995
9081,0.00613995
9082,0.00613882
9083,0.00613995
9084,0.00613822
9085,0.00613995
9086,0.00613791
9087,0.00613995
9088,0.00613994
9089,0.00613995
9090,0.00613972
9091,0.00613995
9092,0.00613974
9093,0.00613995
9094,0.00613962
9095,0.00613995
9096,0.0061399
9097,0.00613995
9098,0.00613994
9099,0.00613995
9100,0.00613994
9101,0.00613995
9102,0.00613989
9103,0.00613995
9104,0.00613886
9105,0.00613995
9106,0.0061399
9107,0.00613995
9108,0.00613991
9109,0.00613995
9110,0.00613957
9111,0.00613995
9112,0.0061399
9113,0.00613995
9114,0.00613994
9115,0.00613995
9116,0.00613846
9117,0.00613995
9118,0.00613995
9119,0.00613995
9120,0.00613966
9121,0.00613995
9122,0.0061381
9123,0.00613995
9124,0.00613981
9125,0.00613995
9126,0.00613901
9127,0.00613995
9128,0.00613994
9129,0.00613995
9130,0.00613991
9131,0.00613995
9132,0.00613993
9133,0.00613995
9134,0.00613968
9135,0.00613995
9136,0.00613995
9137,0.00613995
9138,0.0061397
9139,0.00613995
9140,0.00613741
9141,0.00613995
9142,0.00613995
9143,0.00613995
9144,0.00613987
9145,0.00613995
9146,0.0061398
9147,0.00613995
9148,0.00613982
9149,0.00613995
9150,0.00613921
9151,0.00613995
9152,0.00613988
9153,0.00613995
9154,0.00613906
9155,0.00613995
9156,0.00613765
9157,0.00613995
9158,0.00613901
9159,0.00613995
9160,0.00613955
9161,0.00613995
9162,0.00613995
9163,0.00613995
9164,0.00613931
9165,0.00613995
9166,0.0061393
9167,0.00613995
9168,0.00613928
9169,0.00613995
9170,0.00613965
9171,0.00613995
9172,0.0061397
9173,0.00613995
9174,0.0061392
9175,0.00613995
9176,0.00613911
9177,0.00613995
9178,0.00613993
9179,0.00613995
9180,0.00613946
9181,0.00613995
9182,0.00613994
9183,0.00613995
9184,0.00613989
9185,0.00613995
9186,0.00613968
9187,0.00613995
9188,0.00613978
9189,0.00613995
9190,0.00613972
9191,0.00613995
9192,0.00613988
9193,0.00613995
9194,0.00613994
9195,0.00613995
9196,0.00613759
9197,0.00613995
9198,0.00613948
9199,0.00613995
9200,0.00613983
9201,0.00613995
9202,0.00613811
9203,0.00613995
9204,0.00613924
9205,0.00613995
9206,0.0061398
9207,0.00613995
9208,0.00613944
9209,0.00613995
9210,0.00613994
9211,0.00613995
9212,0.0061399
9213,0.00613995
9214,0.00613957
9215,0.00613995
9216,0.00613974
9217,0.00613995
9218,0.00613995
9219,0.00613995
9220,0.00613995
9221,0.00613995
9222,0.0061393
9223,0.00613995
9224,0.00613943
9225,0.00613995
9226,0.00613873
9227,0.00613995
9228,0.00613988
9229,0.00613995
9230,0.00613966
9231,0.00613995
9232,0.00613955
9233,0.00613995
9234,0.00613874
9235,0.00613995
9236,0.00613995
9237,0.00613995
9238,0.00613981
9239,0.00613995
9240,0.00613985
9241,0.00613995
9242,0.00613986
9243,0.00613995
9244,0.00613988
9245,0.00613995
9246,0.00613993
9247,0.00613995
9248,0.00613977
9249,0.00613995
9250,0.00613994
9251,0.00613995
9252,0.00613969
9253,0.00613995
9254,0.00613987
9255,0.00613995
9256,0.00613994
9257,0.00613995
9258,0.00613966
9259,0.00613995
9260,0.00613899
9261,0.00613995
9262,0.00613921
9263,0.00613995
9264,0.00613804
9265,0.00613995
9266,0.00613944
9267,0.00613995
9268,0.0061393
9269,0.00613995
9270,0.00613989
9271,0.00613995
9272,0.00613965
9273,0.00613995
9274,0.00613936
9275,0.00613995
9276,0.00613919
9277,0.00613995
9278,0.00613991
9279,0.00613995
9280,0.00613995
9281,0.00613995
9282,0.00613791
9283,0.00613995
9284,0.00613973
9285,0.00613995
9286,0.00613968
9287,0.00613995
9288,0.0061376
9289,0.00613995
9290,0.00613986
9291,0.00613995
9292,0.00613965
9293,0.00613995
9294,0.00613981
9295,0.00613995
9296,0.00613994
9297,0.00613995
9298,0.0061399
9299,0.00613995
9300,0.00613844
9301,0.00613995
9302,0.0061397
9303,0.00613995
9304,0.0061399
9305,0.00613995
9306,0.00613964
9307,0.00613995
9308,0.00613973
9309,0.00613995
9310,0.00613921
9311,0.00613995
9312,0.00613988
9313,0.00613995
9314,0.00613995
9315,0.00613995
9316,0.00613992
9317,0.00613995
9318,0.00613995
9319,0.00613995
9320,0.00613991
9321,0.00613995
9322,0.00613991
9323,0.00613995
9324,0.00613927
9325,0.00613995
9326,0.00613995
9327,0.00613995
9328,0.00613908
9329,0.00613995
9330,0.00613732
9331,0.00613995
9332,0.00613966
9333,0.00613995
9334,0.0061399
9335,0.00613995
9336,0.00613954
9337,0.00613995
9338,0.00613992
9339,0.00613995
9340,0.00613991
9341,0.00613995
9342,0.00613986
9343,0.00613995
9344,0.00613769
9345,0.00613995
9346,0.00613895
9347,0.00613995
9348,0.00613977
9349,0.00613995
9350,0.00613995
9351,0.00613995
9352,0.00613763
9353,0.00613995
9354,0.00613966
9355,0.00613995
9356,0.00613985
9357,0.00613995
9358,0.00613776
9359,0.00613995
9360,0.00613954
9361,0.00613995
9362,0.00613945
9363,0.00613995
9364,0.00613993
9365,0.00613995
9366,0.00613879
9367,0.00613995
9368,0.00613947
9369,0.00613995
9370,0.00613897
9371,0.00613995
9372,0.00613991
9373,0.00613995
9374,0.00613829
9375,0.00613995
9376,0.00613964
9377,0.00613995
9378,0.00613976
9379,0.00613995
9380,0.00613974
9381,0.00613995
9382,0.00613988
9383,0.00613995
9384,0.0061383
9385,0.00613995
9386,0.00613978
9387,0.00613995
9388,0.00613982
9389,0.00613995
9390,0.00613978
9391,0.00613995
9392,0.00613946
9393,0.00613995
9394,0.00613965
9395,0.00613995
9396,0.00613888
9397,0.00613995
9398,0.00613948
9399,0.00613995
9400,0.00613961
9401,0.00613995
9402,0.00613824
9403,0.00613995
9404,0.00613437
9405,0.00613995
9406,0.00613851
9407,0.00613995
9408,0.00613992
9409,0.00613995
9410,0.00613977
9411,0.00613995
9412,0.00613968
9413,0.00613995
9414,0.00613995
9415,0.00613995
9416,0.00613989
9417,0.00613995
9418,0.00613994
9419,0.00613995
9420,0.0061392
9421,0.00613995
9422,0.00613985
9423,0.00613995
9424,0.00613965
9425,0.00613995
9426,0.00613965
9427,0.00613995
9428,0.00613982
9429,0.00613995
9430,0.00613967
9431,0.00613995
9432,0.00613956
9433,0.00613995
9434,0.00613989
9435,0.00613995
9436,0.00613995
9437,0.00613995
9438,0.00613994
9439,0.00613995
9440,0.00613962
9441,0.00613995
9442,0.00613947
9443,0.00613995
9444,0.00613885
9445,0.00613995
9446,0.00613945
9447,0.00613995
9448,0.00613372
9449,0.00613995
9450,0.00613881
9451,0.00613995
9452,0.00613879
9453,0.00613995
9454,0.0061398
9455,0.00613995
9456,0.00613994
9457,0.00613995
9458,0.00613985
9459,0.00613995
9460,0.00613983
9461,0.00613995
9462,0.00613981
9463,0.00613995
9464,0.00613995
9465,0.00613995
9466,0.00613981
9467,0.00613995
9468,0.00613365
9469,0.00613995
9470,0.00613974
9471,0.00613995
9472,0.00613934
9473,0.00613995
9474,0.00613991
9475,0.00613995
9476,0.00613995
9477,0.00613995
9478,0.00613995
9479,0.00613995
9480,0.00613988
9481,0.00613995
9482,0.00613995
9483,0.00613995
9484,0.00613942
9485,0.00613995
9486,0.00613954
9487,0.00613995
9488,0.00613886
9489,0.00613995
9490,0.00613995
9491,0.00613995
9492,0.0061398
9493,0.00613995
9494,0.00613965
9495,0.00613995
9496,0.00613982
9497,0.00613995
9498,0.00613968
9499,0.00613995
9500,0.00613978
9501,0.00613995
9502,0.00613987
9503,0.00613995
9504,0.00613963
9505,0.00613995
9506,0.00613989
9507,0.00613995
9508,0.00613974
9509,0.00613995
9510,0.00613991
9511,0.00613995
9512,0.0061398
9513,0.00613995
9514,0.00613925
9515,0.00613995
9516,0.00613962
9517,0.00613995
9518,0.00613984
9519,0.00613995
9520,0.00613887
9521,0.00613995
9522,0.00613983
9523,0.00613995
9524,0.00613842
9525,0.00613995
9526,0.00613995
9527,0.00613995
9528,0.00613988
9529,0.00613995
9530,0.00613993
9531,0.00613995
9532,0.00613993
9533,0.00613995
9534,0.00613995
9535,0.00613995
9536,0.00613949
9537,0.00613995
9538,0.00613762
9539,0.00613995
9540,0.00613989
9541,0.00613995
9542,0.00613967
9543,0.00613995
9544,0.00613922
9545,0.00613995
9546,0.00613968
9547,0.00613995
9548,0.00613896
9549,0.00613995
9550,0.00613953
9551,0.00613995
9552,0.00613995
9553,0.00613995
9554,0.00613859
9555,0.00613995
9556,0.00613981
9557,0.00613995
9558,0.00613993
9559,0.00613995
9560,0.0061398
9561,0.00613995
9562,0.00613983
9563,0.00613995
9564,0.00613978
9565,0.00613995
9566,0.0061398
9567,0.00613995
9568,0.00613987
9569,0.00613995
9570,0.00613969
9571,0.00613995
9572,0.00613972
9573,0.00613995
9574,0.00613993
9575,0.00613995
9576,0.00613986
9577,0.00613995
9578,0.00613992
9579,0.00613995
9580,0.00613966
9581,0.00613995
9582,0.00613992
9583,0.00613995
9584,0.00613936
9585,0.00613995
9586,0.00613989
9587,0.00613995
9588,0.00613995
9589,0.00613995
9590,0.00613898
9591,0.00613995
9592,0.00613928
9593,0.00613995
9594,0.00613986
9595,0.00613995
9596,0.00613989
9597,0.00613995
9598,0.00613994
9599,0.00613995
9600,0.00613956
9601,0.00613995
9602,0.00613947
9603,0.00613995
9604,0.00613971
9605,0.00613995
9606,0.00613987
9607,0.00613995
9608,0.00613993
9609,0.00613995
9610,0.00613948
9611,0.00613995
9612,0.0061397
9613,0.00613995
9614,0.00613994
9615,0.00613995
9616,0.00613989
9617,0.00613995
9618,0.00613994
9619,0.00613995
9620,0.00613933
9621,0.00613995
9622,0.00613993
9623,0.00613995
9624,0.00613994
9625,0.00613995
9626,0.00613968
9627,0.00613995
9628,0.00613953
9629,0.00613995
9630,0.00613994
9631,0.00613995
9632,0.00613939
9633,0.00613995
9634,0.00613966
9635,0.00613995
9636,0.00613978
9637,0.00613995
9638,0.00613957
9639,0.00613995
9640,0.00613986
9641,0.00613995
9642,0.00613954
9643,0.00613995
9644,0.00613991
9645,0.00613995
9646,0.00613954
9647,0.00613995
9648,0.00613968
9649,0.00613995
9650,0.00613737
9651,0.00613995
9652,0.00613806
9653,0.00613995
9654,0.00613995
9655,0.00613995
9656,0.00613981
9657,0.00613995
9658,0.00613955
9659,0.00613995
9660,0.00613971
9661,0.00613995
9662,0.00613952
9663,0.00613995
9664,0.00613832
9665,0.00613995
9666,0.00613881
9667,0.00613995
9668,0.00613976
9669,0.00613995
9670,0.00613995
9671,0.00613995
9672,0.00613991
9673,0.00613995
9674,0.00613991
9675,0.00613995
9676,0.00613985
9677,0.00613995
9678,0.0061396
9679,0.00613995
9680,0.00613964
9681,0.00613995
9682,0.00613988
9683,0.00613995
9684,0.00613991
9685,0.00613995
9686,0.00613993
9687,0.00613995
9688,0.00613978
9689,0.00613995
9690,0.0061379
9691,0.00613995
9692,0.00613992
9693,0.00613995
9694,0.00613971
9695,0.00613995
9696,0.00613948
9697,0.00613995
9698,0.00613978
9699,0.00613995
9700,0.00613991
9701,0.00613995
9702,0.00613946
9703,0.00613995
9704,0.00613944
9705,0.00613995
9706,0.00613987
9707,0.00613995
9708,0.00613888
9709,0.00613995
9710,0.00613949
9711,0.00613995
9712,0.00613854
9713,0.00613995
9714,0.0061397
9715,0.00613995
9716,0.00613995
9717,0.00613995
9718,0.00613976
9719,0.00613995
9720,0.00613988
9721,0.00613995
9722,0.00613854
9723,0.00613995
9724,0.00613986
9725,0.00613995
9726,0.00613977
9727,0.00613995
9728,0.00613995
9729,0.00613995
9730,0.00613993
9731,0.00613995
9732,0.00613787
9733,0.00613995
9734,0.00613926
9735,0.00613995
9736,0.00613823
9737,0.00613995
9738,0.00613989
9739,0.00613995
9740,0.00613992
9741,0.00613995
9742,0.00613949
9743,0.00613995
9744,0.00613995
9745,0.00613995
9746,0.00613967
9747,0.00613995
9748,0.00613954
9749,0.00613995
9750,0.00613993
9751,0.00613995
9752,0.00613959
9753,0.00613995
9754,0.00613993
9755,0.00613995
9756,0.00613991
9757,0.00613995
9758,0.00613977
9759,0.00613995
9760,0.00613993
9761,0.00613995
9762,0.00613954
9763,0.00613995
9764,0.00613978
9765,0.00613995
9766,0.0061394
9767,0.00613995
9768,0.00613914
9769,0.00613995
9770,0.00613878
9771,0.00613995
9772,0.00613991
9773,0.00613995
9774,0.00613981
9775,0.00613995
9776,0.00613994
9777,0.00613995
9778,0.00613995
9779,0.00613995
9780,0.00613989
9781,0.00613995
9782,0.00613962
9783,0.00613995
9784,0.00613989
9785,0.00613995
9786,0.00613987
9787,0.00613995
9788,0.00613971
9789,0.00613995
9790,0.00613962
9791,0.00613995
9792,0.00613984
9793,0.00613995
9794,0.00613989
9795,0.00613995
9796,0.00613961
9797,0.00613995
9798,0.00613972
9799,0.00613995
9800,0.00613983
9801,0.00613995
9802,0.00613988
9803,0.00613995
9804,0.00613905
9805,0.00613995
9806,0.00613977
9807,0.00613995
9808,0.0061399
9809,0.00613995
9810,0.0061398
9811,0.00613995
9812,0.00613897
9813,0.00613995
9814,0.00613975
9815,0.00613995
9816,0.00613995
9817,0.00613995
9818,0.00613995
9819,0.00613995
9820,0.00613989
9821,0.00613995
9822,0.00613994
9823,0.00613995
9824,0.00613962
9825,0.00613995
9826,0.00613981
9827,0.00613995
9828,0.00613959
9829,0.00613995
9830,0.0061397
9831,0.00613995
9832,0.00613995
9833,0.00613995
9834,0.00613944
9835,0.00613995
9836,0.00613951
9837,0.00613995
9838,0.0061399
9839,0.00613995
9840,0.00613951
9841,0.00613995
9842,0.00613989
9843,0.00613995
9844,0.00613973
9845,0.00613995
9846,0.00613994
9847,0.00613995
9848,0.0061396
9849,0.00613995
9850,0.00613986
9851,0.00613995
9852,0.00613924
9853,0.00613995
9854,0.00613926
9855,0.00613995
9856,0.00613966
9857,0.00613995
9858,0.00613894
9859,0.00613995
9860,0.0061399
9861,0.00613995
9862,0.00613964
9863,0.00613995
9864,0.00613878
9865,0.00613995
9866,0.00613995
9867,0.00613995
9868,0.00613986
9869,0.00613995
9870,0.00613989
9871,0.00613995
9872,0.00613917
9873,0.00613995
9874,0.00613976
9875,0.00613995
9876,0.00613972
9877,0.00613995
9878,0.0061398
9879,0.00613995
9880,0.00613994
9881,0.00613995
9882,0.00613987
9883,0.00613995
9884,0.00613976
9885,0.00613995
9886,0.00613995
9887,0.00613995
9888,0.00613859
9889,0.00613995
9890,0.00613994
9891,0.00613995
9892,0.00613989
9893,0.00613995
9894,0.00613982
9895,0.00613995
9896,0.00613877
9897,0.00613995
9898,0.0061397
9899,0.00613995
9900,0.00613978
9901,0.00613995
9902,0.00613897
9903,0.00613995
9904,0.00613961
9905,0.00613995
9906,0.00613995
9907,0.00613995
9908,0.00613982
9909,0.00613995
9910,0.00613987
9911,0.00613995
9912,0.00613991
9913,0.00613995
9914,0.00613965
9915,0.00613995
9916,0.00613984
9917,0.00613995
9918,0.0061399
9919,0.00613995
9920,0.00613979
9921,0.00613995
9922,0.00613923
9923,0.00613995
9924,0.0061394
9925,0.00613995
9926,0.00613967
9927,0.00613995
9928,0.00613993
9929,0.00613995
9930,0.00613995
9931,0.00613995
9932,0.00613942
9933,0.00613995
9934,0.00613972
9935,0.00613995
9936,0.00613993
9937,0.00613995
9938,0.00613794
9939,0.00613995
9940,0.00613965
9941,0.00613995
9942,0.00613926
9943,0.00613995
9944,0.00613884
9945,0.00613995
9946,0.00613987
9947,0.00613995
9948,0.00613985
9949,0.00613995
9950,0.00613989
9951,0.00613995
9952,0.00613995
9953,0.00613995
9954,0.00613995
9955,0.00613995
9956,0.00613988
9957,0.00613995
9958,0.00613923
9959,0.00613995
9960,0.00613993
9961,0.00613995
9962,0.00613965
9963,0.00613995
9964,0.00613816
9965,0.00613995
9966,0.00613983
9967,0.00613995
9968,0.00613926
9969,0.00613995
9970,0.00613784
9971,0.00613995
9972,0.00613826
9973,0.00613995
9974,0.00613995
9975,0.00613995
9976,0.00613981
9977,0.00613995
9978,0.00613967
9979,0.00613995
9980,0.00613977
9981,0.00613995
9982,0.00613921
9983,0.00613995
9984,0.00613987
9985,0.00613995
9986,0.0061396
9987,0.00613995
9988,0.00613944
9989,0.00613995
9990,0.00613976
9991,0.00613995
9992,0.00613981
9993,0.00613995
9994,0.00613994
9995,0.00613995
9996,0.00613964
9997,0.00613995
9998,0.0061399
9999,0.00613995
